Country Name,Country Code,Region,occupational_group,occupancy_group,occupancy_category,Essential Workers,Vital Workers,Indoor Essential Workers,Indoor Vital Workers,Scaled ECA (L/s/person),Indoor Essential CADR Requirement (L/s),Indoor Vital CADR Requirement (L/s),Indoor Essential CADR Requirement COVID (L/s),Indoor Vital CADR Requirement COVID (L/s)
Afghanistan,AFG,Southern Asia,Food,Industrial,Manufacturing,3915114.2378857196,3915114.2378857196,18792.862405248485,18792.862405248485,416.278789762913,7823070.018237785,7823070.018237785,382434.7499468067,382434.7499468067
Afghanistan,AFG,Southern Asia,Health,Health care,Group treatment area,70317.74225803971,39138.39646898176,69760.15114507587,38744.802742183754,494.6359941082607,34505881.710787125,19164574.020908527,2180004.723283621,1210775.0856932423
Afghanistan,AFG,Southern Asia,Retail,Commercial/Retail,Retail,732954.9633438711,56381.15102645161,563811.5102645161,43370.116174193565,183.9890348898506,103735135.6333574,7979625.817950573,9077365.31525871,698258.8704045165
Afghanistan,AFG,Southern Asia,Security,Commercial/Retail,Office,148501.9599350239,118801.56794801912,148501.9599350239,118801.56794801912,173.44246952421238,25756546.660316188,20605237.328252953,1596396.0693015067,1277116.8554412054
Afghanistan,AFG,Southern Asia,Transport,Commercial/Retail,Transportation waiting,363154.49788483704,297126.4073603212,297126.4073603212,243103.42420389917,339.7263745961499,100941677.16930072,82588644.9567006,7903562.435784545,6466551.083823718
Afghanistan,AFG,Southern Asia,Manual,Industrial,Manufacturing,617543.934480906,273906.9897836198,451384.69250177534,188389.84891513473,416.278789762913,187901873.51214367,78422698.31001031,9185678.49241113,3833733.425422992
Afghanistan,AFG,Southern Asia,Cleaning,Commercial/Retail,Office,35891.56210884639,3759.7615382400522,26776.500475505283,2349.8509614000327,173.44246952421238,4644182.367687884,407563.95375906635,287847.3801116818,25260.897835050353
Afghanistan,AFG,Southern Asia,Tech,Commercial/Retail,Office,40833.105851036875,2401.9474030021693,40833.105851036875,2401.9474030021693,173.44246952421238,7082194.7171474015,416599.68924396485,438955.8878986464,25820.93458227332
Afghanistan,AFG,Southern Asia,ArmedForces,Correctional facilities,Dayroom,114292.76836116976,45717.107344467906,114292.76836116976,45717.107344467906,155.49262375916356,17771682.429176603,7108672.971670642,2085843.022591348,834337.2090365393
Angola,AGO,Middle Africa,Food,Industrial,Manufacturing,6959286.560660431,6938296.0837675035,52064.329971462714,31073.85307853508,416.278789762913,21673276.270337455,12935385.952803152,1059509.1149192662,632352.9101481889
Angola,AGO,Middle Africa,Health,Health care,Group treatment area,264872.27499709546,136509.17602992046,263423.8333648467,135486.7466424507,494.6359941082607,130298909.68822977,67016621.61398265,8231994.79265146,4233960.832576584
Angola,AGO,Middle Africa,Retail,Commercial/Retail,Retail,2885743.5230611335,209553.41499196825,2095534.1499196822,161194.93460920634,183.9890348898506,385555305.8224458,29658100.447880447,33738099.81370689,2595238.447208222
Angola,AGO,Middle Africa,Security,Commercial/Retail,Office,398023.88103302446,318419.1048264196,398023.88103302446,318419.1048264196,173.44246952421238,69034244.85597908,55227395.884783275,4278756.721105013,3423005.3768840106
Angola,AGO,Middle Africa,Transport,Commercial/Retail,Transportation waiting,588691.8188814803,481656.9427212112,481656.9427212112,394082.95313553646,339.7263745961499,163631566.94974253,133880372.95888026,12812074.676384218,10482606.55340527
Angola,AGO,Middle Africa,Manual,Industrial,Manufacturing,645336.0812504954,265070.3355397319,580864.741125293,249326.0209036968,416.278789762913,241801671.4515847,103789134.23819365,11820597.481899712,5073784.52539023
Angola,AGO,Middle Africa,Cleaning,Commercial/Retail,Office,303748.0539650806,15438.171904329616,240258.23505062584,9648.857440206011,173.44246952421238,41670981.61070923,1673521.662516401,2582776.026794228,103725.21748221462
Angola,AGO,Middle Africa,Tech,Commercial/Retail,Office,356223.9015986041,55095.88350259352,351232.991760904,53678.75846687566,173.44246952421238,60918717.46938854,9310176.429488638,3775754.661429718,577046.6535189133
Angola,AGO,Middle Africa,ArmedForces,Correctional facilities,Dayroom,64254.60740077747,25701.84296031099,64254.60740077747,25701.84296031099,155.49262375916356,9991117.493361859,3996446.9973447435,1172646.5850641888,469058.6340256756
Albania,ALB,Southern Europe,Food,Industrial,Manufacturing,446279.68945026794,442744.19934909383,3934.34492890282,398.85482772864555,416.278789762913,1637784.3455135198,166034.80497797573,80063.91930317238,8116.695744277938
Albania,ALB,Southern Europe,Health,Health care,Group treatment area,39647.72964371011,22094.75599026085,39014.207142839085,21647.563636704836,494.6359941082607,19297831.134443816,10707664.159463331,1219193.9732137213,676486.3636470261
Albania,ALB,Southern Europe,Retail,Commercial/Retail,Retail,99995.26038906735,7630.651496445978,76306.51496445978,5869.73192034306,183.9890348898506,14039562.044118898,1079966.3110860689,1228534.8909278025,94502.68391752327
Albania,ALB,Southern Europe,Security,Commercial/Retail,Office,28544.135732986062,22835.308586388852,28544.135732986062,22835.308586388852,173.44246952421238,4950765.391963417,3960612.3135707336,306849.45912960015,245479.56730368015
Albania,ALB,Southern Europe,Transport,Commercial/Retail,Transportation waiting,38966.110111066926,31881.362818145666,31881.362818145666,26084.751396664633,339.7263745961499,10830939.80739312,8861678.024230734,848044.2509626747,693854.3871512793
Albania,ALB,Southern Europe,Manual,Industrial,Manufacturing,77359.68499953067,32625.56218429696,66045.41948056011,28910.63968666488,416.278789762913,27493307.290751483,12034886.100036498,1344024.2864293985,588331.5176236304
Albania,ALB,Southern Europe,Cleaning,Commercial/Retail,Office,20215.1122122091,1025.2757317849225,15991.530400353482,640.7973323655767,173.44246952421238,2773610.524108825,111141.47179001314,171908.95180379992,6888.57132292995
Albania,ALB,Southern Europe,Tech,Commercial/Retail,Office,25335.103251918696,3215.069372992553,23555.17191749126,3137.0475296268937,173.44246952421238,4085467.1874370617,544097.2705533183,253218.09811303107,33723.260943489106
Albania,ALB,Southern Europe,ArmedForces,Correctional facilities,Dayroom,2371.3200779747167,948.5280311898867,2371.3200779747167,948.5280311898867,155.49262375916356,368722.78069707303,147489.1122788292,43276.59142303858,17310.636569215432
United Arab Emirates,ARE,Western Asia,Food,Industrial,Manufacturing,194676.46945088293,122265.81963422138,78437.3086784896,6026.658861828051,416.278789762913,32651787.928941682,2508770.257315716,1596199.2316072634,122642.50783820085
United Arab Emirates,ARE,Western Asia,Health,Health care,Group treatment area,166021.75221621804,90231.68005672067,164223.65718844344,88962.43650770329,494.6359941082607,81230931.92949994,44004023.22028084,5131989.287138858,2780076.140865728
United Arab Emirates,ARE,Western Asia,Retail,Commercial/Retail,Retail,322621.5647124631,24731.41024574864,247314.1024574864,19024.161727498955,183.9890348898506,45503083.02580255,3500237.1558309654,3981757.049565532,306289.0038127332
United Arab Emirates,ARE,Western Asia,Security,Commercial/Retail,Office,181137.6503174578,144910.12025396625,181137.6503174578,144910.12025396625,173.44246952421238,31416961.394873112,25133569.115898494,1947229.7409126712,1557783.7927301372
United Arab Emirates,ARE,Western Asia,Transport,Commercial/Retail,Transportation waiting,439071.4378344989,359240.2673191355,359240.2673191355,293923.8550792926,339.7263745961499,122043393.62528166,99853685.69341224,9555791.110689005,7818374.5451091835
United Arab Emirates,ARE,Western Asia,Manual,Industrial,Manufacturing,493301.77202343364,222818.28130801543,409555.28394013835,192739.88666463122,416.278789762913,170489177.939607,80233526.7597937,8334450.028181816,3922256.6936252457
United Arab Emirates,ARE,Western Asia,Cleaning,Commercial/Retail,Office,428172.8418597825,11110.064889117488,347552.31414222094,6943.79055569843,173.44246952421238,60280331.65368164,1204348.1818392386,3736187.377028875,74645.74847375813
United Arab Emirates,ARE,Western Asia,Tech,Commercial/Retail,Office,166405.48927737167,65530.871240042055,156353.23631619522,63209.14151339213,173.44246952421238,27118291.424783666,10963149.600588143,1680797.2903990988,679498.2712689654
United Arab Emirates,ARE,Western Asia,ArmedForces,Correctional facilities,Dayroom,15021.573143163912,6008.629257265565,15021.573143163912,6008.629257265565,155.49262375916356,2335743.8210207424,934297.5284082969,274143.7098627414,109657.48394509655
Argentina,ARG,South America,Food,Industrial,Manufacturing,53506.2994141099,53506.2994141099,2805.0017956141432,2805.0017956141432,416.278789762913,1167662.7527610534,1167662.7527610534,57081.78654074782,57081.78654074782
Argentina,ARG,South America,Health,Health care,Group treatment area,1022274.5739025815,608281.4250294513,993758.4097095454,588152.367952014,494.6359941082607,491548678.8901253,290921331.209072,31054950.303423297,18379761.498500437
Argentina,ARG,South America,Retail,Commercial/Retail,Retail,2956548.339380268,217922.40617628497,2179224.0617628493,167632.62013560385,183.9890348898506,400953331.9324868,30842563.99480669,35085507.39438188,2698885.1841832222
Argentina,ARG,South America,Security,Commercial/Retail,Office,504653.122522796,403722.49801823683,504653.122522796,403722.49801823683,173.44246952421238,87528283.82345866,70022627.05876693,5425021.067120057,4340016.853696046
Argentina,ARG,South America,Transport,Commercial/Retail,Transportation waiting,1195278.4436123224,977955.0902282641,977955.0902282641,800145.0738231251,339.7263745961499,332237137.32109886,271830385.08089906,26013605.400071826,21283858.963695128
Argentina,ARG,South America,Manual,Industrial,Manufacturing,1304227.7678665726,519543.2942507476,1060861.512910321,426364.8171663508,416.278789762913,441614146.70036125,177486630.08749416,21588531.78772503,8676524.02933524
Argentina,ARG,South America,Cleaning,Commercial/Retail,Office,968485.2383119828,6833.912751446803,801376.1046337803,4271.195469654252,173.44246952421238,138992650.60537648,740806.6900774615,8614793.124813138,45915.35129878321
Argentina,ARG,South America,Tech,Commercial/Retail,Office,768235.3620156373,126552.50538716179,742603.2419423779,123117.54446983141,173.44246952421238,128798940.15917219,21353810.954604596,7982984.850880562,1323513.6030506876
Argentina,ARG,South America,ArmedForces,Correctional facilities,Dayroom,23907.77176374496,9563.108705497983,23907.77176374496,9563.108705497983,155.49262375916356,3717482.1597799496,1486992.8639119796,436316.83468834555,174526.7338753382
Australia,AUS,Australia and New Zealand,Food,Industrial,Manufacturing,426490.0190527688,278732.655008007,160334.32972017405,12576.96567541225,416.278789762913,66743780.73336191,5235524.050250309,3262803.609805542,255941.2514946393
Australia,AUS,Australia and New Zealand,Health,Health care,Group treatment area,1200065.4611655923,602150.7493626438,1190057.7155936935,595086.4583707153,494.6359941082607,588645381.1988924,294351181.91656286,37189303.61230292,18596451.824084852
Australia,AUS,Australia and New Zealand,Retail,Commercial/Retail,Retail,628136.7183507488,48318.20910390376,483182.0910390377,37167.85315684905,183.9890348898506,88900206.60633247,6838477.431256344,7779231.665728508,598402.4358252698
Australia,AUS,Australia and New Zealand,Security,Commercial/Retail,Office,128315.44200142562,102652.35360114051,128315.44200142562,102652.35360114051,173.44246952421238,22255347.138818104,17804277.711054485,1379391.0015153254,1103512.8012122605
Australia,AUS,Australia and New Zealand,Transport,Commercial/Retail,Transportation waiting,415528.92230747885,339978.20916066447,339978.20916066447,278163.98931327095,339.7263745961499,115499564.4398441,94499643.63259973,9043420.363673676,7399162.115733008
Australia,AUS,Australia and New Zealand,Manual,Industrial,Manufacturing,562628.3950254442,292676.7936538585,474627.8640433703,256654.52181404512,416.278789762913,197577512.8317306,106839833.72792986,9658677.033282585,5222919.518915818
Australia,AUS,Australia and New Zealand,Cleaning,Commercial/Retail,Office,136214.10659405933,10763.301995445105,104542.33716551181,6727.06374715319,173.44246952421238,18132081.127819218,1166758.5489530512,1123830.124529252,72315.93528189679
Australia,AUS,Australia and New Zealand,Tech,Commercial/Retail,Office,220090.91861811373,59637.3790899458,205923.6958864873,57668.45982393814,173.44246952421238,35715914.34810525,10002160.085521657,2213679.730779738,619935.943107335
Australia,AUS,Australia and New Zealand,ArmedForces,Correctional facilities,Dayroom,2351.7956473549552,940.7182589419821,2351.7956473549552,940.7182589419821,155.49262375916356,365686.8757526026,146274.75030104103,42920.27056422793,17168.108225691172
Austria,AUT,Western Europe,Food,Industrial,Manufacturing,167301.2002177765,130216.28025039272,38409.86196860288,1324.9420012191197,416.278789762913,15989210.855250547,551545.2527735471,781640.6910610687,26962.569724809087
Austria,AUT,Western Europe,Health,Health care,Group treatment area,384653.81620436016,199689.20899143742,380119.2983644521,196488.3728691494,494.6359941082607,188020687.0262353,97190221.64484632,11878728.073889127,6140261.652160919
Austria,AUT,Western Europe,Retail,Commercial/Retail,Retail,284973.1330450875,21921.010234237496,219210.102342375,16862.31556479808,183.9890348898506,40332255.16807895,3102481.1667753044,3529282.6477122377,271483.2805932491
Austria,AUT,Western Europe,Security,Commercial/Retail,Office,42393.5096847768,33914.80774782144,42393.5096847768,33914.80774782144,173.44246952421238,7352835.011526302,5882268.0092210425,455730.2291113506,364584.1832890805
Austria,AUT,Western Europe,Transport,Commercial/Retail,Transportation waiting,146361.71273779342,119750.4922400128,119750.4922400128,97977.67546910142,339.7263745961499,40682400.58480393,33285600.478475958,3185363.0935843405,2606206.167478098
Austria,AUT,Western Europe,Manual,Industrial,Manufacturing,306664.4484154491,160435.94180504046,263289.1253326297,143292.6437320087,416.278789762913,109601678.45120302,59649688.31468884,5357933.700519015,2916005.299946377
Austria,AUT,Western Europe,Cleaning,Commercial/Retail,Office,96562.30306115409,3077.8342391757687,77903.72401831529,1923.6463994848552,173.44246952421238,13511814.278869303,333641.9820180129,837465.0331968893,20679.198794462194
Austria,AUT,Western Europe,Tech,Commercial/Retail,Office,214192.23163196212,92563.14759511921,203867.91727476238,89249.81541144154,173.44246952421238,35359355.02889263,15479708.389540529,2191580.1107036956,959435.5156729965
Austria,AUT,Western Europe,ArmedForces,Correctional facilities,Dayroom,4932.645001639944,1973.0580006559776,4932.645001639944,1973.0580006559776,155.49262375916356,766989.9133775185,306795.9653510074,90020.77127992897,36008.30851197159
Burundi,BDI,Eastern Africa,Food,Industrial,Manufacturing,4662438.537616631,4658804.429220011,31126.16049547204,27492.052098852164,416.278789762913,12957160.421021292,11444358.17580913,633417.3660828561,559463.2602116416
Burundi,BDI,Eastern Africa,Health,Health care,Group treatment area,19407.584912973438,11397.060723158704,18992.697900375977,11104.199302501676,494.6359941082607,9394472.006750347,5492536.660769172,593521.8093867493,347006.2282031774
Burundi,BDI,Eastern Africa,Retail,Commercial/Retail,Retail,183116.435798985,13478.646576470732,134786.4657647073,10368.189674208257,183.9890348898506,24799231.752262384,1907633.2117124917,2170062.0988117876,166927.85375475296
Burundi,BDI,Eastern Africa,Security,Commercial/Retail,Office,8010.818994440475,6408.655195552381,8010.818994440475,6408.655195552381,173.44246952421238,1389416.2293072238,1111532.9834457792,86116.30419023511,68893.04335218809
Burundi,BDI,Eastern Africa,Transport,Commercial/Retail,Transportation waiting,51947.30347864004,42502.3392097964,42502.3392097964,34774.641171651594,339.7263745961499,14439165.611599924,11813862.773127208,1130562.2229805843,925005.4551659324
Burundi,BDI,Eastern Africa,Manual,Industrial,Manufacturing,76306.38420884761,29071.23137799459,59305.20849403102,21750.016533293176,416.278789762913,24687500.41853246,9054070.55980263,1206860.9928535314,442612.83645251615
Burundi,BDI,Eastern Africa,Cleaning,Commercial/Retail,Office,70265.04933725769,3771.8903977059385,55410.9657829598,2357.4314985662113,173.44246952421238,9610614.74411818,408878.74084548844,595667.8821668179,25342.38860958677
Burundi,BDI,Eastern Africa,Tech,Commercial/Retail,Office,21662.213716726623,3812.4367983648935,21122.390382637714,3706.3727878849963,173.44246952421238,3663519.5502191586,642842.4493081135,227065.69661335542,39843.50746976371
Burundi,BDI,Eastern Africa,ArmedForces,Correctional facilities,Dayroom,6676.860727959128,2670.7442911836515,6676.860727959128,2670.7442911836515,155.49262375916356,1038202.5930648836,415281.0372259535,121852.70828525408,48741.08331410164
Belgium,BEL,Western Europe,Food,Industrial,Manufacturing,105522.74786403851,74292.43574147594,34589.18777617865,3358.8756536160968,416.278789762913,14398745.226349793,1398228.692051422,703889.9712452356,68353.11955108757
Belgium,BEL,Western Europe,Health,Health care,Group treatment area,475592.13459514215,253956.75033613195,468622.71259139176,249037.1583334846,494.6359941082607,231797661.30435282,123182742.38217948,14644459.768480992,7782411.197921394
Belgium,BEL,Western Europe,Retail,Commercial/Retail,Retail,256799.8185516235,19753.832196278734,197538.3219627873,15195.255535599026,183.9890348898506,36344885.21169381,2795760.4008995243,3180366.983600876,244643.61412314433
Belgium,BEL,Western Europe,Security,Commercial/Retail,Office,52849.166468065174,42279.33317445214,52849.166468065174,42279.33317445214,173.44246952421238,9166289.94451742,7333031.955613937,568128.5395317007,454502.83162536053
Belgium,BEL,Western Europe,Transport,Commercial/Retail,Transportation waiting,170462.3727175061,139469.21404159596,139469.21404159596,114111.17512494214,339.7263745961499,47381370.454125844,38766575.82610296,3709881.0935064526,3035357.258323461
Belgium,BEL,Western Europe,Manual,Industrial,Manufacturing,252568.4527900729,122748.49870622857,216370.70951256945,109579.7974943846,416.278789762913,90070537.09603521,45615745.48342751,4403143.938580789,2229948.8790107267
Belgium,BEL,Western Europe,Cleaning,Commercial/Retail,Office,166317.30927000675,5527.733686162785,133991.31298653662,3454.8335538517395,173.44246952421238,23239784.21917658,599214.8633751567,1440406.6146052687,37139.460703906196
Belgium,BEL,Western Europe,Tech,Commercial/Retail,Office,143530.8197065068,53417.745809315275,130280.67091177593,51522.861633256834,173.44246952421238,22596201.29420964,8936252.35862636,1400517.2123015912,553870.762557511
Belgium,BEL,Western Europe,ArmedForces,Correctional facilities,Dayroom,8738.21230226153,3495.2849209046126,8738.21230226153,3495.2849209046126,155.49262375916356,1358727.5578432467,543491.0231372986,159472.37451627295,63788.94980650918
Benin,BEN,Western Africa,Food,Industrial,Manufacturing,2528963.1584287803,2476271.03300024,58143.488526805595,5451.363098265595,416.278789762913,24203901.03653245,2269286.833104206,1183219.991520494,110935.23904970486
Benin,BEN,Western Africa,Health,Health care,Group treatment area,56548.009702798256,33651.3727396095,54854.67060975224,32456.0745562829,494.6359941082607,27133094.528535992,16053942.702998819,1714208.4565547574,1014252.3298838406
Benin,BEN,Western Africa,Retail,Commercial/Retail,Retail,1253068.4888527782,92394.96046652556,923949.6046652556,71073.04651271198,183.9890348898506,169996596.04921937,13076661.234555338,14875588.635110617,1144276.048854663
Benin,BEN,Western Africa,Security,Commercial/Retail,Office,22852.634818585084,18282.10785486807,22852.634818585084,18282.10785486807,173.44246952421238,3963617.4180703983,3170893.934456319,245665.82429978965,196532.65943983177
Benin,BEN,Western Africa,Transport,Commercial/Retail,Transportation waiting,193709.1703396582,158489.32118699307,158489.32118699307,129673.08097117615,339.7263745961499,53843002.49906193,44053365.68105067,4215815.943574016,3449303.9538332857
Benin,BEN,Western Africa,Manual,Industrial,Manufacturing,329284.547872395,90569.1567009893,304764.04647237976,83627.69906453513,416.278789762913,126866808.42877042,34812437.35724178,6201948.345712929,1701823.67596329
Benin,BEN,Western Africa,Cleaning,Commercial/Retail,Office,38089.26491386061,4329.491943506897,28133.144141961435,2705.9324646918103,173.44246952421238,4879481.99546242,469323.60904188623,302431.29952608544,29088.77399543696
Benin,BEN,Western Africa,Tech,Commercial/Retail,Office,151919.21498377802,11534.020902739909,148997.21098752224,11415.499876776494,173.44246952421238,25842444.225895967,1979932.4894814573,1601720.0181158641,122716.6236753473
Benin,BEN,Western Africa,ArmedForces,Correctional facilities,Dayroom,6297.301390418114,2518.9205561672466,6297.301390418114,2518.9205561672466,155.49262375916356,979183.9157983414,391673.5663193367,114925.75037513059,45970.30015005225
Burkina Faso,BFA,Western Africa,Food,Industrial,Manufacturing,3146728.6535991905,3079584.5499274386,68584.96837246911,1440.864700717076,416.278789762913,28550467.630019106,599801.4138266062,1395704.1063797465,29321.5966595925
Burkina Faso,BFA,Western Africa,Health,Health care,Group treatment area,57025.9152193831,35254.69483035786,55164.177539148295,33940.527056074476,494.6359941082607,27286187.796241205,16788206.34093972,1723880.5480983842,1060641.4705023274
Burkina Faso,BFA,Western Africa,Retail,Commercial/Retail,Retail,775089.656611612,59550.46972911825,595504.6972911825,45808.05363778327,183.9890348898506,109566334.52697729,8428179.578998253,9587625.62638804,737509.6635683107
Burkina Faso,BFA,Western Africa,Security,Commercial/Retail,Office,23303.347184495804,18642.67774759665,23303.347184495804,18642.67774759665,173.44246952421238,4041790.083859054,3233432.0670872442,250510.98223332988,200408.78578666397
Burkina Faso,BFA,Western Africa,Transport,Commercial/Retail,Transportation waiting,51663.85085583092,42270.423427498026,42270.423427498026,34584.891895225664,339.7263745961499,14360377.703668065,11749399.939364783,1124393.2631714477,919958.1244130027
Burkina Faso,BFA,Western Africa,Manual,Industrial,Manufacturing,273388.5956946749,131204.2246626588,225587.9831878356,107966.38367718781,416.278789762913,93907492.62648857,44944115.53221807,4590715.457872455,2197115.907830772
Burkina Faso,BFA,Western Africa,Cleaning,Commercial/Retail,Office,46072.349012398925,3501.6579784779206,35475.57586160084,2188.5362365486994,173.44246952421238,6152971.485229588,379585.12951023225,381362.440512209,23526.76454289852
Burkina Faso,BFA,Western Africa,Tech,Commercial/Retail,Office,77858.93622164626,46218.105465762426,75556.2189787526,44505.74398393701,173.44246952421238,13104657.207587015,7719186.144586394,812229.3540215904,478436.74782732286
Burkina Faso,BFA,Western Africa,ArmedForces,Correctional facilities,Dayroom,11436.695600766525,4574.67824030661,11436.695600766525,4574.67824030661,155.49262375916356,1778321.8060980705,711328.7224392281,208719.69471398907,83487.87788559563
Bangladesh,BGD,Southern Asia,Food,Industrial,Manufacturing,30983833.74757184,30965228.64039975,501998.51361683593,483393.40644474694,416.278789762913,208971333.71119767,201226422.21419117,10215669.752102612,9837055.8211506
Bangladesh,BGD,Southern Asia,Health,Health care,Group treatment area,520796.40441070014,288651.03325574094,511701.91768300853,282231.3955656057,494.6359941082607,253106186.7402383,139601806.91415516,15990684.927594017,8819731.111425178
Bangladesh,BGD,Southern Asia,Retail,Commercial/Retail,Retail,8445017.896844622,642774.1711463874,6427741.711463875,494441.6701126058,183.9890348898506,1182633994.013475,90971845.69334422,103486641.5545684,7960510.888812954
Bangladesh,BGD,Southern Asia,Security,Commercial/Retail,Office,532675.1674968449,426140.1339974759,532675.1674968449,426140.1339974759,173.44246952421238,92388496.50487624,73910797.203901,5726258.050591082,4581006.440472866
Bangladesh,BGD,Southern Asia,Transport,Commercial/Retail,Transportation waiting,5252068.931777276,4297147.307817772,4297147.307817772,3515847.79730545,339.7263745961499,1459854275.9905376,1194426225.8104398,114304118.38795274,93521551.40832497
Bangladesh,BGD,Southern Asia,Manual,Industrial,Manufacturing,5088113.71021363,1935032.2962803964,4182661.5211101146,1571712.0821961476,416.278789762913,1741153275.9956234,654270403.4323604,85117161.95459084,31984340.872691605
Bangladesh,BGD,Southern Asia,Cleaning,Commercial/Retail,Office,680267.3241782638,47922.136790334785,526954.3228232742,29951.335493959235,173.44246952421238,91396259.0769277,5194833.593620486,5664758.9703501975,321976.8565600618
Bangladesh,BGD,Southern Asia,Tech,Commercial/Retail,Office,501879.95901956316,117654.5438327707,458448.7555869024,113867.81916111222,173.44246952421238,79514484.31929441,19749515.754639734,4928324.122559201,1224079.0559819564
Bangladesh,BGD,Southern Asia,ArmedForces,Correctional facilities,Dayroom,113868.41808955722,45547.36723582289,113868.41808955722,45547.36723582289,155.49262375916356,17705699.092050657,7082279.636820262,2078098.6301344193,831239.4520537676
Bulgaria,BGR,Eastern Europe,Food,Industrial,Manufacturing,117751.92767530947,102009.9051957373,21858.471982365485,6116.449502793324,416.278789762913,9099218.262885645,2546148.196668776,444819.90484113764,124469.74738184416
Bulgaria,BGR,Eastern Europe,Health,Health care,Group treatment area,159246.44952666058,79520.04639575427,158414.0457419511,78932.4672536064,494.6359941082607,78357288.99628146,39042839.40740534,4950438.929435972,2466639.6016752003
Bulgaria,BGR,Eastern Europe,Retail,Commercial/Retail,Retail,265998.0779335023,20215.658943327133,202156.58943327138,15550.506879482411,183.9890348898506,37194595.78645137,2861122.752803951,3254721.0898756697,250363.16075966685
Bulgaria,BGR,Eastern Europe,Security,Commercial/Retail,Office,84722.64452237303,67778.11561789842,84722.64452237303,67778.11561789842,173.44246952421238,14694504.690582363,11755603.75246589,910768.42861551,728614.742892408
Bulgaria,BGR,Eastern Europe,Transport,Commercial/Retail,Transportation waiting,205157.55826771248,167856.18403721935,167856.18403721935,137336.877848634,339.7263745961499,57025172.856508665,46656959.60987072,4464974.495390035,3653160.9507736648
Bulgaria,BGR,Eastern Europe,Manual,Industrial,Manufacturing,227646.92880900548,118591.16689198521,193942.07952749598,103717.15876360088,416.278789762913,80733974.14980865,43175253.327759676,3946721.3183845435,2110644.180839278
Bulgaria,BGR,Eastern Europe,Cleaning,Commercial/Retail,Office,75774.41024792993,11656.172812776496,53431.86452929453,7285.108007985312,173.44246952421238,9267354.53524401,1263547.1236555881,574392.5436899161,78314.9110858421
Bulgaria,BGR,Eastern Europe,Tech,Commercial/Retail,Office,83482.85705031053,28790.1651064516,77751.12511108638,27789.560592728503,173.44246952421238,13485347.147552824,4819890.016195567,835824.5949441786,298737.7763718314
Bulgaria,BGR,Eastern Europe,ArmedForces,Correctional facilities,Dayroom,9927.797373575848,3971.11894943034,9927.797373575848,3971.11894943034,155.49262375916356,1543699.2617666414,617479.7047066567,181182.3020677592,72472.9208271037
Bahamas,BHS,Caribbean,Food,Industrial,Manufacturing,9362.416450364322,5800.771335431638,3827.674877159161,266.0297622264773,416.278789762913,1593379.8654697223,110742.54746055348,77893.18375018894,5413.705661308813
Bahamas,BHS,Caribbean,Health,Health care,Group treatment area,7601.084991086465,4106.759902420913,7471.356448570823,4015.186813586341,494.6359941082607,3695601.8242759933,1986055.9210686595,233479.88901783823,125474.58792457316
Bahamas,BHS,Caribbean,Retail,Commercial/Retail,Retail,19561.026303986207,1504.6943310758625,15046.943310758625,1157.4571777506633,183.9890348898506,2768472.5777887725,212959.42906067477,242255.78730321387,18635.06056178568
Bahamas,BHS,Caribbean,Security,Commercial/Retail,Office,15802.387822454788,12641.910257963835,15802.387822454788,12641.910257963835,173.44246952421238,2740805.1683058995,2192644.1346447202,169875.66909138896,135900.53527311122
Bahamas,BHS,Caribbean,Transport,Commercial/Retail,Transportation waiting,9202.053503956411,7528.952866873428,7528.952866873428,6160.052345623714,339.7263745961499,2557783.8619681993,2092732.250701254,200270.1462588332,163857.3923935908
Bahamas,BHS,Caribbean,Manual,Industrial,Manufacturing,12828.660610582936,6126.845453872341,10721.819663221198,5333.225317322173,416.278789762913,4463266.113461924,2220108.580627802,218189.0301465514,108531.13520750623
Bahamas,BHS,Caribbean,Cleaning,Commercial/Retail,Office,9521.817771516806,773.179100541473,7290.532225812777,483.23693783842054,173.44246952421238,1264487.9133908208,83813.80786401397,78373.22142748735,5194.797081763021
Bahamas,BHS,Caribbean,Tech,Commercial/Retail,Office,10255.881116618057,1737.180143727664,9815.797351786332,1688.960462448287,173.44246952421238,1702476.1330430454,292937.4735357867,105519.82153170307,18156.324971319085
Bahamas,BHS,Caribbean,ArmedForces,Correctional facilities,Dayroom,324.22273899929587,129.68909559971837,324.22273899929587,129.68909559971837,155.49262375916356,50414.244369383,20165.697747753202,5917.064986737149,2366.82599469486
Bosnia and Herzegovina,BIH,Southern Europe,Food,Industrial,Manufacturing,185329.53958491143,184047.25679763337,5409.2735677111,4126.990780433063,416.278789762913,2251765.8542632917,1717978.7274413754,110078.7171029209,83984.26238181285
Bosnia and Herzegovina,BIH,Southern Europe,Health,Health care,Group treatment area,54763.75090397795,33228.35856650498,53226.47720849339,32143.224193221766,494.6359941082607,26327731.46690381,15899195.652658945,1663327.4127654184,1004475.7560381802
Bosnia and Herzegovina,BIH,Southern Europe,Retail,Commercial/Retail,Retail,118657.1244513932,9127.471111645631,91274.71111645631,7021.131624342793,183.9890348898506,16793546.00816671,1291811.2313974395,1469522.8489749467,113040.21915191898
Bosnia and Herzegovina,BIH,Southern Europe,Security,Commercial/Retail,Office,33973.01319789224,27178.410558313797,33973.01319789224,27178.410558313797,173.44246952421238,5892363.30622109,4713890.644976873,365209.8918773416,292167.9135018733
Bosnia and Herzegovina,BIH,Southern Europe,Transport,Commercial/Retail,Transportation waiting,77525.60261887709,63430.038506353994,63430.038506353994,51897.304232471455,339.7263745961499,21548857.02225783,17630883.018210955,1687239.0242690162,1380468.2925837408
Bosnia and Herzegovina,BIH,Southern Europe,Manual,Industrial,Manufacturing,109863.39872778232,55605.07515935122,96506.46123504317,50362.041862901286,416.278789762913,40173592.88722525,20964649.836677708,1963906.4861331286,1024867.5519100412
Bosnia and Herzegovina,BIH,Southern Europe,Cleaning,Commercial/Retail,Office,28538.887456343193,3554.773561774478,20820.094912140597,2221.7334761090488,173.44246952421238,3611088.677290155,385342.94072096614,223816.02030551143,23883.634868172274
Bosnia and Herzegovina,BIH,Southern Europe,Tech,Commercial/Retail,Office,36763.07205319601,12215.568929773724,35018.09398609889,11797.134705480159,173.44246952421238,6073624.698979962,2046124.1766282707,376444.51035056304,126819.1980839117
Bosnia and Herzegovina,BIH,Southern Europe,ArmedForces,Correctional facilities,Dayroom,3305.611005626736,1322.2444022506945,3305.611005626736,1322.2444022506945,155.49262375916356,513998.1283920684,205599.25135682736,60327.40085268793,24130.960341075173
Belarus,BLR,Eastern Europe,Food,Industrial,Manufacturing,154295.24001019975,139711.70781391635,18515.17778324746,3931.645586964028,416.278789762913,7707475.799855428,1636660.6667180832,376783.8678890859,80008.98769471797
Belarus,BLR,Eastern Europe,Health,Health care,Group treatment area,309101.975658291,176767.23886452118,300832.78665958054,170930.16427719616,494.6359941082607,148802724.48971993,84548211.73033924,9401024.583111892,5341567.63366238
Belarus,BLR,Eastern Europe,Retail,Commercial/Retail,Retail,275396.3806511205,21184.336973163117,211843.36973163116,16295.643825510093,183.9890348898506,38976857.1447366,2998219.7803643546,3410678.252679262,262359.8655907125
Belarus,BLR,Eastern Europe,Security,Commercial/Retail,Office,134349.0296078933,107479.22368631462,134349.0296078933,107479.22368631462,173.44246952421238,23301827.473374538,18641461.978699632,1444252.068284853,1155401.6546278822
Belarus,BLR,Eastern Europe,Transport,Commercial/Retail,Transportation waiting,441037.0142069599,360848.46616933093,360848.46616933093,295239.6541385435,339.7263745961499,122589741.19028825,100300697.33750859,9598569.200104203,7853374.800085259
Belarus,BLR,Eastern Europe,Manual,Industrial,Manufacturing,475629.2122043085,253935.57298357988,420265.01811376493,232429.64344754876,416.278789762913,174947413.12008676,96755530.67937098,8552393.118615117,4729943.244157618
Belarus,BLR,Eastern Europe,Cleaning,Commercial/Retail,Office,98869.49344581713,8233.894093904546,75529.66612659383,5146.18380869034,173.44246952421238,13100051.815335687,892566.8284047695,811943.9108608837,55321.47594342115
Belarus,BLR,Eastern Europe,Tech,Commercial/Retail,Office,120805.76606014598,42510.943552992634,114367.13720128118,41036.07018829709,173.44246952421238,19836118.708604626,7117397.353027158,1229446.7249137727,441137.7545241937
Belarus,BLR,Eastern Europe,ArmedForces,Correctional facilities,Dayroom,8514.642355841232,3405.8569423364934,8514.642355841232,3405.8569423364934,155.49262375916356,1323964.0802806588,529585.6321122636,155392.22299410249,62156.889197641
Belize,BLZ,Central America,Food,Industrial,Manufacturing,30621.1079541077,27953.42695059221,5084.640108204337,2416.9591046888468,416.278789762913,2116627.830623268,1006128.8110063268,103472.42620195825,49185.11778041803
Belize,BLZ,Central America,Health,Health care,Group treatment area,9009.911835610292,4034.633417979094,8949.957958524217,3992.313034153628,494.6359941082607,4426971.352041766,1974741.7264399463,279686.1862038818,124759.78231730088
Belize,BLZ,Central America,Retail,Commercial/Retail,Retail,20942.66590839965,1579.6164882321166,15796.164882321164,1215.0896063323974,183.9890348898506,2906321.1316592214,223563.16397378626,254318.25460537075,19562.942661951598
Belize,BLZ,Central America,Security,Commercial/Retail,Office,7955.232659683529,6364.186127746823,7955.232659683529,6364.186127746823,173.44246952421238,1379775.1981351795,1103820.1585081436,85518.75109159794,68415.00087327835
Belize,BLZ,Central America,Transport,Commercial/Retail,Transportation waiting,7989.360499403931,6536.749499512307,6536.749499512307,5348.24959051007,339.7263745961499,2220706.2091125133,1816941.4438193296,173877.53668702737,142263.4391075679
Belize,BLZ,Central America,Manual,Industrial,Manufacturing,12130.596144252566,5237.1559453590535,9761.432387858536,4209.152250810049,416.278789762913,4063477.2607702534,1752180.8048950483,198645.14909292123,85656.2483039845
Belize,BLZ,Central America,Cleaning,Commercial/Retail,Office,6199.328412993609,593.9744323093093,4671.128317236917,371.2340201933183,173.44246952421238,810172.0308060494,64387.74523373046,50214.62941029685,3990.7657170781717
Belize,BLZ,Central America,Tech,Commercial/Retail,Office,6448.432113301374,1078.1777668823909,6217.546863407387,1048.6281463698047,173.44246952421238,1078386.682371898,181876.65531897618,66838.6287816294,11272.7525734754
Belize,BLZ,Central America,ArmedForces,Correctional facilities,Dayroom,533.8019828237884,213.52079312951543,533.8019828237884,213.52079312951543,155.49262375916356,83002.27087711482,33200.90835084594,9741.886186534139,3896.7544746136564
Bolivia,BOL,South America,Food,Industrial,Manufacturing,1484066.2461926262,1392378.4388072502,98807.32787515102,7119.520489774946,416.278789762913,41131394.867575206,2963705.373175776,2010729.1222593235,144882.24196692018
Bolivia,BOL,South America,Health,Health care,Group treatment area,194557.2575162103,108744.77931132457,190700.77006578146,106022.55287572775,494.6359941082607,94327464.97869866,52442570.83958123,5959399.06455567,3313204.777366492
Bolivia,BOL,South America,Retail,Commercial/Retail,Retail,880970.3139792638,67639.33384555574,676393.3384555575,52030.25680427365,183.9890348898506,124448957.54836208,9572996.73448939,10889932.749134475,837687.1345488059
Bolivia,BOL,South America,Security,Commercial/Retail,Office,43472.934392153955,34778.347513723165,43472.934392153955,34778.347513723165,173.44246952421238,7540053.098439246,6032042.478751398,467334.04471565504,373867.235772524
Bolivia,BOL,South America,Transport,Commercial/Retail,Transportation waiting,423788.45149964496,346736.0057724368,346736.0057724368,283693.0956319938,339.7263745961499,117795366.18301967,96378026.8770161,9223177.75354682,7546236.343811035
Bolivia,BOL,South America,Manual,Industrial,Manufacturing,493674.5399471258,182639.0459509314,431479.7304678846,163417.8480002364,416.278789762913,179615860.00639892,68027383.99119808,8780612.515021453,3325553.206804811
Bolivia,BOL,South America,Cleaning,Commercial/Retail,Office,138193.5696988695,7425.819752892797,108973.12495498057,4641.137345557997,173.44246952421238,18900567.903962404,804970.3226146268,1171461.093266041,49892.22646474847
Bolivia,BOL,South America,Tech,Commercial/Retail,Office,191785.15534278058,34283.813043640774,182207.30575030882,33302.88378516295,173.44246952421238,31602485.074686784,5776134.405976512,1958728.5368158198,358006.0006905017
Bolivia,BOL,South America,ArmedForces,Correctional facilities,Dayroom,7555.531431324862,3022.2125725299447,7555.531431324862,3022.2125725299447,155.49262375916356,1174829.4061515313,469931.7624606125,137888.44862167872,55155.37944867149
Brazil,BRA,South America,Food,Industrial,Manufacturing,6412755.517212726,5680832.273963518,1043811.8670319098,311888.62378270243,416.278789762913,434516740.7482101,129832618.84908386,21241571.494099364,6346933.493977995
Brazil,BRA,South America,Health,Health care,Group treatment area,5594000.968453916,3050230.267505642,5485523.880666333,2973658.2055379367,494.6359941082607,2713337557.917996,1470878382.634444,171422621.2708229,92926818.92306052
Brazil,BRA,South America,Retail,Commercial/Retail,Retail,10241405.301454332,770894.4171183566,7708944.171183565,592995.7054756589,183.9890348898506,1418361198.0758033,109104707.54429257,124114001.1560554,9547230.858158108
Brazil,BRA,South America,Security,Commercial/Retail,Office,1354440.7987694873,1083552.63901559,1354440.7987694873,1083552.63901559,173.44246952421238,234917556.9629267,187934045.57034138,14560238.58677199,11648190.869417593
Brazil,BRA,South America,Transport,Commercial/Retail,Transportation waiting,5610995.248495312,4590814.294223439,4590814.294223439,3756120.786182814,339.7263745961499,1559620696.6207116,1276053297.2351277,122115660.22634348,99912812.91246285
Brazil,BRA,South America,Manual,Industrial,Manufacturing,6362458.4866201095,3022295.567040623,5321525.712992344,2585770.556799837,416.278789762913,2215238283.4966755,1076401437.98921,108293048.25939421,52620430.830876686
Brazil,BRA,South America,Cleaning,Commercial/Retail,Office,3652042.820235047,99957.90175150453,2960070.7654029517,62473.688594690335,173.44246952421238,513401983.51791346,10835590.830149714,31820760.728081733,671592.1523929212
Brazil,BRA,South America,Tech,Commercial/Retail,Office,2387148.216962975,576223.2689609638,2334417.750104592,558180.4510068658,173.44246952421238,404887179.47929615,96812195.86276945,25094990.813624367,6000439.848323808
Brazil,BRA,South America,ArmedForces,Correctional facilities,Dayroom,347588.4500774883,139035.38003099532,347588.4500774883,139035.38003099532,155.49262375916356,54047440.0909297,21618976.03637188,6343489.213914162,2537395.6855656644
Barbados,BRB,Caribbean,Food,Industrial,Manufacturing,4552.171306740807,3872.648844919097,717.4484839964299,37.92602217471992,416.278789762913,298658.5866352705,15787.79861141381,14600.07664932735,771.7945512555503
Barbados,BRB,Caribbean,Health,Health care,Group treatment area,6685.5245535006,3557.627728273025,6616.320548885636,3508.7778426624614,494.6359941082607,3272670.2920369594,1735567.816310385,206760.01715267613,109649.30758320192
Barbados,BRB,Caribbean,Retail,Commercial/Retail,Retail,11643.30032907304,792.5263690953888,7925.263690953888,609.6356685349144,183.9890348898506,1458161.6177461809,112166.27828816776,127596.7454243576,9815.134263412123
Barbados,BRB,Caribbean,Security,Commercial/Retail,Office,5434.9353796994565,4347.9483037595655,5434.9353796994565,4347.9483037595655,173.44246952421238,942648.6139595866,754118.8911676693,58425.55533176916,46740.44426541533
Barbados,BRB,Caribbean,Transport,Commercial/Retail,Transportation waiting,4974.838824078386,4070.3226742459524,4070.3226742459524,3330.264006201234,339.7263745961499,1382795.965558083,1131378.5172747956,108270.58313494234,88585.02256495283
Barbados,BRB,Caribbean,Manual,Industrial,Manufacturing,7406.2687534625475,3152.008499343671,6010.160080704256,2632.424445855587,416.278789762913,2501902.164676939,1095822.4624630706,122306.75764233162,53569.83747316119
Barbados,BRB,Caribbean,Cleaning,Commercial/Retail,Office,4897.269500224249,944.8752450101963,3293.661879345045,590.5470281313726,173.44246952421238,571260.850131363,102425.93492928978,35406.865202959234,6348.380552412255
Barbados,BRB,Caribbean,Tech,Commercial/Retail,Office,6165.8028193161035,1152.4511822488378,5467.317823873799,1117.2161850548998,173.44246952421238,948265.1050464145,193772.73412834128,58773.66660664334,12010.073989340173
Barbados,BRB,Caribbean,ArmedForces,Correctional facilities,Dayroom,259.61863452288003,103.84745380915201,259.61863452288003,103.84745380915201,155.49262375916356,40368.78265873398,16147.513063493592,4738.0400800425605,1895.2160320170242
Brunei Darussalam,BRN,South-eastern Asia,Food,Industrial,Manufacturing,5772.216942479324,3330.0588483867427,2704.7928155893,262.6347214967195,416.278789762913,1125947.8798329358,109329.26401437412,55042.53379724226,5344.616582458242
Brunei Darussalam,BRN,South-eastern Asia,Health,Health care,Group treatment area,7287.289527288374,4233.575272388301,7113.373851955816,4110.8112662712,494.6359941082607,3518530.7467258726,2033355.2172834931,222292.93287361923,128462.852070975
Brunei Darussalam,BRN,South-eastern Asia,Retail,Commercial/Retail,Retail,15023.62172579331,1155.6632096764085,11556.632096764086,888.9716997510835,183.9890348898506,2126293.5860606944,163561.04508159187,186061.7767579018,14312.444365992445
Brunei Darussalam,BRN,South-eastern Asia,Security,Commercial/Retail,Office,9593.97449148592,7675.179593188737,9593.97449148592,7675.179593188737,173.44246952421238,1664002.6283556176,1331202.1026844943,103135.22578347364,82508.18062677892
Brunei Darussalam,BRN,South-eastern Asia,Transport,Commercial/Retail,Transportation waiting,5706.646071349705,4669.074058377032,4669.074058377032,3820.1515023084808,339.7263745961499,1586207.6025733615,1297806.2202872958,124197.36995282906,101616.0299614056
Brunei Darussalam,BRN,South-eastern Asia,Manual,Industrial,Manufacturing,10887.93537204776,5505.438682894393,8459.046676723123,4369.418615642935,416.278789762913,3521321.7131342925,1818896.2932873836,172141.59987131556,88917.66882833373
Brunei Darussalam,BRN,South-eastern Asia,Cleaning,Commercial/Retail,Office,6453.5219683010355,316.25294046614556,5114.390856529074,197.658087791341,173.44246952421238,887052.5802684544,34282.30686796376,54979.70170768754,2124.8244437569156
Brunei Darussalam,BRN,South-eastern Asia,Tech,Commercial/Retail,Office,9862.88845687716,4018.265159148829,8812.84985619791,3873.2544367037076,173.44246952421238,1528522.4426050656,671786.8145975032,94738.13595412753,41637.485194564855
Brunei Darussalam,BRN,South-eastern Asia,ArmedForces,Correctional facilities,Dayroom,2950.000944635504,1180.0003778542014,2950.000944635504,1180.0003778542014,155.49262375916356,458703.3869733855,183481.35478935417,53837.517239597946,21535.006895839175
Bhutan,BTN,Southern Asia,Food,Industrial,Manufacturing,153859.35387312702,152348.9667159665,1791.6951220276867,281.3079648671497,416.278789762913,745844.6770218001,117102.53916556512,36460.99573326343,5724.617085046496
Bhutan,BTN,Southern Asia,Health,Health care,Group treatment area,4687.6969504123845,2750.8740781263446,4574.978249118675,2671.3079360366673,494.6359941082607,2262948.914276486,1321325.056510783,142968.0702849586,83478.37300114585
Bhutan,BTN,Southern Asia,Retail,Commercial/Retail,Retail,10806.618855247307,818.7338565488525,8187.338565488525,629.7952742683481,183.9890348898506,1506380.5209806876,115875.42469082211,131816.15090436526,10139.703915720405
Bhutan,BTN,Southern Asia,Security,Commercial/Retail,Office,8491.620125250232,6793.2961002001875,8491.620125250232,6793.2961002001875,173.44246952421238,1472807.564784902,1178246.0518279218,91284.91634644,73027.93307715202
Bhutan,BTN,Southern Asia,Transport,Commercial/Retail,Transportation waiting,23363.64835877166,19115.712293540448,19115.712293540448,15640.128240169459,339.7263745961499,6494111.63530755,5313364.065251633,508477.94700817595,416027.4111885076
Bhutan,BTN,Southern Asia,Manual,Industrial,Manufacturing,16165.341712153722,5589.439825986416,13429.444484548656,4503.211511965184,416.278789762913,5590392.897216141,1874591.4382472846,273289.19526056515,91640.35426849152
Bhutan,BTN,Southern Asia,Cleaning,Commercial/Retail,Office,2349.1172163797405,156.26945321607326,1827.3731359697229,97.6684082600458,173.44246952421238,316944.1094447931,16939.849923121325,19644.261211674522,1049.9353887954924
Bhutan,BTN,Southern Asia,Tech,Commercial/Retail,Office,6631.894388568542,2447.909297178964,6378.841611253303,2362.696594140066,173.44246952421238,1106362.041759579,409791.93202409876,68572.54732097301,25398.98838700571
Bhutan,BTN,Southern Asia,ArmedForces,Correctional facilities,Dayroom,1460.2223081027523,584.088923241101,1460.2223081027523,584.088923241101,155.49262375916356,227053.7979585587,90821.51918342349,26649.05712287523,10659.622849150093
Botswana,BWA,Southern Africa,Food,Industrial,Manufacturing,242516.93400158006,239101.44639681923,14897.982178680053,11482.494573919193,416.278789762913,6201713.991250378,4779918.944690297,303173.9373361391,233668.7645792556
Botswana,BWA,Southern Africa,Health,Health care,Group treatment area,35542.96741510746,19788.022864348204,34673.234947881385,19174.09406395333,494.6359941082607,17150630.037394598,9484197.078448856,1083538.5921212933,599190.4394985415
Botswana,BWA,Southern Africa,Retail,Commercial/Retail,Retail,76889.67084026105,5914.590064635465,59145.900646354654,4549.684665104204,183.9890348898506,10882197.177613784,837092.0905856756,952249.00040631,73249.9231081777
Botswana,BWA,Southern Africa,Security,Commercial/Retail,Office,58951.937300959486,47161.54984076759,58951.937300959486,47161.54984076759,173.44246952421238,10224769.588714944,8179815.670971956,633733.3259853144,506986.6607882516
Botswana,BWA,Southern Africa,Transport,Commercial/Retail,Transportation waiting,33318.45008059192,27260.550065938853,27260.550065938853,22304.086417586335,339.7263745961499,9261127.843398241,7577286.417325835,725130.6317539735,593288.6987077965
Botswana,BWA,Southern Africa,Manual,Industrial,Manufacturing,47385.89006459305,21374.324577367322,38496.39335745207,17569.5330798054,416.278789762913,16025232.03707719,7313823.967160856,783401.6048241497,357539.9981740399
Botswana,BWA,Southern Africa,Cleaning,Commercial/Retail,Office,81550.02607319638,8888.806475269032,60551.016331606115,5555.504047043145,173.44246952421238,10502117.80475468,963560.3413709193,650923.4255647657,59721.66850571381
Botswana,BWA,Southern Africa,Tech,Commercial/Retail,Office,18200.079325600804,3921.8994466595245,17293.757915053837,3801.488665435206,173.44246952421238,2999472.080140832,659339.5820013845,185907.89758682874,40866.003153428464
Botswana,BWA,Southern Africa,ArmedForces,Correctional facilities,Dayroom,2309.2347380853225,923.6938952341291,2309.2347380853225,923.6938952341291,155.49262375916356,359068.9683006917,143627.58732027668,42143.533970057135,16857.413588022857
Switzerland,CHE,Western Europe,Food,Industrial,Manufacturing,147413.89711101344,117995.69994708705,33325.423789643435,3907.226625717069,416.278789762913,13872667.083488958,1626495.5710829317,678172.3741192439,79512.06183334236
Switzerland,CHE,Western Europe,Health,Health care,Group treatment area,507024.55710232974,277674.07058499655,498421.48960009,271601.3170540038,494.6359941082607,246537208.99326065,134343787.4621201,15575671.550002813,8487541.15793762
Switzerland,CHE,Western Europe,Retail,Commercial/Retail,Retail,167872.2662225028,12913.251247884833,129132.51247884832,9933.27019068064,183.9890348898506,23758966.34388489,1827612.795683453,2079033.450909458,159925.65006995833
Switzerland,CHE,Western Europe,Security,Commercial/Retail,Office,38898.53852495476,31118.83081996381,38898.53852495476,31118.83081996381,173.44246952421238,6746658.582650867,5397326.866120694,418159.2891432637,334527.43131461093
Switzerland,CHE,Western Europe,Transport,Commercial/Retail,Transportation waiting,99385.00026118924,81315.00021370027,81315.00021370027,66530.45472030024,339.7263745961499,27624850.22288555,22602150.18236091,2162979.0056844275,1769710.0955599865
Switzerland,CHE,Western Europe,Manual,Industrial,Manufacturing,271228.98296884296,138863.463241818,235660.48758140582,124895.65840539787,416.278789762913,98100462.5653256,51991413.52764122,4795690.922281609,2541626.648549847
Switzerland,CHE,Western Europe,Cleaning,Commercial/Retail,Office,81592.26957943707,1870.3069321059427,66434.96887277593,1168.941832566214,173.44246952421238,11522645.064058438,202744.15817044256,714175.9153823412,12566.1247000868
Switzerland,CHE,Western Europe,Tech,Commercial/Retail,Office,268988.72345202503,111883.90636853884,245079.0050461315,107855.1303616671,173.44246952421238,42507107.863737956,18706660.160783403,2634599.3042459134,1159442.6513879213
Switzerland,CHE,Western Europe,ArmedForces,Correctional facilities,Dayroom,2460.578195967527,984.2312783870109,2460.578195967527,984.2312783870109,155.49262375916356,382601.7596555801,153040.70386223207,44905.552076407366,17962.22083056295
Chile,CHL,South America,Food,Industrial,Manufacturing,655381.6716268455,562215.9866290741,144593.9033829081,51428.21838513667,416.278789762913,60191375.10733255,21408476.509027485,2942485.93384218,1046564.2441375314
Chile,CHL,South America,Health,Health care,Group treatment area,547933.1262816628,302455.8573402904,537606.5682295874,295166.52224470774,494.6359941082607,265919559.31537247,145999986.15798905,16800205.257174607,9223953.820147118
Chile,CHL,South America,Retail,Commercial/Retail,Retail,1058367.429019201,76949.38859792387,769493.8859792387,59191.83738301836,183.9890348898506,141578437.43496084,10890649.033458527,12388851.564265743,952988.5818665958
Chile,CHL,South America,Security,Commercial/Retail,Office,226750.25237507708,181400.2019000617,226750.25237507708,181400.2019000617,173.44246952421238,39328123.73717178,31462498.98973742,2437565.2130320785,1950052.1704256632
Chile,CHL,South America,Transport,Commercial/Retail,Transportation waiting,608359.5152002628,497748.6942547606,497748.6942547606,407248.9316629859,339.7263745961499,169098359.3591373,138353203.11202142,13240115.267176632,10832821.582235426
Chile,CHL,South America,Manual,Industrial,Manufacturing,648148.4028641455,301758.8589958883,551637.4493161945,263738.67869483575,416.278789762913,229634969.7892457,109788817.98075598,11225822.09358456,5367082.111439908
Chile,CHL,South America,Cleaning,Commercial/Retail,Office,326975.8244082479,12377.908352484572,262164.9300464695,7736.192720302856,173.44246952421238,45470532.889902055,1341784.370124562,2818272.997999547,83164.0717432557
Chile,CHL,South America,Tech,Commercial/Retail,Office,239613.56264135797,71769.0538505821,226577.21637743912,69355.76645286429,173.44246952421238,39298111.94642486,12029235.409329306,2435705.0760574704,745574.4893682911
Chile,CHL,South America,ArmedForces,Correctional facilities,Dayroom,9907.210705516994,3962.8842822067986,9907.210705516994,3962.8842822067986,155.49262375916356,1540498.1867357115,616199.2746942847,180806.59537568514,72322.63815027407
Côte d'Ivoire,CIV,Western Africa,Food,Industrial,Manufacturing,5084869.47999441,5084869.47999441,8190.098440474435,8190.098440474435,416.278789762913,3409364.266839819,3409364.266839819,166668.50326365477,166668.50326365477
Côte d'Ivoire,CIV,Western Africa,Health,Health care,Group treatment area,145967.74302343946,89723.9890021,140393.1565606103,85788.98679304415,494.6359941082607,69443508.56135416,42434320.765917845,4387286.142519073,2680905.8372826297
Côte d'Ivoire,CIV,Western Africa,Retail,Commercial/Retail,Retail,2790219.862712653,209580.902997001,2095809.029970009,161216.07922846227,183.9890348898506,385605880.73761594,29661990.82597046,33742525.38251715,2595578.875578243
Côte d'Ivoire,CIV,Western Africa,Security,Commercial/Retail,Office,82200.34830632123,65760.27864505698,82200.34830632123,65760.27864505698,173.44246952421238,14257031.405998765,11405625.124799011,883653.7442929533,706922.9954343626
Côte d'Ivoire,CIV,Western Africa,Transport,Commercial/Retail,Transportation waiting,471204.5839517632,385531.0232332609,385531.0232332609,315434.47355448623,339.7263745961499,130975056.81737977,107161410.12331073,10255125.21800474,8390556.996549334
Côte d'Ivoire,CIV,Western Africa,Manual,Industrial,Manufacturing,725042.7653739924,332055.7974508369,632310.9207217733,295736.46198001277,416.278789762913,263217624.83193302,123108816.48180544,12867527.236688087,6018237.001293261
Côte d'Ivoire,CIV,Western Africa,Cleaning,Commercial/Retail,Office,278097.1543567308,31854.678564243306,205202.06316040625,19909.174102652065,173.44246952421238,35590752.586004265,3453096.3225514693,2205922.178974367,214023.6216035097
Côte d'Ivoire,CIV,Western Africa,Tech,Commercial/Retail,Office,206985.32390911863,35013.60979307005,203864.5136818038,34066.58107332052,173.44246952421238,35358764.701324634,5908591.949603505,2191543.522079391,366215.7465381956
Côte d'Ivoire,CIV,Western Africa,ArmedForces,Correctional facilities,Dayroom,17900.181560523062,7160.072624209226,17900.181560523062,7160.072624209226,155.49262375916356,2783346.1966111297,1113338.478644452,326678.3134795459,130671.32539181838
DR Congo,COD,Middle Africa,Food,Industrial,Manufacturing,25495251.70796494,25480123.436824128,18540.409115850052,3412.137975038002,416.278789762913,7717979.068455339,1420400.666752896,377297.3255075486,69437.00779202335
DR Congo,COD,Middle Africa,Health,Health care,Group treatment area,450024.3050712877,267090.02116939385,439376.4688598379,259573.90149072334,494.6359941082607,217331416.4622632,128394594.80842368,13730514.651869934,8111684.421585104
DR Congo,COD,Middle Africa,Retail,Commercial/Retail,Retail,2641601.4016966606,195029.3275207196,1950293.275207196,150022.55963132277,183.9890348898506,358832577.4575377,27602505.958272137,31399721.730835855,2415363.210064297
DR Congo,COD,Middle Africa,Security,Commercial/Retail,Office,157449.23873667282,125959.39098933831,157449.23873667282,125959.39098933831,173.44246952421238,27308384.791195817,21846707.83295666,1692579.3164192329,1354063.4531353868
DR Congo,COD,Middle Africa,Transport,Commercial/Retail,Transportation waiting,404901.75135304866,331283.25110703986,331283.25110703986,271049.93272394175,339.7263745961499,112545657.86302063,92082810.97883508,8812134.47944726,7209928.210456851
DR Congo,COD,Middle Africa,Manual,Industrial,Manufacturing,428825.7072889663,183900.36710294397,368432.89433931,159150.97957024872,416.278789762913,153370799.36441517,66251177.16508523,7497609.399804959,3238722.4342545616
DR Congo,COD,Middle Africa,Cleaning,Commercial/Retail,Office,209092.98031236508,23937.688915222694,154296.0761642853,14961.055572014184,173.44246952421238,26761492.487829607,2594882.425099118,1658682.818766067,160831.34739915247
DR Congo,COD,Middle Africa,Tech,Commercial/Retail,Office,299980.7614860336,157807.70381924167,293743.19550843915,152049.9506091545,173.44246952421238,50947545.234917216,26371918.92468628,3157739.3517157207,1634536.969048411
DR Congo,COD,Middle Africa,ArmedForces,Correctional facilities,Dayroom,42897.117461497495,17158.846984599,42897.117461497495,17158.846984599,155.49262375916356,6670185.345793275,2668074.1383173107,782872.3936723293,313148.95746893174
Colombia,COL,South America,Food,Industrial,Manufacturing,3507229.8024206404,3114038.5871264953,696172.1701407691,302980.95484662394,416.278789762913,289801708.4528201,126124545.2047644,14167103.662364652,6165662.431128797
Colombia,COL,South America,Health,Health care,Group treatment area,867894.4030136267,420280.2350780806,861479.9680735411,415752.3986497849,494.6359941082607,426119000.4124087,205646101.00903028,26921249.002298158,12992262.457805779
Colombia,COL,South America,Retail,Commercial/Retail,Retail,2898937.157886697,205190.83606645797,2051908.3606645798,157839.10466650611,183.9890348898506,377528638.9610915,29040664.53546857,33035724.60669974,2541209.585130749
Colombia,COL,South America,Security,Commercial/Retail,Office,589305.928724397,471444.7429795176,589305.928724397,471444.7429795176,173.44246952421238,102210675.5832189,81768540.46657513,6335038.7337872675,5068030.987029814
Colombia,COL,South America,Transport,Commercial/Retail,Transportation waiting,1485848.1192535304,1215693.9157528887,1215693.9157528887,994658.6583432726,339.7263745961499,413003286.6173262,337911779.95963055,32337458.15902684,26457920.311931055
Colombia,COL,South America,Manual,Industrial,Manufacturing,1650719.0642628232,802776.0417309515,1348035.2292454233,658131.507511033,416.278789762913,561158473.7880558,273966187.4515343,27432516.915144365,13392976.177849522
Colombia,COL,South America,Cleaning,Commercial/Retail,Office,1057370.5993365762,54256.556906779435,835928.3686914972,33910.34806673715,173.44246952421238,144985480.6111996,5881494.511120492,8986229.963433595,364536.24171742436
Colombia,COL,South America,Tech,Commercial/Retail,Office,646598.4713262959,153985.79198143378,623046.2835045904,149145.1974732799,173.44246952421238,108062686.0389187,25868111.367441986,6697747.547674347,1603310.8728377589
Colombia,COL,South America,ArmedForces,Correctional facilities,Dayroom,8600.130938744398,3440.0523754977603,8600.130938744398,3440.0523754977603,155.49262375916356,1337256.924337725,534902.7697350901,156952.38963208525,62780.95585283412
Costa Rica,CRI,Central America,Food,Industrial,Manufacturing,200777.29886185404,178354.5173251659,42698.492072006426,20275.710535318252,416.278789762913,17774476.60443617,8440348.243225427,868914.3136653309,412610.7093937265
Costa Rica,CRI,Central America,Health,Health care,Group treatment area,93363.11155244643,49937.495106966875,91876.1412383231,48887.869002879816,494.6359941082607,45445246.45624892,24181699.684073884,2871129.413697597,1527745.9063399942
Costa Rica,CRI,Central America,Retail,Commercial/Retail,Retail,218816.28373344653,15981.661139338927,159816.61139338932,12293.585491799176,183.9890348898506,29404504.089636,2261884.9299719995,2573047.4434335683,197926.72641796677
Costa Rica,CRI,Central America,Security,Commercial/Retail,Office,71622.01979516873,57297.615836134995,71622.01979516873,57297.615836134995,173.44246952421238,12422299.985586088,9937839.988468872,769936.7127980639,615949.3702384512
Costa Rica,CRI,Central America,Transport,Commercial/Retail,Transportation waiting,148828.3979368824,121768.6892210856,121768.6892210856,99628.92754452459,339.7263745961499,41368035.32840469,33846574.35960384,3239047.133280877,2650129.472684354
Costa Rica,CRI,Central America,Manual,Industrial,Manufacturing,154758.228397979,78008.07554924114,125048.78439220368,63664.60513754524,416.278789762913,52055156.62810999,26502224.777391065,2544742.762381345,1295574.7145490458
Costa Rica,CRI,Central America,Cleaning,Commercial/Retail,Office,102296.44748988345,6506.883172710178,79824.63693097774,4066.8019829438604,173.44246952421238,13844982.158182424,705356.178987747,858114.8470080107,43718.1213166465
Costa Rica,CRI,Central America,Tech,Commercial/Retail,Office,43576.27347760177,9633.369786112768,42537.23143549523,9339.88704243549,173.44246952421238,7377762.466895251,1619933.0737172037,457275.23793157376,100403.78570618152
Costa Rica,CRI,Central America,ArmedForces,Correctional facilities,Dayroom,4169.23298385175,1667.6931935407,4169.23298385175,1667.6931935407,155.49262375916356,648284.975722355,259313.990288942,76088.50195529443,30435.400782117773
Cyprus,CYP,Western Asia,Food,Industrial,Manufacturing,24844.726713511147,15729.863672710224,10135.456979937144,1020.5939391362177,416.278789762913,4219175.765302303,424851.6098229888,206256.5495417209,20769.086661422032
Cyprus,CYP,Western Asia,Health,Health care,Group treatment area,31884.157825519935,16597.475567633363,31654.08376312589,16435.070347119923,494.6359941082607,15657249.189759929,8129377.35938686,989190.1175976841,513595.9483474976
Cyprus,CYP,Western Asia,Retail,Commercial/Retail,Retail,43968.85223506309,3382.2194026971606,33822.19402697161,2601.70723284397,183.9890348898506,6222912.836879775,478685.6028369058,544537.3238342429,41887.48644878792
Cyprus,CYP,Western Asia,Security,Commercial/Retail,Office,13435.962639347863,10748.77011147829,13435.962639347863,10748.77011147829,173.44246952421238,2330366.540603548,1864293.2324828384,144436.59837298954,115549.27869839162
Cyprus,CYP,Western Asia,Transport,Commercial/Retail,Transportation waiting,24460.75995064061,20013.349050524135,20013.349050524135,16374.558314065202,339.7263745961499,6799062.516461864,5562869.331650616,532355.084743942,435563.2511541344
Cyprus,CYP,Western Asia,Manual,Industrial,Manufacturing,29250.269377841858,12927.284097560074,24691.709539625004,11403.88062458536,416.278789762913,10278634.96433247,4747193.6250031255,502476.28913136886,232068.97071031207
Cyprus,CYP,Western Asia,Cleaning,Commercial/Retail,Office,28856.729636124695,764.9388089622621,23409.82568930203,478.08675560141376,173.44246952421238,4060257.9786838917,82920.54753832778,251655.6261599968,5139.432622715198
Cyprus,CYP,Western Asia,Tech,Commercial/Retail,Office,20696.708017488978,5045.227957689296,19884.540223678432,4885.283777117256,173.44246952421238,3448823.761748322,847315.6826297889,213758.80740454316,52516.8006040105
Cyprus,CYP,Western Asia,ArmedForces,Correctional facilities,Dayroom,4320.233604461812,1728.0934417847254,4320.233604461812,1728.0934417847254,155.49262375916356,671764.4584102756,268705.78336411034,78844.26328142808,31537.705312571237
Czechia,CZE,Eastern Europe,Food,Industrial,Manufacturing,86230.83908705362,77135.70821851121,10598.281585471406,1503.1507169289766,416.278789762913,4411839.831966604,625729.7612744494,215675.03026434314,30589.117089504678
Czechia,CZE,Eastern Europe,Health,Health care,Group treatment area,344242.14800940215,180105.51210118178,339092.633907405,176470.5609703603,494.6359941082607,167727422.0675778,87288691.3564166,10596644.809606407,5514705.03032376
Czechia,CZE,Eastern Europe,Retail,Commercial/Retail,Retail,249786.02403589,19214.309541222305,192143.0954122231,14780.238108632548,183.9890348898506,35352222.685643405,2719401.745049493,3093503.8361367923,237961.83354898402
Czechia,CZE,Eastern Europe,Security,Commercial/Retail,Office,92198.30843193193,73758.64674554556,92198.30843193193,73758.64674554556,173.44246952421238,15991102.300389288,12792881.840311432,991131.8156432683,792905.4525146147
Czechia,CZE,Eastern Europe,Transport,Commercial/Retail,Transportation waiting,342765.6750329363,280444.64320876607,280444.64320876607,229454.70807989954,339.7263745961499,95274441.91222487,77951816.11000217,7459827.509353178,6103495.234925328
Czechia,CZE,Eastern Europe,Manual,Industrial,Manufacturing,439512.88668110245,253629.6703836627,394495.55151992914,236591.6187596238,416.278789762913,164220130.753569,98488072.7253047,8027984.473430558,4814639.441758344
Czechia,CZE,Eastern Europe,Cleaning,Commercial/Retail,Office,63735.900356705875,3770.283473647412,49971.347402548716,2356.4271710296325,173.44246952421238,8667153.898950385,408704.54779733304,537191.9845773987,25331.59208856855
Czechia,CZE,Eastern Europe,Tech,Commercial/Retail,Office,177557.06947677888,84388.02163927535,168201.02547050436,81324.9400046329,173.44246952421238,29173201.234109223,14105198.428311942,1808161.023807922,874243.1050498036
Czechia,CZE,Eastern Europe,ArmedForces,Correctional facilities,Dayroom,6277.297310793424,2510.9189243173705,6277.297310793424,2510.9189243173705,155.49262375916356,976073.4289716111,390429.3715886446,114560.67592197999,45824.270368792015
Germany,DEU,Western Europe,Food,Industrial,Manufacturing,972015.715133299,640785.3204747852,352464.2611605215,21233.866502007586,416.278789762913,146723396.07058117,8839208.249442976,7172647.7146166125,432109.1833158544
Germany,DEU,Western Europe,Health,Health care,Group treatment area,3920169.9684274085,2389333.0692076855,3785804.826613363,2294487.086750712,494.6359941082607,1872595333.9117525,1134935901.1235054,118306400.83166759,71702721.46095975
Germany,DEU,Western Europe,Retail,Commercial/Retail,Retail,2221954.295085643,170788.0983258208,1707880.9832582083,131375.4602506314,183.9890348898506,314231373.8164068,24171644.139723603,27496883.830457155,2115144.910035166
Germany,DEU,Western Europe,Security,Commercial/Retail,Office,474226.4978797936,379381.19830383494,474226.4978797936,379381.19830383494,173.44246952421238,82251014.90609007,65800811.92487207,5097934.852207781,4078347.8817662257
Germany,DEU,Western Europe,Transport,Commercial/Retail,Transportation waiting,1160726.2023499778,949685.074649982,949685.074649982,777015.061077258,339.7263745961499,322633067.4189124,263972509.70638284,25261622.985689525,20668600.624655064
Germany,DEU,Western Europe,Manual,Industrial,Manufacturing,2390358.4128414514,1407417.1273175327,2099929.063582871,1278300.654592304,416.278789762913,874155929.1762447,532129449.4468238,42733556.44391143,26013418.320953388
Germany,DEU,Western Europe,Cleaning,Commercial/Retail,Office,695277.4245149506,31101.2674950061,553480.1308499539,19438.292184378817,173.44246952421238,95996960.72720021,3371425.3997918586,5949911.406637004,208961.64098207228
Germany,DEU,Western Europe,Tech,Commercial/Retail,Office,1420736.6621771012,601626.9462587392,1313932.403518949,579993.0807568643,173.44246952421238,227891680.85421044,100595432.23342648,14124773.337828701,6234925.618136291
Germany,DEU,Western Europe,ArmedForces,Correctional facilities,Dayroom,68577.85716988337,27431.14286795335,68577.85716988337,27431.14286795335,155.49262375916356,10663350.943126332,4265340.377250534,1251545.8933503714,500618.35734014865
Denmark,DNK,Northern Europe,Food,Industrial,Manufacturing,119816.48905270107,60152.294375197744,62458.86111950878,2794.6664420054512,416.278789762913,26000299.116798975,1163360.3642690554,1271037.8237820037,56871.46209481094
Denmark,DNK,Northern Europe,Health,Health care,Group treatment area,365118.3687232827,172865.02315855894,363342.54842084355,171611.5029450724,494.6359941082607,179722302.6399728,84885226.3596486,11354454.63815136,5362859.467033512
Denmark,DNK,Northern Europe,Retail,Commercial/Retail,Retail,185248.6998932589,14249.899991789145,142498.99991789146,10961.461532145498,183.9890348898506,26218253.467661746,2016788.7282816733,2294233.8986780527,176479.53066754254
Denmark,DNK,Northern Europe,Security,Commercial/Retail,Office,26846.879459079817,21477.503567263855,26846.879459079817,21477.503567263855,173.44246952421238,4656389.072401655,3725111.257921324,288603.954185108,230883.16334808644
Denmark,DNK,Northern Europe,Transport,Commercial/Retail,Transportation waiting,74119.63973750998,60643.34160341726,60643.34160341726,49617.27949370503,339.7263745961499,20602142.586324815,16856298.479720302,1613112.8866508992,1319819.6345325538
Denmark,DNK,Northern Europe,Manual,Industrial,Manufacturing,139498.67502737342,74212.57592776485,112380.64273901549,61707.87635759226,416.278789762913,46781677.95217566,25687680.088977978,2286946.0797389653,1255755.2838770025
Denmark,DNK,Northern Europe,Cleaning,Commercial/Retail,Office,53608.99089743152,4541.595694193974,40889.496002697975,2838.4973088712345,173.44246952421238,7091975.164308348,492315.98298845795,439562.08202900324,30513.84607036577
Denmark,DNK,Northern Europe,Tech,Commercial/Retail,Office,95436.64549977616,45448.51204233696,89331.15181506377,43793.894737798066,173.44246952421238,15493815.576246988,7595721.253407106,960309.8820119356,470784.3684313292
Denmark,DNK,Northern Europe,ArmedForces,Correctional facilities,Dayroom,5585.629274227166,2234.251709690867,5585.629274227166,2234.251709690867,155.49262375916356,868524.1511955746,347409.66047822987,101937.73425464578,40775.09370185832
Dominican Republic,DOM,Caribbean,Food,Industrial,Manufacturing,373870.5620627053,274180.3098987536,116436.28674269818,16746.03457874652,416.278789762913,48469956.52973791,6971019.007768493,2369478.435213908,340781.80367749167
Dominican Republic,DOM,Caribbean,Health,Health care,Group treatment area,141624.74508644003,76232.01633725835,139161.16000316778,74493.01510200737,494.6359941082607,68834118.71942562,36846926.57910309,4348786.250098993,2327906.7219377304
Dominican Republic,DOM,Caribbean,Retail,Commercial/Retail,Retail,559214.1555475199,41793.87152600215,417938.71526002145,32149.131943078577,183.9890348898506,76896140.86379541,5915087.758753494,6728813.315686346,517601.0242835651
Dominican Republic,DOM,Caribbean,Security,Commercial/Retail,Office,122788.59048944405,98230.87239155525,122788.59048944405,98230.87239155525,173.44246952421238,21296756.363886394,17037405.09110912,1319977.3477615234,1055981.878209219
Dominican Republic,DOM,Caribbean,Transport,Commercial/Retail,Transportation waiting,313342.2133560113,256370.90183673656,256370.90183673656,209758.0105936936,339.7263745961499,87095957.03293994,71260328.48149633,6819465.988857193,5579563.081792249
Dominican Republic,DOM,Caribbean,Manual,Industrial,Manufacturing,312881.3751484861,149533.10441826106,266223.1025139486,132060.10716978266,416.278789762913,110823030.92143443,54973821.588597715,5417640.136158854,2687423.180905077
Dominican Republic,DOM,Caribbean,Cleaning,Commercial/Retail,Office,200125.65406178165,4922.488937112765,162669.30427055745,3076.555585695478,173.44246952421238,28213765.848470993,533605.3984115333,1748695.0209084926,33072.97254622639
Dominican Republic,DOM,Caribbean,Tech,Commercial/Retail,Office,126383.77112684769,20849.563703467087,123678.21399319996,20289.59929519012,173.44246952421238,21451054.8613246,3519078.2074144934,1329540.8004268995,218113.1924232938
Dominican Republic,DOM,Caribbean,ArmedForces,Correctional facilities,Dayroom,17555.933120763217,7022.373248305286,17555.933120763217,7022.373248305286,155.49262375916356,2729818.103487873,1091927.2413951491,320395.7794539287,128158.31178157148
Ecuador,ECU,South America,Food,Industrial,Manufacturing,2617185.4072720385,2453229.5554738212,302642.0811467992,138686.22934858166,416.278789762913,125983479.27111888,57732135.71000936,6158766.351337364,2822264.7672436372
Ecuador,ECU,South America,Health,Health care,Group treatment area,159093.59115720057,85264.90128414234,156834.8833170567,83670.51927933491,494.6359941082607,77576178.4203854,41386450.48128822,4901090.103658021,2614703.727479216
Ecuador,ECU,South America,Retail,Commercial/Retail,Retail,959473.2503063374,64431.28010347617,644312.8010347616,49562.52315652014,183.9890348898506,118546490.4295621,9118960.802274011,10373436.096659662,797956.6228199743
Ecuador,ECU,South America,Security,Commercial/Retail,Office,145590.52037180794,116472.41629744638,145590.52037180794,116472.41629744638,173.44246952421238,25251579.39260152,20201263.51408122,1565098.0939969353,1252078.4751975485
Ecuador,ECU,South America,Transport,Commercial/Retail,Transportation waiting,398621.8493241503,326145.14944703213,326145.14944703213,266846.03136575356,339.7263745961499,110800109.21375974,90654634.81125796,8675460.975291055,7098104.434329045
Ecuador,ECU,South America,Manual,Industrial,Manufacturing,495060.9907518649,234321.49735458175,395913.27580511203,188233.7484430561,416.278789762913,164810299.30322242,78357716.994412,8056835.16263403,3830556.780816192
Ecuador,ECU,South America,Cleaning,Commercial/Retail,Office,229796.22115287164,12585.85954134972,181008.63467626827,7866.162213343577,173.44246952421238,31394584.60345795,1364326.5999603544,1945842.8227698838,84561.24379344346
Ecuador,ECU,South America,Tech,Commercial/Retail,Office,169498.42518157884,32652.489103034466,162828.70131069262,31696.90085424896,173.44246952421238,28241412.064746886,5497588.760425057,1750408.5390899456,340741.6841831763
Ecuador,ECU,South America,ArmedForces,Correctional facilities,Dayroom,13276.530560043504,5310.612224017401,13276.530560043504,5310.612224017401,155.49262375916356,2064402.5711998816,825761.0284799526,242296.68272079394,96918.67308831756
Egypt,EGY,Northern Africa,Food,Industrial,Manufacturing,5065544.596373282,4973456.1388028385,106037.86596114293,13949.40839069805,416.278789762913,44141314.51134656,5806842.8427884085,2157870.572309259,283870.46075070533
Egypt,EGY,Northern Africa,Health,Health care,Group treatment area,758363.9120546284,460869.1753132471,735682.0443031043,444858.4451357007,494.6359941082607,363894819.3314635,220042999.24715248,22990063.88447201,13901826.410490647
Egypt,EGY,Northern Africa,Retail,Commercial/Retail,Retail,3410931.1731101726,245089.6575461316,2450896.5754613155,188530.5058047166,183.9890348898506,450938095.5339673,34687545.810305186,39459434.86492718,3035341.1434559375
Egypt,EGY,Northern Africa,Security,Commercial/Retail,Office,501051.71776908165,400841.3742152654,501051.71776908165,400841.3742152654,173.44246952421238,86903647.2892182,69522917.83137459,5386305.966017628,4309044.7728141025
Egypt,EGY,Northern Africa,Transport,Commercial/Retail,Transportation waiting,2480193.838541263,2029249.5042610336,2029249.5042610336,1660295.0489408458,339.7263745961499,689389577.2336354,564046017.7366109,53978036.813343495,44163848.3018265
Egypt,EGY,Northern Africa,Manual,Industrial,Manufacturing,2524169.5074333753,908280.0300274965,2197632.5315379747,831668.0411878199,416.278789762913,914827810.5722349,346205765.67015815,44721822.01679779,16924444.638172135
Egypt,EGY,Northern Africa,Cleaning,Commercial/Retail,Office,537805.1424205658,82603.78229743085,379334.4667692792,51627.36393589429,173.44246952421238,65792706.69211406,8954377.496066768,4077845.5177697516,554994.1623108636
Egypt,EGY,Northern Africa,Tech,Commercial/Retail,Office,1005219.9951792533,247175.97603648578,829168.2805880966,238745.3380659107,173.44246952421238,143812994.23634452,41408581.0215445,8913559.016322039,2566512.38420854
Egypt,EGY,Northern Africa,ArmedForces,Correctional facilities,Dayroom,59518.39816419545,23807.359265678188,59518.39816419545,23807.359265678188,155.49262375916356,9254671.892493336,3701868.756997335,1086210.766496567,434484.30659862695
Spain,ESP,Southern Europe,Food,Industrial,Manufacturing,1009702.4230101453,771837.0692898995,293886.3121080805,56020.9583878347,416.278789762913,122338638.33223747,23320336.75904634,5980586.451399438,1140026.5031924362
Spain,ESP,Southern Europe,Health,Health care,Group treatment area,1813248.9615077048,906533.5080660026,1797263.8149288115,895249.8751867838,494.6359941082607,888991373.7721177,442822811.9883112,56164494.21652536,27976558.599586993
Spain,ESP,Southern Europe,Retail,Commercial/Retail,Retail,2095899.977999336,161005.459242438,1610054.59242438,123850.35326341384,183.9890348898506,296232390.5801334,22787106.967702568,25921878.93803252,1993990.687540963
Spain,ESP,Southern Europe,Security,Commercial/Retail,Office,471445.8256649659,377156.66053197277,471445.8256649659,377156.66053197277,173.44246952421238,81768728.250213,65414982.6001704,5068042.625898384,4054434.1007187073
Spain,ESP,Southern Europe,Transport,Commercial/Retail,Transportation waiting,1058603.8715811458,866130.4403845739,866130.4403845739,708652.1784964695,339.7263745961499,294247354.43921804,240747835.4502693,23039069.714229666,18850147.94800609
Spain,ESP,Southern Europe,Manual,Industrial,Manufacturing,1365090.0997381904,698805.5417850105,1146297.4564446688,608556.5773439411,416.278789762913,477179317.8770922,253329195.51899636,23327153.23864901,12384126.348949201
Spain,ESP,Southern Europe,Cleaning,Commercial/Retail,Office,748763.0041749538,22598.33091436865,605137.2277171543,14123.956821480404,173.44246952421238,104956495.1762989,2449693.9505709065,6505225.197959409,151832.53583091433
Spain,ESP,Southern Europe,Tech,Commercial/Retail,Office,577907.0227190567,187987.4524858701,556102.3759679713,181598.58681485808,173.44246952421238,96451769.39616695,31496907.35927606,5978100.541655691,1952184.8082597244
Spain,ESP,Southern Europe,ArmedForces,Correctional facilities,Dayroom,43171.56102930596,17268.624411722383,43171.56102930596,17268.624411722383,155.49262375916356,6712859.296225639,2685143.718490256,787880.9887848337,315152.3955139335
Estonia,EST,Northern Europe,Food,Industrial,Manufacturing,18441.902970389874,11952.052733051358,6977.878771949018,488.02853461050483,416.278789762913,2904742.930299259,203155.92775742884,141999.83300916254,9931.380679323775
Estonia,EST,Northern Europe,Health,Health care,Group treatment area,41748.11445100995,21257.87953294328,41347.70230996894,20975.235668679037,494.6359941082607,20452061.836183913,10375106.546632104,1292115.6971865294,655476.1146462199
Estonia,EST,Northern Europe,Retail,Commercial/Retail,Retail,30015.939054936654,2308.9183888412817,23089.183888412812,1776.0910683394472,183.9890348898506,4248156.6600233605,326781.28154025855,371735.8606034463,28595.066200265104
Estonia,EST,Northern Europe,Security,Commercial/Retail,Office,6819.689335892601,5455.751468714082,6819.689335892601,5455.751468714082,173.44246952421238,1182823.7598051487,946259.0078441191,73311.66036084546,58649.328288676385
Estonia,EST,Northern Europe,Transport,Commercial/Retail,Transportation waiting,38211.13428344513,31263.65532281874,31263.65532281874,25579.354355033513,339.7263745961499,10621088.279444836,8689981.319545774,831613.2315869785,680410.8258438915
Estonia,EST,Northern Europe,Manual,Industrial,Manufacturing,51240.165888325166,27891.898221870993,45303.66282608841,25710.287965866442,416.278789762913,18858953.933071155,10702647.558886869,921929.5385108992,523204.36010538216
Estonia,EST,Northern Europe,Cleaning,Commercial/Retail,Office,18441.172584382686,2258.783173047552,13485.324509445945,1411.7394831547194,173.44246952421238,2338927.9852536926,244855.58228318978,144967.23847654392,15176.199443913234
Estonia,EST,Northern Europe,Tech,Commercial/Retail,Office,19835.565399866733,7464.55043683104,18481.953807487225,7201.324709393287,173.44246952421238,3205555.710003004,1249015.5414429028,198681.00343048768,77414.24062597784
Estonia,EST,Northern Europe,ArmedForces,Correctional facilities,Dayroom,1213.943200603275,485.57728024131006,1213.943200603275,485.57728024131006,155.49262375916356,188759.21335639988,75503.68534255995,22154.46341100977,8861.785364403908
Ethiopia,ETH,Eastern Africa,Food,Industrial,Manufacturing,32756164.80281233,32041085.483454503,1729529.5218616521,1014450.2025038335,416.278789762913,719966456.2197981,422294102.5730378,35195925.76988462,20644061.620953012
Ethiopia,ETH,Eastern Africa,Health,Health care,Group treatment area,365053.6273856687,219323.53014641206,355159.7184448657,212339.59442349224,494.6359941082607,175674780.40018612,105030806.37620898,11098741.201402053,6635612.325734132
Ethiopia,ETH,Eastern Africa,Retail,Commercial/Retail,Retail,5318713.541595389,310574.1227735573,3105741.227735573,238903.17136427484,183.9890348898506,571422331.1086878,43955563.931437515,50002433.76654273,3846341.0589648252
Ethiopia,ETH,Eastern Africa,Security,Commercial/Retail,Office,302721.2459112791,242176.99672902332,302721.2459112791,242176.99672902332,173.44246952421238,52504720.46829863,42003776.37463891,3254253.3935462506,2603402.7148370007
Ethiopia,ETH,Eastern Africa,Transport,Commercial/Retail,Transportation waiting,491890.0507036033,402455.4960302209,402455.4960302209,329281.7694792717,339.7263745961499,136724746.60264215,111865701.76579815,10705316.194403876,8758895.068148628
Ethiopia,ETH,Eastern Africa,Manual,Industrial,Manufacturing,1641316.6917687135,699321.1263786715,1303025.9131675558,528207.8429087931,416.278789762913,542422050.1631047,219881721.58935127,26516577.332959764,10749029.60319394
Ethiopia,ETH,Eastern Africa,Cleaning,Commercial/Retail,Office,3088306.414278237,695360.8259663214,1994121.3235932633,434600.5162289509,173.44246952421238,345865326.89490664,75378186.79124679,21436804.22862758,4671955.549461222
Ethiopia,ETH,Eastern Africa,Tech,Commercial/Retail,Office,1026018.0282125724,104796.42333471884,1002570.5838297595,102880.38217134711,173.44246952421238,173888317.93176487,17843827.549393196,10777633.776169915,1105964.1083419814
Ethiopia,ETH,Eastern Africa,ArmedForces,Correctional facilities,Dayroom,41693.231561855355,16677.29262474215,41693.231561855355,16677.29262474215,155.49262375916356,6482989.968551259,2593195.9874205044,760901.4760038602,304360.59040154424
Finland,FIN,Northern Europe,Food,Industrial,Manufacturing,100763.39985087211,72025.03755375011,29639.540819411875,901.1785222898887,416.278789762913,12338312.181433234,375141.5046191652,603164.6556750317,18338.98292859924
Finland,FIN,Northern Europe,Health,Health care,Group treatment area,334775.4915100567,170291.2789462928,328865.05799400364,166119.20822907888,494.6359941082607,162668494.8883348,82168539.7028676,10277033.062312614,5191225.257158715
Finland,FIN,Northern Europe,Retail,Commercial/Retail,Retail,156833.5207934793,11767.028564363462,117670.2856436346,9051.56043412574,183.9890348898506,21650042.290785372,1665387.868521952,1894491.5988625174,145730.12298942445
Finland,FIN,Northern Europe,Security,Commercial/Retail,Office,21797.814322441744,17438.251457953396,21797.814322441744,17438.251457953396,173.44246952421238,3780666.7463145424,3024533.3970516343,234326.50396624874,187461.203172999
Finland,FIN,Northern Europe,Transport,Commercial/Retail,Transportation waiting,111308.06203352414,91070.2325728834,91070.2325728834,74512.00846872276,339.7263745961499,30938959.94561388,25313694.500956804,2422468.1864386983,1982019.4252680256
Finland,FIN,Northern Europe,Manual,Industrial,Manufacturing,145465.5087859664,80344.81864371974,126440.15216570918,72738.55614018628,416.278789762913,52634353.52097998,30279518.11913845,2573057.096572182,1480229.617452791
Finland,FIN,Northern Europe,Cleaning,Commercial/Retail,Office,42154.01547861897,1763.3283259939624,33658.90596052084,1102.0802037462265,173.44246952421238,5837883.771275966,191147.51215149267,361833.239075599,11847.362190271935
Finland,FIN,Northern Europe,Tech,Commercial/Retail,Office,90021.19847499629,36696.298639290675,84152.53216709697,35387.547442461575,173.44246952421238,14595622.995777018,6137703.618825762,904639.7207962924,380416.13500646193
Finland,FIN,Northern Europe,ArmedForces,Correctional facilities,Dayroom,6084.0067218338745,2433.6026887335497,6084.0067218338745,2433.6026887335497,155.49262375916356,946018.1681463368,378407.2672585347,111033.12267346821,44413.24906938728
Fiji,FJI,Melanesia,Food,Industrial,Manufacturing,95567.9830010995,95567.9830010995,1645.0981636112656,1645.0981636112656,416.278789762913,684819.4725892883,684819.4725892883,33477.747629489255,33477.747629489255
Fiji,FJI,Melanesia,Health,Health care,Group treatment area,6665.071159261495,4055.304706591621,6494.412038243715,3934.8394446967172,494.6359941082607,3212369.9546853355,1946313.2203839573,202950.37619511609,122963.73264677242
Fiji,FJI,Melanesia,Retail,Commercial/Retail,Retail,23358.81486455268,1796.831912657899,17968.319126578994,1382.1783943522298,183.9890348898506,3305973.694692112,254305.66882247006,289289.93793792184,22253.0721490709
Fiji,FJI,Melanesia,Security,Commercial/Retail,Office,6907.041461786589,5525.633169429271,6907.041461786589,5525.633169429271,173.44246952421238,1197974.3282383918,958379.4625907135,74250.69571420584,59400.556571364665
Fiji,FJI,Melanesia,Transport,Commercial/Retail,Transportation waiting,20727.69843632829,16959.02599335951,16959.02599335951,13875.566721839601,339.7263745961499,5761428.417405897,4713895.977877553,451110.091423363,369090.0748009334
Fiji,FJI,Melanesia,Manual,Industrial,Manufacturing,28744.185123792136,16118.706143801704,24470.01796491449,14504.180702511114,416.278789762913,10186349.463911342,6037782.789343923,497964.86558600987,295160.0772961012
Fiji,FJI,Melanesia,Cleaning,Commercial/Retail,Office,12071.627954065581,25.262698015958904,10038.637713374686,15.789186259974315,173.44246952421238,1741126.115666598,2738.515456707708,107915.35541877788,169.7337522947239
Fiji,FJI,Melanesia,Tech,Commercial/Retail,Office,21271.667998294535,4166.157356303649,21141.94808452787,4046.41589744211,173.44246952421238,3666911.6863332056,701820.3659743916,227275.9419086746,43498.97089750268
Fiji,FJI,Melanesia,ArmedForces,Correctional facilities,Dayroom,685.5100008191314,274.2040003276526,685.5100008191314,274.2040003276526,155.49262375916356,106591.7486405131,42636.69945620524,12510.557514949149,5004.223005979659
France,FRA,Western Europe,Food,Industrial,Manufacturing,1124692.3648974411,877464.2369632924,271932.0434701868,24703.915536038076,416.278789762913,113199541.95352522,10283716.061747154,5533817.084618302,502724.6811583749
France,FRA,Western Europe,Health,Health care,Group treatment area,3152978.7391758496,1660728.9312497946,3098651.6357799275,1622380.3876762022,494.6359941082607,1532704632.2591927,802487735.8799638,96832863.61812273,50699387.11488132
France,FRA,Western Europe,Retail,Commercial/Retail,Retail,1246181.7022751593,95860.13094424305,958601.3094424305,73738.56226480234,183.9890348898506,176372129.7684598,13567086.905266138,15433481.082023133,1187190.8524633178
France,FRA,Western Europe,Security,Commercial/Retail,Office,445040.7147147893,356032.57177183137,445040.7147147893,356032.57177183137,173.44246952421238,77188960.59895355,61751168.47916282,4784187.683183985,3827350.146547187
France,FRA,Western Europe,Transport,Commercial/Retail,Transportation waiting,1101655.7287339722,901354.6871459774,901354.6871459774,737472.0167557998,339.7263745961499,306213960.08934987,250538694.61855897,23976034.678083,19616755.645704273
France,FRA,Western Europe,Manual,Industrial,Manufacturing,2352249.304218629,1190655.8479316342,2022736.7274198004,1058521.8103780034,416.278789762913,842022396.8993098,440640178.16180295,41162692.40299294,21540918.841192372
France,FRA,Western Europe,Cleaning,Commercial/Retail,Office,949172.9168088139,40704.21844813877,757057.248633896,25440.136530086726,173.44246952421238,131305878.77426858,4412400.104811369,8138365.422814382,273481.4676984323
France,FRA,Western Europe,Tech,Commercial/Retail,Office,1277600.9871101892,537342.1874973426,1173532.56275372,518004.2709219237,173.44246952421238,203540385.75108293,89843939.9727876,12615475.04960249,5568545.912410679
France,FRA,Western Europe,ArmedForces,Correctional facilities,Dayroom,84078.1670193489,33631.266807739565,84078.1670193489,33631.266807739565,155.49262375916356,13073534.790699733,5229413.916279894,1534426.5481031174,613770.6192412471
Gabon,GAB,Middle Africa,Food,Industrial,Manufacturing,111769.40251068401,106798.43385125656,6416.121524189178,1445.1528647617006,416.278789762913,2670895.303061248,601586.4855654074,130568.07301724977,29408.86079790061
Gabon,GAB,Middle Africa,Health,Health care,Group treatment area,24196.927424758193,14647.241620853822,23503.807058650113,14157.980185953998,494.6359941082607,11625828.969784154,7003046.6038444135,734493.970582816,442436.88081106247
Gabon,GAB,Middle Africa,Retail,Commercial/Retail,Retail,138101.60538253371,9738.685467882153,97386.85467882153,7491.296513755503,183.9890348898506,17918113.403314505,1378316.4156395772,1567928.3603290268,120609.87387146361
Gabon,GAB,Middle Africa,Security,Commercial/Retail,Office,12680.545525024694,10144.436420019756,12680.545525024694,10144.436420019756,173.44246952421238,2199345.130774483,1759476.1046195866,136315.86439401546,109052.69151521238
Gabon,GAB,Middle Africa,Transport,Commercial/Retail,Transportation waiting,28765.713038743776,23535.583395335816,23535.583395335816,19256.386414365672,339.7263745961499,7995658.420902781,6541902.344375005,626046.5183159327,512219.8786221269
Gabon,GAB,Middle Africa,Manual,Industrial,Manufacturing,67960.99412061206,30141.97199623956,56563.8743927276,25475.57020467957,416.278789762913,23546341.176506072,10604939.533324137,1151074.8438920067,518427.8536652293
Gabon,GAB,Middle Africa,Cleaning,Commercial/Retail,Office,40927.672477325854,3360.1318571600555,31306.28385013816,2100.0824107250346,173.44246952421238,5429839.1825939305,364243.4795205113,336542.5513889852,22575.885915294122
Gabon,GAB,Middle Africa,Tech,Commercial/Retail,Office,47330.99570405235,5183.793838688846,42547.31385937119,5065.531886620252,173.44246952421238,7379511.187391087,878578.3598690592,457383.6239882403,54454.46778116771
Gabon,GAB,Middle Africa,ArmedForces,Correctional facilities,Dayroom,19753.508572859522,7901.403429143811,19753.508572859522,7901.403429143811,155.49262375916356,3071524.876443058,1228609.9505772234,360501.5314546863,144200.61258187456
United Kingdom,GBR,Northern Europe,Food,Industrial,Manufacturing,1452542.0694136466,663532.5529100624,844736.8089585312,55727.29245494713,416.278789762913,351646016.50144243,23198089.859909303,17190394.062306114,1134050.4014581742
United Kingdom,GBR,Northern Europe,Health,Health care,Group treatment area,3659346.5785039277,1776188.4265670143,3632714.084032726,1757389.0187049902,494.6359941082607,1796871142.2666073,869267864.3020836,113522315.12602268,54918406.83453094
United Kingdom,GBR,Northern Europe,Retail,Commercial/Retail,Retail,1400555.1812172486,105016.93773362486,1050169.3773362488,80782.25979509605,183.9890348898506,193219650.20697173,14863050.015920902,16907726.975113608,1300594.3827010465
United Kingdom,GBR,Northern Europe,Security,Commercial/Retail,Office,564861.2980999664,451889.03847997315,564861.2980999664,451889.03847997315,173.44246952421238,97970938.48111047,78376750.78488839,6072258.954574638,4857807.163659711
United Kingdom,GBR,Northern Europe,Transport,Commercial/Retail,Transportation waiting,1006544.8754291579,823536.7162602202,823536.7162602202,673802.7678492713,339.7263745961499,279777142.9619028,228908571.5142842,21906076.652521856,17923153.624790616
United Kingdom,GBR,Northern Europe,Manual,Industrial,Manufacturing,1200916.4279837923,600994.7811516566,981809.6720533023,506438.3996801814,416.278789762913,408706542.0598712,210819564.10833234,19979826.826284703,10306021.433491692
United Kingdom,GBR,Northern Europe,Cleaning,Commercial/Retail,Office,491679.06136037747,42775.70215323945,374086.13267261506,26734.81384577466,173.44246952421238,64882422.66550051,4636952.135681263,4021425.9262306117,287399.2488420776
United Kingdom,GBR,Northern Europe,Tech,Commercial/Retail,Office,763077.5976203338,217713.18289593022,585119.0766265795,209896.85875056425,173.44246952421238,101484497.61584081,36405029.52707265,6290030.07373573,2256391.2315685656
United Kingdom,GBR,Northern Europe,ArmedForces,Correctional facilities,Dayroom,59378.92431992015,23751.569727968064,59378.92431992015,23751.569727968064,155.49262375916356,9232984.738501191,3693193.895400477,1083665.3688385428,433466.14753541717
Georgia,GEO,Western Asia,Food,Industrial,Manufacturing,576889.8114936246,570142.5517950929,10662.479591518551,3915.219892986787,416.278789762913,4438564.100229101,1629822.9987082214,216981.45968740253,79674.72482228112
Georgia,GEO,Western Asia,Health,Health care,Group treatment area,70823.18540169639,41382.616525627804,68808.17143436403,39960.253725157905,494.6359941082607,34034998.28020828,19765779.82616181,2150255.357323876,1248757.9289111844
Georgia,GEO,Western Asia,Retail,Commercial/Retail,Retail,114933.39630426318,8771.598660264555,87715.98660264554,6747.383584818887,183.9890348898506,16138779.719431818,1241444.5938024474,1412227.3843025933,108632.8757155841
Georgia,GEO,Western Asia,Security,Commercial/Retail,Office,43520.137760690486,34816.11020855239,43520.137760690486,34816.11020855239,173.44246952421238,7548240.167248084,6038592.133798467,467841.4809274227,374273.1847419382
Georgia,GEO,Western Asia,Transport,Commercial/Retail,Transportation waiting,73813.81177582355,60393.11872567382,60393.11872567382,49412.55168464222,339.7263745961499,20517135.27522802,16786747.04336838,1606456.9581029236,1314373.874811483
Georgia,GEO,Western Asia,Manual,Industrial,Manufacturing,74449.43314243399,32603.190456104505,61449.30695567403,27585.619980466243,416.278789762913,25580043.131277736,11483308.50032812,1250493.3965479666,561367.3666024881
Georgia,GEO,Western Asia,Cleaning,Commercial/Retail,Office,39392.9353551892,4248.108334718038,29287.355850392632,2655.067709198774,173.44246952421238,5079671.324526488,460501.50023742876,314839.0753917208,28541.977873886823
Georgia,GEO,Western Asia,Tech,Commercial/Retail,Office,26434.248968506883,7707.811590024908,23353.360902231754,7443.2400588528135,173.44246952421238,4050464.586573264,1290973.937068976,251048.62969899137,80014.83063266774
Georgia,GEO,Western Asia,ArmedForces,Correctional facilities,Dayroom,4177.039797771711,1670.815919108685,4177.039797771711,1670.815919108685,155.49262375916356,649498.8777019694,259799.55108078782,76230.97630933372,30492.390523733502
Ghana,GHA,Western Africa,Food,Industrial,Manufacturing,5291030.062323395,5262961.547974053,50894.3434274119,22825.829078068127,416.278789762913,21186235.68774109,9501908.503953308,1035699.8887478323,464505.6217386864
Ghana,GHA,Western Africa,Health,Health care,Group treatment area,144595.6635884848,85205.87304391693,141282.4798542704,82867.15511388323,494.6359941082607,69883399.87279736,40989077.64867907,4415077.49544595,2589598.597308851
Ghana,GHA,Western Africa,Retail,Commercial/Retail,Retail,2183494.2831389736,159351.521629135,1593515.2162913494,122578.09356087307,183.9890348898506,293189326.7277369,22553025.132902842,25655594.982290726,1973507.3063300566
Ghana,GHA,Western Africa,Security,Commercial/Retail,Office,134304.29922823014,107443.43938258411,134304.29922823014,107443.43938258411,173.44246952421238,23294069.325863007,18635255.460690405,1443771.216703474,1155016.9733627792
Ghana,GHA,Western Africa,Transport,Commercial/Retail,Transportation waiting,425555.5926336499,348181.84851844073,348181.84851844073,284876.0578787243,339.7263745961499,118286557.09735572,96779910.35238197,9261637.170590524,7577703.139574067
Ghana,GHA,Western Africa,Manual,Industrial,Manufacturing,1029615.9383267716,417536.7235492842,916383.381025346,379039.6579847501,416.278789762913,381470964.8120774,157786170.09804022,18648401.803865794,7713457.039989665
Ghana,GHA,Western Africa,Cleaning,Commercial/Retail,Office,99887.0294411109,14216.39404177946,71392.19616610954,8885.246276112164,173.44246952421238,12382438.807807047,1541079.0564597056,767466.1087856776,95516.39746820576
Ghana,GHA,Western Africa,Tech,Commercial/Retail,Office,172802.155290144,25190.972629084055,171327.18487053117,24570.3147625517,173.44246952421238,29715410.040576205,4261536.069404179,1841767.2373582101,264130.8836974308
Ghana,GHA,Western Africa,ArmedForces,Correctional facilities,Dayroom,24549.50650577243,9819.802602308973,24549.50650577243,9819.802602308973,155.49262375916356,3817267.1785752107,1526906.8714300843,448028.49373034685,179211.39749213876
Guinea,GIN,Western Africa,Food,Industrial,Manufacturing,1612907.1192003668,1605031.9685824215,9679.210545623404,1804.0599276783032,416.278789762913,4029250.0517925355,750991.8833536924,196971.9346034363,36712.619528253475
Guinea,GIN,Western Africa,Health,Health care,Group treatment area,52171.243528092295,30796.51627409709,51114.38363838215,30050.497528419335,494.6359941082607,25283013.96420217,14864057.718417529,1597324.488699442,939078.0477631042
Guinea,GIN,Western Africa,Retail,Commercial/Retail,Retail,1082996.3460768473,79212.86095673904,792128.6095673904,60932.96996672234,183.9890348898506,145742978.38294342,11210998.337149495,12753270.614034986,981020.8164642297
Guinea,GIN,Western Africa,Security,Commercial/Retail,Office,17017.253788454804,13613.803030763846,17017.253788454804,13613.803030763846,173.44246952421238,2951514.52158986,2361211.6172718885,182935.47822588915,146348.38258071133
Guinea,GIN,Western Africa,Transport,Commercial/Retail,Transportation waiting,94738.52816285142,77513.34122415118,77513.34122415118,63420.006456123694,339.7263745961499,26333326.396915175,21545448.870203324,2061854.8765624217,1686972.1717328904
Guinea,GIN,Western Africa,Manual,Industrial,Manufacturing,197591.765544885,87681.27949368028,173864.7486013576,78642.78411269184,416.278789762913,72376207.13020626,32737322.9940174,3538147.6340376274,1600380.656693279
Guinea,GIN,Western Africa,Cleaning,Commercial/Retail,Office,47939.04062600627,7562.225046804046,33647.34631600185,4726.390654252528,173.44246952421238,5835878.837983771,819756.8670097163,361708.9728970199,50808.699533214676
Guinea,GIN,Western Africa,Tech,Commercial/Retail,Office,82347.41341604164,6463.664156638444,79995.75796248496,6387.532201441965,173.44246952421238,13874661.812474567,1107869.3591835233,859954.3980967134,68665.97116550113
Guinea,GIN,Western Africa,ArmedForces,Correctional facilities,Dayroom,18492.92068223071,7397.168272892283,18492.92068223071,7397.168272892283,155.49262375916356,2875512.7578501543,1150205.1031400615,337495.80245071044,134998.32098028416
Gambia,GMB,Western Africa,Food,Industrial,Manufacturing,178611.10907955433,177702.04448380467,2679.6264537504676,1770.561858000802,416.278789762913,1115471.657183931,737047.3474489484,54530.39833382202,36030.933810316325
Gambia,GMB,Western Africa,Health,Health care,Group treatment area,9211.622475258657,5186.988761628729,9063.598153464873,5082.50100506841,494.6359941082607,4483181.882836893,2513987.9371982473,283237.44229577726,158828.15640838782
Gambia,GMB,Western Africa,Retail,Commercial/Retail,Retail,202483.92994230188,14469.286934741976,144692.86934741976,11130.220719032288,183.9890348898506,26621901.386675008,2047838.5682057694,2329555.1964934585,179196.55357641986
Gambia,GMB,Western Africa,Security,Commercial/Retail,Office,13872.69597809711,11098.15678247769,13872.69597809711,11098.15678247769,173.44246952421238,2406114.649399772,1924891.7195198177,149131.48176454395,119305.18541163518
Gambia,GMB,Western Africa,Transport,Commercial/Retail,Transportation waiting,35010.140544903814,28644.660445830392,28644.660445830392,23436.540364770324,339.7263745961499,9731346.644799694,7962010.891199752,761947.9678590884,623411.9737028907
Gambia,GMB,Western Africa,Manual,Industrial,Manufacturing,78821.87664405876,31067.40882307343,65445.19021249938,26221.835897688317,416.278789762913,27243444.57746288,10915594.1128514,1331809.6208243624,533614.3605179572
Gambia,GMB,Western Africa,Cleaning,Commercial/Retail,Office,15493.722742024827,866.832714743211,12189.075022734682,541.770446714507,173.44246952421238,2114103.273158998,93966.00419339981,131032.55649439782,5824.03230218095
Gambia,GMB,Western Africa,Tech,Commercial/Retail,Office,16072.744519025351,2982.5316752129133,15780.161962870085,2897.99992653952,173.44246952421238,2736950.26033223,502636.26394000044,169636.7411008534,31153.49921029984
Gambia,GMB,Western Africa,ArmedForces,Correctional facilities,Dayroom,1106.058074775406,442.4232299101625,1106.058074775406,442.4232299101625,155.49262375916356,171983.87207683703,68793.54883073481,20185.55986465116,8074.223945860465
Guinea-Bissau,GNB,Western Africa,Food,Industrial,Manufacturing,475251.10373972484,473506.36653690593,30761.492456161806,29016.75525334278,416.278789762913,12805356.850952014,12079059.759708181,625996.3714828928,590490.9694055256
Guinea-Bissau,GNB,Western Africa,Health,Health care,Group treatment area,6734.632501486694,3829.237464184714,6635.336247513179,3759.1459907916446,494.6359941082607,3282076.1410312573,1859408.914153308,207354.25773478684,117473.31221223889
Guinea-Bissau,GNB,Western Africa,Retail,Commercial/Retail,Retail,103580.57848276908,7479.834502304905,74798.34502304906,5753.71884792685,183.9890348898506,13762075.312148854,1058621.177857604,1204253.3548710898,92634.87345162229
Guinea-Bissau,GNB,Western Africa,Security,Commercial/Retail,Office,7420.966246736648,5936.77299738932,7420.966246736648,5936.77299738932,173.44246952421238,1287110.7120898298,1029688.5696718642,79775.38715241896,63820.30972193519
Guinea-Bissau,GNB,Western Africa,Transport,Commercial/Retail,Transportation waiting,16126.013314888463,13194.010893999653,13194.010893999653,10795.099822363352,339.7263745961499,4482353.487400609,3667380.1260550437,350960.6897803908,287149.65527486516
Guinea-Bissau,GNB,Western Africa,Manual,Industrial,Manufacturing,23903.27804090768,9679.923124029861,20193.724325845807,8147.552483610805,416.278789762913,8406219.123168988,3391653.287407322,410942.2900309622,165802.69304147988
Guinea-Bissau,GNB,Western Africa,Cleaning,Commercial/Retail,Office,7566.65770431697,918.2487410534661,5540.3408027195865,573.9054631584163,173.44246952421238,960930.3908294423,99539.5808036326,59558.663629235554,6169.483728952975
Guinea-Bissau,GNB,Western Africa,Tech,Commercial/Retail,Office,6904.559340595999,477.9255611009792,6005.133955245088,471.2044314653357,173.44246952421238,1041545.2630214092,81726.8602441003,64555.1900188847,5065.447638252359
Guinea-Bissau,GNB,Western Africa,ArmedForces,Correctional facilities,Dayroom,3396.5885430944923,1358.6354172377971,3396.5885430944923,1358.6354172377971,155.49262375916356,528144.4643960774,211257.78575843098,61987.74091147448,24795.096364589797
Greece,GRC,Southern Europe,Food,Industrial,Manufacturing,430557.402008181,386572.7886624345,49838.53696329239,5853.923617545881,416.278789762913,20746725.85063356,2436864.2388765328,1014214.2272030002,119127.34561705869
Greece,GRC,Southern Europe,Health,Health care,Group treatment area,213791.03776478177,113961.73469308029,212149.44936213878,112802.96640886176,494.6359941082607,104936753.78476164,55796407.42800808,6629670.292566837,3525092.70027693
Greece,GRC,Southern Europe,Retail,Commercial/Retail,Retail,550575.912134893,42287.75341568595,422877.53415685956,32529.041088989197,183.9890348898506,77804829.38612042,5984986.875855417,6808328.29992544,523717.5615327261
Greece,GRC,Southern Europe,Security,Commercial/Retail,Office,100083.09459204608,80066.47567363686,100083.09459204608,80066.47567363686,173.44246952421238,17358659.08366982,13886927.266935853,1075893.2668644954,860714.6134915962
Greece,GRC,Southern Europe,Transport,Commercial/Retail,Transportation waiting,226178.85203481457,185055.42439212103,185055.42439212103,151408.98359355357,339.7263745961499,62868208.42808721,51437625.0775259,4922474.28883042,4027478.963588525
Greece,GRC,Southern Europe,Manual,Industrial,Manufacturing,259233.9282844794,129807.33879952192,225969.00284534576,117545.19372596015,416.278789762913,94066103.02839278,48931570.98668984,4598469.207902786,2392044.6923232893
Greece,GRC,Southern Europe,Cleaning,Commercial/Retail,Office,95693.08500769311,7629.202501778526,73386.56875492884,4768.2515636115795,173.44246952421238,12728347.714763263,827017.3265054794,788905.614115485,51258.70430882448
Greece,GRC,Southern Europe,Tech,Commercial/Retail,Office,159570.13817321803,30040.23808774822,153165.16318112818,29168.702856145934,173.44246952421238,26565344.147213843,5059091.856187898,1646525.504197128,313563.5557035688
Greece,GRC,Southern Europe,ArmedForces,Correctional facilities,Dayroom,8214.96417584711,3285.9856703388446,8214.96417584711,3285.9856703388446,155.49262375916356,1277366.333790002,510946.53351600084,149923.09620920976,59969.23848368391
Grenada,GRD,Caribbean,Food,Industrial,Manufacturing,6878.240092905145,6878.240092905145,289.67351398350627,289.67351398350627,416.278789762913,120584.93982742424,120584.93982742424,5894.856009564353,5894.856009564353
Grenada,GRD,Caribbean,Health,Health care,Group treatment area,2825.6350999442398,1392.8359300118416,2790.9421265067895,1368.3467722912876,494.6359941082607,1380500.433243309,676833.5659971309,87216.94145333717,42760.836634102736
Grenada,GRD,Caribbean,Retail,Commercial/Retail,Retail,5627.067467070874,399.62168527638534,3996.216852763852,307.40129636645025,183.9890348898506,735260.0819505772,56558.46784235212,64339.09132949802,4949.160871499849
Grenada,GRD,Caribbean,Security,Commercial/Retail,Office,2186.373490435449,1749.0987923483597,2186.373490435449,1749.0987923483597,173.44246952421238,379210.0174833963,303368.01398671704,23503.51502218108,18802.812017744865
Grenada,GRD,Caribbean,Transport,Commercial/Retail,Transportation waiting,1925.7428887356514,1575.607818056442,1575.607818056442,1289.1336693189069,339.7263745961499,535275.5318136653,437952.7078475442,41911.16796030136,34290.955603882925
Grenada,GRD,Caribbean,Manual,Industrial,Manufacturing,3890.807417479764,1786.671858845319,3128.610318627008,1475.9946302531887,416.278789762913,1302374.1170778126,614425.2583783556,63667.219984059615,30036.49072565239
Grenada,GRD,Caribbean,Cleaning,Commercial/Retail,Office,1669.1460758387873,169.14013568499712,1250.0049501281585,105.7125848031232,173.44246952421238,216803.94546771774,18335.051768041412,13437.553213877703,1136.4102866335745
Grenada,GRD,Caribbean,Tech,Commercial/Retail,Office,1737.9860192882268,360.2644235297119,1688.4028567252426,349.5043420298523,173.44246952421238,292840.761022161,60618.89619109256,18150.33070979636,3757.171676820912
Grenada,GRD,Caribbean,ArmedForces,Correctional facilities,Dayroom,102.04537950986744,40.81815180394699,102.04537950986744,40.81815180394699,155.49262375916356,15867.303802488877,6346.921520995553,1862.3281760550808,744.9312704220325
Guatemala,GTM,Central America,Food,Industrial,Manufacturing,1619269.1848918425,1574173.5648104323,166677.48407801692,121581.86399660644,416.278789762913,69384301.35272408,50611951.20162641,3391886.8009876446,2474190.9323309413
Guatemala,GTM,Central America,Health,Health care,Group treatment area,160572.4002666148,88638.20679855341,156887.8677802558,86037.36033759412,494.6359941082607,77602386.4430122,42557175.26103651,4902745.868132994,2688667.5105498163
Guatemala,GTM,Central America,Retail,Commercial/Retail,Retail,1286298.5043657664,93982.82038269425,939828.2038269425,72294.4772174571,183.9890348898506,172918084.18438092,13301391.091106223,15131234.081613775,1163941.0832010594
Guatemala,GTM,Central America,Security,Commercial/Retail,Office,126629.39669199346,101303.51735359475,126629.39669199346,101303.51735359475,173.44246952421238,21962915.276620477,17570332.221296377,1361266.0144389297,1089012.8115511436
Guatemala,GTM,Central America,Transport,Commercial/Retail,Transportation waiting,284899.17399296374,233099.32417606132,233099.32417606132,190717.6288713229,339.7263745961499,79189988.32314599,64791808.62802854,6200442.023083231,5073088.927977189
Guatemala,GTM,Central America,Manual,Industrial,Manufacturing,1030861.8208005585,358319.7097378758,884680.7551452075,298631.88336433604,416.278789762913,368273834.07838696,124314118.9915252,18003253.367204975,6077158.826464239
Guatemala,GTM,Central America,Cleaning,Commercial/Retail,Office,333305.0356074323,11826.01995198752,267899.17971287057,7391.2624699922,173.44246952421238,46465095.31291105,1281958.815697077,2879916.1819133586,79456.07155241615
Guatemala,GTM,Central America,Tech,Commercial/Retail,Office,165416.99280643897,34437.636873412535,157903.00069555704,33395.678899405546,173.44246952421238,27387086.385920838,5792229.019750529,1697457.2574772383,359003.5481686096
Guatemala,GTM,Central America,ArmedForces,Correctional facilities,Dayroom,13392.121491267726,5356.848596507092,13392.121491267726,5356.848596507092,155.49262375916356,2082376.108378701,832950.4433514806,244406.217215636,97762.48688625444
Guyana,GUY,South America,Food,Industrial,Manufacturing,32407.501729777967,31127.5676792414,2887.08136671238,1607.1473161758213,416.278789762913,1201830.7372820862,669021.3397483845,58752.105812596936,32705.447884177964
Guyana,GUY,South America,Health,Health care,Group treatment area,8692.260854044656,4875.127873201385,8513.018448989318,4748.603822574089,494.6359941082607,4210845.343377795,2348830.372405221,266031.8265309162,148393.86945544026
Guyana,GUY,South America,Retail,Commercial/Retail,Retail,37638.061674504745,2709.7960389831974,27097.960389831976,2084.458491525537,183.9890348898506,4985727.579608585,383517.5061237373,436277.16227629484,33559.78171356115
Guyana,GUY,South America,Security,Commercial/Retail,Office,17024.211029955983,13619.368823964784,17024.211029955983,13619.368823964784,173.44246952421238,2952721.2027369007,2362176.9621895202,183010.2685720268,146408.2148576214
Guyana,GUY,South America,Transport,Commercial/Retail,Transportation waiting,20199.75747165063,16527.07429498688,16527.07429498688,13522.151695898356,339.7263745961499,5614683.032917113,4593831.572386729,439620.17624665104,359689.2351108963
Guyana,GUY,South America,Manual,Industrial,Manufacturing,27139.61231274714,12162.559607156323,20970.22184542902,9446.989899309945,416.278789762913,8729458.570874993,3932581.5221872074,426744.01455448056,192246.2444509574
Guyana,GUY,South America,Cleaning,Commercial/Retail,Office,10662.985780314064,1057.587857544869,8004.498268974329,660.9924109655431,173.44246952421238,1388319.947073191,114644.15609462687,86048.35639147404,7105.668417879588
Guyana,GUY,South America,Tech,Commercial/Retail,Office,8124.240298402722,2483.4732884693335,7786.8324756719485,2400.0409193299183,173.44246952421238,1350567.4543518792,416269.02400774206,83708.44911347344,25800.43988279662
Guyana,GUY,South America,ArmedForces,Correctional facilities,Dayroom,978.4504322631911,391.38017290527654,978.4504322631911,391.38017290527654,155.49262375916356,152141.82493089134,60856.729972356545,17856.720388803238,7142.688155521297
Honduras,HND,Central America,Food,Industrial,Manufacturing,883480.8697954988,842584.2708091341,132829.3809002854,91932.78191392076,416.278789762913,55294053.9261278,38269667.19466475,2703077.901320808,1870832.1119482876
Honduras,HND,Central America,Health,Health care,Group treatment area,103944.17856699176,54316.889621994436,102197.06889501857,53083.63573589572,494.6359941082607,50550348.76783792,26257076.933105573,3193658.4029693305,1658863.616746741
Honduras,HND,Central America,Retail,Commercial/Retail,Retail,661370.14096128,48819.68722391132,488196.8722391132,37553.605556854855,183.9890348898506,89822871.35951813,6909451.643039854,7859969.6430497235,604613.0494653633
Honduras,HND,Central America,Security,Commercial/Retail,Office,79961.3406845257,63969.07254762057,79961.3406845257,63969.07254762057,173.44246952421238,13868692.394791013,11094953.915832812,859584.4123586513,687667.5298869212
Honduras,HND,Central America,Transport,Commercial/Retail,Transportation waiting,131707.18343938462,107760.42281404197,107760.42281404197,88167.61866603435,339.7263745961499,36609057.767562725,29952865.446187686,2866427.2468535164,2345258.656516514
Honduras,HND,Central America,Manual,Industrial,Manufacturing,414979.6166536946,195127.03232502085,339824.4902056328,161906.70587329924,416.278789762913,141461727.5145997,67398327.57543692,6915428.375684628,3294801.46452164
Honduras,HND,Central America,Cleaning,Commercial/Retail,Office,133616.8392972999,6977.1990774982205,105533.03351650141,4360.7494234363885,173.44246952421238,18303909.94948348,756339.1489770926,1134480.11030239,46878.05630194118
Honduras,HND,Central America,Tech,Commercial/Retail,Office,106584.97173527314,20894.581941654837,102517.74743210863,20279.42047522722,173.44246952421238,17780931.284684405,3517312.7677432857,1102065.784895168,218003.7701086926
Honduras,HND,Central America,ArmedForces,Correctional facilities,Dayroom,8669.440032505961,3467.776013002385,8669.440032505961,3467.776013002385,155.49262375916356,1348033.9771770802,539213.5908708321,158217.2805932338,63286.91223729352
Croatia,HRV,Southern Europe,Food,Industrial,Manufacturing,58653.95211368429,54080.18964227245,7557.78282430001,2984.0203528881757,416.278789762913,3146144.687390539,1242184.3811281903,153800.88047450522,60724.81418127438
Croatia,HRV,Southern Europe,Health,Health care,Group treatment area,95772.29408388272,54278.49173123216,93577.99758633287,52729.576556491105,494.6359941082607,46287045.86277618,26081946.518927615,2924312.4245729023,1647799.267390347
Croatia,HRV,Southern Europe,Retail,Commercial/Retail,Retail,115899.42220320132,8893.282829678352,88932.82829678353,6840.986792060272,183.9890348898506,16362665.248349996,1258666.5575653843,1431818.5355782148,110139.8873521704
Croatia,HRV,Southern Europe,Security,Commercial/Retail,Office,33798.872304434764,27039.09784354781,33798.872304434764,27039.09784354781,173.44246952421238,5862159.879614673,4689727.903691738,363337.8772726737,290670.301818139
Croatia,HRV,Southern Europe,Transport,Commercial/Retail,Transportation waiting,84989.85187354236,69537.15153289831,69537.15153289831,56894.033072371334,339.7263745961499,23623604.390014652,19328403.591830168,1849688.230775095,1513381.2797250776
Croatia,HRV,Southern Europe,Manual,Industrial,Manufacturing,100323.20093443278,58900.51845543854,89686.54397307882,54421.67387604073,416.278789762913,37334605.98313153,22654588.537990175,1825121.169852154,1107481.063377429
Croatia,HRV,Southern Europe,Cleaning,Commercial/Retail,Office,29848.40411270501,1887.686194661298,23300.598265036435,1179.8038716633114,173.44246952421238,4041313.304479498,204628.09705551167,250481.43134914167,12682.891620380597
Croatia,HRV,Southern Europe,Tech,Commercial/Retail,Office,58724.84026639781,24325.86908539145,56603.463772644594,23463.46304849004,173.44246952421238,9817444.540351769,4069560.9747202173,608487.2355559294,252232.22777126794
Croatia,HRV,Southern Europe,ArmedForces,Correctional facilities,Dayroom,6336.048143484328,2534.4192573937316,6336.048143484328,2534.4192573937316,155.49262375916356,985208.7500947553,394083.5000379022,115632.87861858898,46253.1514474356
Hungary,HUN,Eastern Europe,Food,Industrial,Manufacturing,205170.15382481256,160602.51074113857,52680.93123380557,8113.288150131592,416.278789762913,21929954.297591824,3377389.7721345625,1072056.9506079433,165105.4138551779
Hungary,HUN,Eastern Europe,Health,Health care,Group treatment area,240006.31859565977,137137.05949952942,233777.58900142746,132740.30919771836,494.6359941082607,115634810.13595347,65658134.79825132,7305549.6562946085,4148134.662428699
Hungary,HUN,Eastern Europe,Retail,Commercial/Retail,Retail,264801.94345885026,20330.821859607095,203308.21859607092,15639.093738159305,183.9890348898506,37406482.92466586,2877421.763435836,3273262.319396742,251789.40918436483
Hungary,HUN,Eastern Europe,Security,Commercial/Retail,Office,99490.4113703351,79592.3290962681,99490.4113703351,79592.3290962681,173.44246952421238,17255862.6420507,13804690.113640564,1069521.9222311024,855617.5377848821
Hungary,HUN,Eastern Europe,Transport,Commercial/Retail,Transportation waiting,230407.33244969227,188515.09018611186,188515.09018611186,154239.61924318245,339.7263745961499,64043548.14559402,52399266.66457693,5014501.398950576,4102773.871868653
Hungary,HUN,Eastern Europe,Manual,Industrial,Manufacturing,374890.0724326897,216594.76169909895,332557.2449677713,199283.9670744997,416.278789762913,138436527.46207243,82957688.63292493,6767539.935094146,4055428.729966069
Hungary,HUN,Eastern Europe,Cleaning,Commercial/Retail,Office,87009.53291955346,5903.870945983781,67588.0516446414,3689.9193412398627,173.44246952421238,11722638.58757661,639988.7228897967,726571.555179895,39666.63291832853
Hungary,HUN,Eastern Europe,Tech,Commercial/Retail,Office,123633.79335271152,46778.7245988059,115035.62476690285,45127.04515240633,173.44246952421238,19952062.84283228,7826946.153563991,1236632.9662442056,485115.7353883681
Hungary,HUN,Eastern Europe,ArmedForces,Correctional facilities,Dayroom,9585.893474376531,3834.3573897506126,9585.893474376531,3834.3573897506126,155.49262375916356,1490535.7274066512,596214.2909626605,174942.5559073717,69977.02236294869
Indonesia,IDN,South-eastern Asia,Food,Industrial,Manufacturing,36401980.00277128,35761712.36121078,1988426.4846237067,1348158.8430632066,416.278789762913,827739770.5516801,561209931.5985206,40464478.96209244,27435032.456336256
Indonesia,IDN,South-eastern Asia,Health,Health care,Group treatment area,2145475.2961747786,1204442.4097177791,2103821.53568398,1175039.755253686,494.6359941082607,1040625856.7294133,581216957.4566344,65744422.99012438,36719992.35167769
Indonesia,IDN,South-eastern Asia,Retail,Commercial/Retail,Retail,24464914.78830981,1810050.137126292,18100501.37126292,1392346.259327917,183.9890348898506,3330293778.3210816,256176444.48623705,291418072.07733303,22416774.775179464
Indonesia,IDN,South-eastern Asia,Security,Commercial/Retail,Office,1619211.368352598,1295369.0946820786,1619211.368352598,1295369.0946820786,173.44246952421238,280840018.4087537,224672014.727003,17406522.209790427,13925217.767832344
Indonesia,IDN,South-eastern Asia,Transport,Commercial/Retail,Transportation waiting,5118136.253827892,4187566.025859185,4187566.025859185,3426190.384793878,339.7263745961499,1422626624.3471484,1163967238.102212,111389256.28785433,91136664.23551716
Indonesia,IDN,South-eastern Asia,Manual,Industrial,Manufacturing,10069562.629301451,4498889.142513763,8042323.209641223,3517412.571839476,416.278789762913,3347848572.5916343,1464224248.5021923,163661277.3161989,71579345.83693334
Indonesia,IDN,South-eastern Asia,Cleaning,Commercial/Retail,Office,3450971.30570331,418372.0617543886,2527166.036624101,261482.53859649287,173.44246952421238,438317918.2898002,45352177.231635906,27167034.893709086,2810937.2899122983
Indonesia,IDN,South-eastern Asia,Tech,Commercial/Retail,Office,2694758.245984249,522280.5328288111,2564261.7315737437,506856.11658267997,173.44246952421238,444751887.23058313,87910376.5535521,27565813.614417747,5448703.25326381
Indonesia,IDN,South-eastern Asia,ArmedForces,Correctional facilities,Dayroom,221816.17840606128,88726.47136242453,221816.17840606128,88726.47136242453,155.49262375916356,34490779.57258919,13796311.829035679,4048145.255910618,1619258.1023642477
India,IND,Southern Asia,Food,Industrial,Manufacturing,223922191.9510964,223045130.64212888,7567677.012300954,6690615.703333438,416.278789762913,3150263427.9972587,2785161407.7523847,154002227.20032442,136154029.56283548
India,IND,Southern Asia,Health,Health care,Group treatment area,7365243.494721034,4359419.705081408,7165595.65221516,4218491.816253732,494.6359941082607,3544361528.811277,2086617893.170227,223924864.13172376,131827869.25792912
India,IND,Southern Asia,Retail,Commercial/Retail,Retail,51340595.86311151,3815559.3783989716,38155593.78398971,2935045.675691516,183.9890348898506,7020210875.965449,540016221.2281115,614305059.9222344,47254235.37863342
India,IND,Southern Asia,Security,Commercial/Retail,Office,5708814.82837687,4567051.862701496,5708814.82837687,4567051.862701496,173.44246952421238,990150941.890127,792120753.5121017,61369759.40505135,49095807.52404109
India,IND,Southern Asia,Transport,Commercial/Retail,Transportation waiting,23461882.402153466,19196085.601761926,19196085.601761926,15705888.219623392,339.7263745961499,6521416567.923932,5335704464.665035,510615877.00686723,417776626.64198226
India,IND,Southern Asia,Manual,Industrial,Manufacturing,48625012.70196465,22940574.31633232,36422438.738449305,16861212.04694236,416.278789762913,15161888718.255516,7018964944.837015,741196628.3274434,343125665.1552771
India,IND,Southern Asia,Cleaning,Commercial/Retail,Office,7555841.513352666,520909.8748181014,5862443.0321121365,325568.67176131334,173.44246952421238,1016796596.9345405,56467434.429999895,63021262.59520547,3499863.221434118
India,IND,Southern Asia,Tech,Commercial/Retail,Office,6751016.0090805,1406429.8923410953,6269647.377080952,1363130.8199881797,173.44246952421238,1087423124.1269212,236424775.7033145,67398709.30362023,14653656.314872932
India,IND,Southern Asia,ArmedForces,Correctional facilities,Dayroom,1074201.2361429024,429680.494457161,1074201.2361429024,429680.494457161,155.49262375916356,167030368.65319672,66812147.4612787,19604172.559607968,7841669.023843188
Ireland,IRL,Northern Europe,Food,Industrial,Manufacturing,157597.32355042943,104077.68046620261,57239.758279796275,3720.115195569466,416.278789762913,23827697.30303527,1548605.0513902796,1164829.0809938542,75704.34422983864
Ireland,IRL,Northern Europe,Health,Health care,Group treatment area,272008.53491566295,133894.1447298794,270360.603650416,132730.8991308816,494.6359941082607,133730085.95433299,65653480.24048689,8448768.8640755,4147840.59784005
Ireland,IRL,Northern Europe,Retail,Commercial/Retail,Retail,146135.7779367278,11241.2136874406,112412.136874406,8647.087451877385,183.9890348898506,20682600.573427744,1590969.2748790574,1809835.4036779369,139218.10797522592
Ireland,IRL,Northern Europe,Security,Commercial/Retail,Office,19993.753536778826,15995.002829423063,19993.753536778826,15995.002829423063,173.44246952421238,3467765.988477375,2774212.7907819008,214932.8505203724,171946.28041629793
Ireland,IRL,Northern Europe,Transport,Commercial/Retail,Transportation waiting,70556.9627587189,57728.42407531547,57728.42407531547,47232.34697071266,339.7263745961499,19611868.222256023,16046074.000027655,1535576.0804033917,1256380.4294209566
Ireland,IRL,Northern Europe,Manual,Industrial,Manufacturing,123004.15021036811,69966.8902441943,105620.25892386246,62604.098143289964,416.278789762913,43967473.55927098,26060758.209287375,2149372.2691006013,1273993.3972159508
Ireland,IRL,Northern Europe,Cleaning,Commercial/Retail,Office,37122.14761769985,3232.6249767857134,28241.268867428447,2020.390610491071,173.44246952421238,4898235.4148640465,350421.5368871024,303593.6403248558,21719.19906277901
Ireland,IRL,Northern Europe,Tech,Commercial/Retail,Office,79512.13133078943,18190.346415135125,64017.50386725979,17572.541901088083,173.44246952421238,11103353.963513354,3047825.063142415,688188.1665730427,188904.8254366969
Ireland,IRL,Northern Europe,ArmedForces,Correctional facilities,Dayroom,3878.5298641822233,1551.4119456728893,3878.5298641822233,1551.4119456728893,155.49262375916356,603082.7849099662,241233.11396398649,70783.17002132557,28313.268008530227
Iran,IRN,Southern Asia,Food,Industrial,Manufacturing,3415317.519727176,3373819.6816417896,154156.59449478367,112658.75640939688,416.278789762913,64172120.590260684,46897450.77429855,3137086.697968848,2292605.692931227
Iran,IRN,Southern Asia,Health,Health care,Group treatment area,596111.2654751354,349652.05875341606,583202.9850572266,340540.33139959804,494.6359941082607,288473188.2806864,168443505.35579672,18225093.283038333,10641885.35623744
Iran,IRN,Southern Asia,Retail,Commercial/Retail,Retail,3149136.737445925,230467.28847903066,2304672.8847903064,177282.52959925437,183.9890348898506,424034539.8093763,32618041.523798183,37105233.44512394,2854248.7265479956
Iran,IRN,Southern Asia,Security,Commercial/Retail,Office,313492.5586733616,250794.04693868925,313492.5586733616,250794.04693868925,173.44246952421238,54372923.55377188,43498338.8430175,3370045.0057386374,2696036.0045909095
Iran,IRN,Southern Asia,Transport,Commercial/Retail,Transportation waiting,2684907.6340780756,2196742.609700244,2196742.609700244,1797334.8624820176,339.7263745961499,746291402.714349,610602056.7662855,58433353.41802649,47809107.342021674
Iran,IRN,Southern Asia,Manual,Industrial,Manufacturing,3041978.9991963017,1491874.7135733797,2497651.5688498192,1241297.6240723128,416.278789762913,1039719372.3302437,516725872.68440175,50827209.426093824,25260406.64987157
Iran,IRN,Southern Asia,Cleaning,Commercial/Retail,Office,301029.66420938994,33621.19039077922,222840.39484884235,21013.243994237015,173.44246952421238,38649988.39233379,3644588.931075292,2395534.244625055,225892.37293804792
Iran,IRN,Southern Asia,Tech,Commercial/Retail,Office,411176.02501180745,91367.94590962076,398596.424167056,88567.82157323176,173.44246952421238,69133548.15105464,15361421.69404113,4284911.559795852,952104.0819122414
Iran,IRN,Southern Asia,ArmedForces,Correctional facilities,Dayroom,50525.41484554873,20210.165938219496,50525.41484554873,20210.165938219496,155.49262375916356,7856329.320854566,3142531.728341827,922088.8209312643,368835.5283725058
Iraq,IRQ,Western Asia,Food,Industrial,Manufacturing,999391.7670340537,974283.9338150064,33093.42035471159,7985.587135664406,416.278789762913,13776088.974374691,3324230.5483806655,673451.1042183809,162506.69821077067
Iraq,IRQ,Western Asia,Health,Health care,Group treatment area,275464.2160163157,151934.6685519131,272483.2161092382,149830.43332338784,494.6359941082607,134780006.47800907,74111525.33458541,8515100.503413694,4682201.04135587
Iraq,IRQ,Western Asia,Retail,Commercial/Retail,Retail,1218589.9880000493,90757.2809685362,907572.8096853622,69813.29305272017,183.9890348898506,166983445.34627983,12844880.411252294,14611922.235934332,1123994.0181487948
Iraq,IRQ,Western Asia,Security,Commercial/Retail,Office,902184.8447101981,721747.8757681586,902184.8447101981,721747.8757681586,173.44246952421238,156477167.43385482,125181733.94708388,9698487.08063463,7758789.664507705
Iraq,IRQ,Western Asia,Transport,Commercial/Retail,Transportation waiting,1072608.3925701652,877588.6848301353,877588.6848301353,718027.1057701107,339.7263745961499,298140022.2839451,243932745.505046,23343859.0164816,19099521.013484947
Iraq,IRQ,Western Asia,Manual,Industrial,Manufacturing,947658.7274210125,263959.8245349346,786328.0109631063,226565.4760956147,416.278789762913,327331672.7604005,94314402.19114068,16001775.023099214,4610607.43854576
Iraq,IRQ,Western Asia,Cleaning,Commercial/Retail,Office,166739.92663321685,23306.775892209847,119527.62561750582,14566.734932631147,173.44246952421238,20731166.563465722,2526490.4796201577,1284921.9753881877,156592.40052578482
Iraq,IRQ,Western Asia,Tech,Commercial/Retail,Office,273643.26185739174,146505.17854656678,266114.34316969395,141140.81982471212,173.44246952421238,46155528.85516544,24479812.34106998,2860729.18907421,1517263.8131156552
Iraq,IRQ,Western Asia,ArmedForces,Correctional facilities,Dayroom,251356.25754468475,100542.5030178739,251356.25754468475,100542.5030178739,155.49262375916356,39084043.98390708,15633617.593562832,4587251.700190497,1834900.6800761987
Iceland,ISL,Northern Europe,Food,Industrial,Manufacturing,9162.78035355925,7439.139016788704,1897.2515573850858,173.6102206145401,416.278789762913,789785.5821840654,72270.25252789308,38609.0691927865,3532.9679895058916
Iceland,ISL,Northern Europe,Health,Health care,Group treatment area,23199.644344361157,11338.869839998435,22998.85460707942,11197.135907799558,494.6359941082607,11376061.31192408,5538506.450919737,718714.2064712318,349910.4971187362
Iceland,ISL,Northern Europe,Retail,Commercial/Retail,Retail,15961.708763371153,1227.8237510285505,12278.237510285506,944.4798084835004,183.9890348898506,2259061.069665792,173773.92843583017,197679.62391559666,15206.124916584358
Iceland,ISL,Northern Europe,Security,Commercial/Retail,Office,3555.561852345021,2844.449481876018,3555.561852345021,2844.449481876018,173.44246952421238,616685.4282168035,493348.34257344296,38222.28991270898,30577.831930167195
Iceland,ISL,Northern Europe,Transport,Commercial/Retail,Transportation waiting,8518.917844505359,6970.023690958931,6970.023690958931,5702.7466562391255,339.7263745961499,2367900.8793787532,1937373.4467644347,185402.63017950757,151693.06105596074
Iceland,ISL,Northern Europe,Manual,Industrial,Manufacturing,10850.896077233612,5544.527123587876,9227.12803236757,4912.015273878572,416.278789762913,3841057.69030142,2044767.7735071154,187772.05545868006,99959.51082342895
Iceland,ISL,Northern Europe,Cleaning,Commercial/Retail,Office,2261.187776050509,167.26219505652074,1744.9379841616574,104.53887191032545,173.44246952421238,302646.35313959885,18131.480105402166,18758.083329737816,1123.7928730359986
Iceland,ISL,Northern Europe,Tech,Commercial/Retail,Office,5978.146767117726,2000.8382938878892,5808.5350599473195,1932.685931753428,173.44246952421238,1007446.6651152321,335209.82081801794,62441.751894433684,20776.37376634935
Iceland,ISL,Northern Europe,ArmedForces,Correctional facilities,Dayroom,437.8354218328903,175.13416873315614,437.8354218328903,175.13416873315614,155.49262375916356,68080.17851549629,27232.071406198516,7990.496448450248,3196.1985793800995
Israel,ISR,Western Asia,Food,Industrial,Manufacturing,53717.58668816111,34577.09980147025,20242.10562623942,1101.6187395485656,416.278789762913,8426359.232343998,458580.51567942253,411926.8494939722,22417.94134981331
Israel,ISR,Western Asia,Health,Health care,Group treatment area,448338.3870153216,207628.17003443747,446652.72072935535,206438.28795022605,494.6359941082607,220930512.53912404,102111807.78226744,13957897.522792354,6451196.498444564
Israel,ISR,Western Asia,Retail,Commercial/Retail,Retail,196586.1774017407,15109.6244231356,151096.244231356,11622.788017796614,183.9890348898506,27800052.15160834,2138465.5501237186,2432649.532124832,187126.8870865255
Israel,ISR,Western Asia,Security,Commercial/Retail,Office,76263.38711797564,61010.70969438051,76263.38711797564,61010.70969438051,173.44246952421238,13227310.1960227,10581848.15681816,819831.4115182381,655865.1292145904
Israel,ISR,Western Asia,Transport,Commercial/Retail,Transportation waiting,154637.99504684354,126521.9959474175,126521.9959474175,103517.99668425068,339.7263745961499,42982858.98988492,35167793.718996756,3365485.0922013056,2753578.7118010684
Israel,ISR,Western Asia,Manual,Industrial,Manufacturing,153330.18308201444,82231.46252643902,133387.98771866207,74530.99411897415,416.278789762913,55526590.09643495,31025672.031673346,2714445.5500747734,1516705.7303211242
Israel,ISR,Western Asia,Cleaning,Commercial/Retail,Office,41748.14342425091,1860.4842729777595,33239.715959394285,1162.8026706110998,173.44246952421238,5765178.4222807195,201679.36676013845,357326.9465634886,12500.128709069322
Israel,ISR,Western Asia,Tech,Commercial/Retail,Office,90396.57516159417,22328.746382432335,85802.97715627326,21613.783532381975,173.44246952421238,14881880.250513617,3748747.9916180843,922382.0044299376,232348.17297310624
Israel,ISR,Western Asia,ArmedForces,Correctional facilities,Dayroom,8318.532028709335,3327.412811483735,8318.532028709335,3327.412811483735,155.49262375916356,1293470.3709686522,517388.148387461,151813.20952394535,60725.28380957816
Italy,ITA,Southern Europe,Food,Industrial,Manufacturing,950604.0701790686,857916.9000893522,153356.0160250614,60668.845935344856,416.278789762913,63838856.75377445,25255153.76227798,3120794.92611,1234611.0147842679
Italy,ITA,Southern Europe,Health,Health care,Group treatment area,1741540.3134028604,965616.5319453271,1698340.073099645,935122.2446724687,494.6359941082607,840060130.3915391,462545121.1063148,53073127.28436391,29222570.14601465
Italy,ITA,Southern Europe,Retail,Commercial/Retail,Retail,1714919.247054938,125932.93066953144,1259329.3066953144,96871.48513040881,183.9890348898506,231702783.74737555,17823291.057490427,20275201.837794565,1559630.910599582
Italy,ITA,Southern Europe,Security,Commercial/Retail,Office,271828.7638812609,217463.01110500874,271828.7638812609,217463.01110500874,173.44246952421238,47146652.09527992,37717321.67622394,2922159.2117235544,2337727.369378844
Italy,ITA,Southern Europe,Transport,Commercial/Retail,Transportation waiting,657714.3998745793,538129.9635337468,538129.9635337468,440288.15198215644,339.7263745961499,182816941.57287815,149577497.65053666,14314257.029997665,11711664.842725363
Italy,ITA,Southern Europe,Manual,Industrial,Manufacturing,1620084.886703573,818954.2341171842,1429413.924340664,746505.7380406118,416.278789762913,595034698.4947877,310754505.18261606,29088573.360332515,15191391.769126453
Italy,ITA,Southern Europe,Cleaning,Commercial/Retail,Office,743894.1404791457,62863.903264647255,567525.1976787486,39289.93954040453,173.44246952421238,98432971.80261897,6814544.14134476,6100895.8750465475,422366.8500593487
Italy,ITA,Southern Europe,Tech,Commercial/Retail,Office,864947.8992877566,324511.7350924391,810897.3095395911,313094.83074723923,173.44246952421238,140644031.89708635,54303940.640066475,8717146.077550605,3365769.430532822
Italy,ITA,Southern Europe,ArmedForces,Correctional facilities,Dayroom,101126.86371836781,40450.745487347136,101126.86371836781,40450.745487347136,155.49262375916356,15724481.372104375,6289792.548841751,1845565.2628602125,738226.1051440852
Jordan,JOR,Western Asia,Food,Industrial,Manufacturing,73032.1146707896,71828.4510032316,4538.793846620004,3335.1301790620196,416.278789762913,1889403.6094543317,1388343.954641705,92364.45477871709,67869.8991439121
Jordan,JOR,Western Asia,Health,Health care,Group treatment area,79830.01845877367,44451.02687771784,78898.27609314641,43793.326384333894,494.6359941082607,39025927.228761494,21661755.53142252,2465571.1279108254,1368541.4495104342
Jordan,JOR,Western Asia,Retail,Commercial/Retail,Retail,201344.01386378997,15097.20811682409,150972.08116824093,11613.237012941609,183.9890348898506,27777207.509456836,2136708.2699582176,2430650.506808679,186973.1159083599
Jordan,JOR,Western Asia,Security,Commercial/Retail,Office,279827.21028892155,223861.76823113725,279827.21028892155,223861.76823113725,173.44246952421238,48533922.39258165,38827137.91406532,3008142.5106059066,2406514.0084847254
Jordan,JOR,Western Asia,Transport,Commercial/Retail,Transportation waiting,130933.25490581768,107127.20855930538,107127.20855930538,87649.53427579533,339.7263745961499,36393938.18445846,29776858.51455693,2849583.747677523,2331477.611736156
Jordan,JOR,Western Asia,Manual,Industrial,Manufacturing,206397.82915848374,87255.23537956909,182176.88269222967,81158.39120165097,416.278789762913,75836372.24990153,33784516.868528314,3707299.562786874,1651573.2609535975
Jordan,JOR,Western Asia,Cleaning,Commercial/Retail,Office,200192.12171275317,15033.856269252849,154298.55453625027,9396.16016828303,173.44246952421238,26761922.34278361,1629693.2236320477,1658709.4612646904,101008.72180904257
Jordan,JOR,Western Asia,Tech,Commercial/Retail,Office,310334.3504126837,26215.818595648227,309980.0714448477,25888.791856107342,173.44246952421238,53763709.09468617,4490215.992521576,3332285.7680321126,278304.5124531539
Jordan,JOR,Western Asia,ArmedForces,Correctional facilities,Dayroom,5441.086527986995,2176.434611194798,5441.086527986995,2176.434611194798,155.49262375916356,846048.8203373353,338419.52813493414,99299.82913576266,39719.931654305066
Japan,JPN,Eastern Asia,Food,Industrial,Manufacturing,1798967.4798531334,1798967.4798531334,0.0,0.0,416.278789762913,0.0,0.0,0.0,0.0
Japan,JPN,Eastern Asia,Health,Health care,Group treatment area,5551521.910182675,2643055.308472166,5551521.910182675,2643055.308472166,494.6359941082607,2745982558.856998,1307350289.9892454,173485059.6932086,82595478.38975519
Japan,JPN,Eastern Asia,Retail,Commercial/Retail,Retail,2872211.4621837037,220939.34324490032,2209393.432449003,169953.34095761564,183.9890348898506,406504165.3282664,31269551.179097418,35571234.262428954,2736248.789417612
Japan,JPN,Eastern Asia,Security,Commercial/Retail,Office,1032577.847291992,826062.2778335938,1032577.847291992,826062.2778335938,173.44246952421238,179092851.81031817,143274281.44825456,11100211.858388914,8880169.486711133
Japan,JPN,Eastern Asia,Transport,Commercial/Retail,Transportation waiting,1997153.4982478402,1634034.6803845966,1634034.6803845966,1336937.4657692153,339.7263745961499,555124677.9314376,454192918.30753976,43465322.49823027,35562536.589461125
Japan,JPN,Eastern Asia,Manual,Industrial,Manufacturing,4758564.655991326,2199895.264149776,3681187.2723679477,1728003.8375955827,416.278789762913,1532400182.631968,719331346.2199584,74912160.99268775,35164878.09507011
Japan,JPN,Eastern Asia,Cleaning,Commercial/Retail,Office,1432333.8156545907,188695.6525357789,1036365.1359323433,117934.7828348618,173.44246952421238,179749728.50490168,20454899.977680124,11140925.21127269,1267798.9154747643
Japan,JPN,Eastern Asia,Tech,Commercial/Retail,Office,4308105.294638239,208058.0157412645,3867465.850617243,208058.0157412645,173.44246952421238,670782827.9316133,36086096.05447237,41575257.89413536,2236623.6692185933
Japan,JPN,Eastern Asia,ArmedForces,Correctional facilities,Dayroom,122606.01772293914,49042.407089175664,122606.01772293914,49042.407089175664,155.49262375916356,19064331.384402316,7625732.553760927,2237559.823443639,895023.9293774558
Kenya,KEN,Eastern Africa,Food,Industrial,Manufacturing,10512308.140615312,10512308.140615312,806162.7855918849,806162.7855918849,416.278789762913,335588468.73808855,335588468.73808855,16405412.686794858,16405412.686794858
Kenya,KEN,Eastern Africa,Health,Health care,Group treatment area,202310.43815569053,111848.01431155369,200964.14930505917,110897.69276993153,494.6359941082607,99404101.77162887,54853990.507567555,6280129.665783099,3465552.89906036
Kenya,KEN,Eastern Africa,Retail,Commercial/Retail,Retail,818326.4298525398,62948.186911733836,629481.8691173383,48421.682239795264,183.9890348898506,115817761.57955833,8909058.58304295,10134658.092789147,779589.0840607039
Kenya,KEN,Eastern Africa,Security,Commercial/Retail,Office,394442.2764317588,315553.82114540704,394442.2764317588,315553.82114540704,173.44246952421238,68413042.50907628,54730434.00726102,4240254.471641406,3392203.5773131256
Kenya,KEN,Eastern Africa,Transport,Commercial/Retail,Transportation waiting,759055.3683338561,621045.3013640641,621045.3013640641,508127.9738433252,339.7263745961499,210985468.69238687,172624474.38468018,16519805.016284106,13516204.104232451
Kenya,KEN,Eastern Africa,Manual,Industrial,Manufacturing,804778.542262976,505390.8697184436,671031.6363250577,444592.5741475068,416.278789762913,279336237.4620222,185074458.7037023,13655493.799214926,9047458.883901764
Kenya,KEN,Eastern Africa,Cleaning,Commercial/Retail,Office,974755.9751133135,0.0,812296.6459277612,0.0,173.44246952421238,140886736.25594565,0.0,8732188.943723433,0.0
Kenya,KEN,Eastern Africa,Tech,Commercial/Retail,Office,480483.21040611464,66872.53868977129,478765.01682674285,65286.51384727433,173.44246952421238,83038186.84023137,11323454.188297948,5146723.930887486,701830.023858199
Kenya,KEN,Eastern Africa,ArmedForces,Correctional facilities,Dayroom,36846.14895377453,14738.459581509813,36846.14895377453,14738.459581509813,155.49262375916356,5729304.376243361,2291721.7504973444,672442.2184063852,268976.8873625541
Kyrgyzstan,KGZ,Central Asia,Food,Industrial,Manufacturing,507742.44322874316,473283.539452853,36173.465344724595,1714.561568834394,416.278789762913,15058246.375232628,713735.614848383,736130.0197651455,34891.32792577992
Kyrgyzstan,KGZ,Central Asia,Health,Health care,Group treatment area,104868.70962360133,59106.15704740869,102546.75682692113,57467.13154386972,494.6359941082607,50723317.0056622,28425311.73975219,3204586.1508412855,1795847.8607459287
Kyrgyzstan,KGZ,Central Asia,Retail,Commercial/Retail,Retail,273746.5121731339,20593.149064062007,205931.4906406201,15840.88389543231,183.9890348898506,37889136.21639599,2914548.9397227676,3315496.9993139836,255038.2307164602
Kyrgyzstan,KGZ,Central Asia,Security,Commercial/Retail,Office,79747.59329346077,63798.07463476863,79747.59329346077,63798.07463476863,173.44246952421238,13831619.519430354,11065295.615544286,857286.6279047033,685829.3023237628
Kyrgyzstan,KGZ,Central Asia,Transport,Commercial/Retail,Transportation waiting,264386.60234151874,216316.3110066972,216316.3110066972,176986.0726418432,339.7263745961499,73488356.10431847,60126836.81262422,5754013.872778146,4707829.532273029
Kyrgyzstan,KGZ,Central Asia,Manual,Industrial,Manufacturing,269773.8706537058,111278.26602687279,226492.74856009628,96603.40107706818,416.278789762913,94284127.26067263,40213946.88734323,4609127.433197959,1965879.2119183375
Kyrgyzstan,KGZ,Central Asia,Cleaning,Commercial/Retail,Office,115050.65423856473,18991.77374064307,80049.06708160137,11869.85858790192,173.44246952421238,13883907.87774228,2058737.5863888892,860527.4711272147,127600.97981994563
Kyrgyzstan,KGZ,Central Asia,Tech,Commercial/Retail,Office,99029.92153750027,23189.13472406887,96364.14518262475,22467.87073434952,173.44246952421238,16713635.314064171,3896882.98511636,1035914.5607132161,241529.61039425732
Kyrgyzstan,KGZ,Central Asia,ArmedForces,Correctional facilities,Dayroom,5653.692909771268,2261.4771639085075,5653.692909771268,2261.4771639085075,155.49262375916356,879107.5444689145,351643.0177875658,103179.89560332564,41271.95824133026
Cambodia,KHM,South-eastern Asia,Food,Industrial,Manufacturing,2882833.0889312467,2868422.3829684122,96420.84129402511,82010.13533119077,416.278789762913,40137951.12179868,34139079.883960806,1962164.1203334113,1668906.2539897324
Cambodia,KHM,South-eastern Asia,Health,Health care,Group treatment area,52987.66548290784,28550.373987343508,52408.136907972956,28141.294993271826,494.6359941082607,25922950.898837034,13919697.42449083,1637754.2783741548,879415.4685397445
Cambodia,KHM,South-eastern Asia,Retail,Commercial/Retail,Retail,1370655.8868714012,105316.38030474313,1053163.8030474314,81012.60023441778,183.9890348898506,193770591.7036216,14905430.131047811,16955937.22906365,1304302.8637741264
Cambodia,KHM,South-eastern Asia,Security,Commercial/Retail,Office,115232.18986991757,92185.75189593405,115232.18986991757,92185.75189593405,173.44246952421238,19986155.579721432,15988924.463777145,1238746.0411016138,990996.832881291
Cambodia,KHM,South-eastern Asia,Transport,Commercial/Retail,Transportation waiting,272267.0966860854,222763.98819770623,222763.98819770623,182261.44488903243,339.7263745961499,75678802.10098627,61919019.90080696,5925522.086058986,4848154.434048262
Cambodia,KHM,South-eastern Asia,Manual,Industrial,Manufacturing,873708.1866181291,316334.67970272433,731904.2255237655,264243.58478388673,416.278789762913,304676205.2233952,109998999.67645006,14894250.989408629,5377356.950352095
Cambodia,KHM,South-eastern Asia,Cleaning,Commercial/Retail,Office,59859.64751299681,3959.856113154711,46583.159499868416,2474.910070721694,173.44246952421238,8079498.221897452,429254.51451631373,500768.96462358546,26605.28326025821
Cambodia,KHM,South-eastern Asia,Tech,Commercial/Retail,Office,97118.70636440668,16662.45344606731,92764.93490938637,16196.375725760565,173.44246952421238,16089379.39593679,2809139.40321792,997223.0502759035,174111.03905192608
Cambodia,KHM,South-eastern Asia,ArmedForces,Correctional facilities,Dayroom,22287.531662909947,8915.01266516398,22287.531662909947,8915.01266516398,155.49262375916356,3465546.7753813015,1386218.7101525208,406747.4528481065,162698.98113924265
Kiribati,KIR,Micronesia,Food,Industrial,Manufacturing,10121.185646936921,9347.464287111725,1880.5980345868948,1106.876674761696,416.278789762913,782853.0738683454,460769.28258659627,38270.17000384331,22524.940331400514
Kiribati,KIR,Micronesia,Health,Health care,Group treatment area,920.482248798185,467.5510038022226,914.555319552404,463.3672890404948,494.6359941082607,452371.97965380136,229198.13965179495,28579.853736012625,14480.227782515463
Kiribati,KIR,Micronesia,Retail,Commercial/Retail,Retail,3758.5169610685125,289.1166893129625,2891.1668931296254,222.39745331766346,183.9890348898506,531943.0063724075,40918.6927978775,46547.786979386976,3580.598998414382
Kiribati,KIR,Micronesia,Security,Commercial/Retail,Office,2078.1571554548123,1662.52572436385,2078.1571554548123,1662.52572436385,173.44246952421238,360440.70910149516,288352.5672811962,22340.189421139232,17872.151536911388
Kiribati,KIR,Micronesia,Transport,Commercial/Retail,Transportation waiting,1039.7646269730687,850.7165129779652,850.7165129779652,696.040783345608,339.7263745961499,289010.83676308265,236463.41189706765,22629.059245213874,18514.684836993176
Kiribati,KIR,Micronesia,Manual,Industrial,Manufacturing,4997.217993853084,1586.213548566207,4404.939278416259,1368.0509031805339,416.278789762913,1833682.7917982396,569490.5743100527,89640.51431577088,27839.835879723865
Kiribati,KIR,Micronesia,Cleaning,Commercial/Retail,Office,693.379451012834,93.18801625281752,500.15952896668045,58.242510158010944,173.44246952421238,86748.9038600479,10101.724793094443,5376.714936391815,626.1069841986176
Kiribati,KIR,Micronesia,Tech,Commercial/Retail,Office,857.1080085606617,197.14849924700655,850.5781224909276,191.1209121057135,173.44246952421238,147526.3700880945,33148.48297333489,9143.714816777472,2054.54980513642
Kiribati,KIR,Micronesia,ArmedForces,Correctional facilities,Dayroom,71.77890734191847,28.711562936767393,71.77890734191847,28.711562936767393,155.49262375916356,11161.090633160791,4464.436253264317,1309.965058990012,523.9860235960049
Laos,LAO,South-eastern Asia,Food,Industrial,Manufacturing,1547757.0963918664,1547757.0963918664,463.7342871774011,463.7342871774011,416.278789762913,193042.74783777568,193042.74783777568,9436.992744060113,9436.992744060113
Laos,LAO,South-eastern Asia,Health,Health care,Group treatment area,6145.496586957613,3277.598179710727,6145.496586957613,3277.598179710727,494.6359941082607,3039783.813578702,1621218.0339086412,192046.7683424254,102424.94311596022
Laos,LAO,South-eastern Asia,Retail,Commercial/Retail,Retail,246666.4466424939,18974.34204942261,189743.42049422613,14595.647730325083,183.9890348898506,34910708.81343176,2685439.13949475,3054869.0699570407,234989.92845823386
Laos,LAO,South-eastern Asia,Security,Commercial/Retail,Office,18331.046019288944,14664.836815431157,18331.046019288944,14664.836815431157,173.44246952421238,3179381.8905474576,2543505.512437966,197058.74470735615,157646.99576588493
Laos,LAO,South-eastern Asia,Transport,Commercial/Retail,Transportation waiting,35870.37355677164,29348.48745554044,29348.48745554044,24012.398827260364,339.7263745961499,9970455.243151339,8157645.198942006,780669.7663173757,638729.8088051258
Laos,LAO,South-eastern Asia,Manual,Industrial,Manufacturing,100778.2466275478,50089.31966938875,67881.10197763208,32038.806239702804,416.278789762913,28257462.97902156,13337075.486911949,1381380.4252448129,651989.7069779522
Laos,LAO,South-eastern Asia,Cleaning,Commercial/Retail,Office,49490.36573850059,3837.2844166030877,38044.23443491459,2398.30276037693,173.44246952421238,6598485.971549666,415967.55342651013,408975.52017533185,25781.754674051997
Laos,LAO,South-eastern Asia,Tech,Commercial/Retail,Office,3180.708273192735,187.10048665839616,3180.708273192735,187.10048665839616,173.44246952421238,551669.8977386411,32451.170455214182,34192.6139368219,2011.3302315777587
Laos,LAO,South-eastern Asia,ArmedForces,Correctional facilities,Dayroom,30948.220163380334,12379.288065352135,30948.220163380334,12379.288065352135,155.49262375916356,4812219.953880258,1924887.9815521033,564805.017981691,225922.00719267648
Lebanon,LBN,Western Asia,Food,Industrial,Manufacturing,62073.48302208974,51276.19343232489,13563.571216437229,2766.281626672374,416.278789762913,5646227.010841572,1151544.367694558,276018.67425449763,56293.83110278282
Lebanon,LBN,Western Asia,Health,Health care,Group treatment area,57065.87218638949,29825.390108049272,56534.93494549854,29450.610879185067,494.6359941082607,27964213.74861252,14567332.189321265,1766716.7170468294,920331.5899745333
Lebanon,LBN,Western Asia,Retail,Commercial/Retail,Retail,143039.0337825986,10787.835757541096,107878.35757541096,8298.335198108536,183.9890348898506,19848434.895802066,1526802.6842924666,1736841.5569641166,133603.19668954745
Lebanon,LBN,Western Asia,Security,Commercial/Retail,Office,49884.59676740158,39907.67741392126,49884.59676740158,39907.67741392126,173.44246952421238,8652107.654557671,6921686.123646136,536259.415249567,429007.5321996535
Lebanon,LBN,Western Asia,Transport,Commercial/Retail,Transportation waiting,113748.9268069895,93067.30375117324,93067.30375117324,76145.97579641447,339.7263745961499,31617417.696824748,25868796.297402065,2475590.2797812084,2025482.956184625
Lebanon,LBN,Western Asia,Manual,Industrial,Manufacturing,113036.29922029619,54006.34085073138,96462.75221170805,47630.88518458669,416.278789762913,40155397.747889586,19827727.239976007,1963017.007508259,969288.5135063392
Lebanon,LBN,Western Asia,Cleaning,Commercial/Retail,Office,75509.18967001793,1810.1856205666988,61415.83670787604,1131.3660128541867,173.44246952421238,10652114.386509795,196226.91520519197,660220.2446096675,12162.184638182507
Lebanon,LBN,Western Asia,Tech,Commercial/Retail,Office,33857.72953797611,5273.982094973271,32873.4213767329,5135.616760108837,173.44246952421238,5701647.385290587,890734.0534032114,353389.27979987866,55207.88017117
Lebanon,LBN,Western Asia,ArmedForces,Correctional facilities,Dayroom,34826.62015955934,13930.648063823737,34826.62015955934,13930.648063823737,155.49262375916356,5415282.545273661,2166113.0181094646,635585.8179119579,254234.3271647832
Liberia,LBR,Western Africa,Food,Industrial,Manufacturing,954403.2778608635,948131.0939196252,16998.03314849344,10725.849207255136,416.278789762913,7075920.667404726,4464943.527175668,345909.97457184154,218271.03136764205
Liberia,LBR,Western Africa,Health,Health care,Group treatment area,61249.100124837,33847.11638667408,60362.95438265911,33221.60174513675,494.6359941082607,29857689.948378183,16432600.005074447,1886342.324458097,1038175.0545355235
Liberia,LBR,Western Africa,Retail,Commercial/Retail,Retail,532164.5099164653,40400.47059625611,404004.70596256113,31077.285074043164,183.9890348898506,74332435.94100949,5717879.687769961,6504475.765997235,500344.28969209496
Liberia,LBR,Western Africa,Security,Commercial/Retail,Office,81883.50180484171,65506.801443873366,81883.50180484171,65506.801443873366,173.44246952421238,14202076.766322048,11361661.413057638,880247.6444020484,704198.1155216387
Liberia,LBR,Western Africa,Transport,Commercial/Retail,Transportation waiting,82898.76894312275,67826.26549891863,67826.26549891863,55494.21722638798,339.7263745961499,23042371.280343547,18852849.229372,1804178.6622712356,1476146.1782219203
Liberia,LBR,Western Africa,Manual,Industrial,Manufacturing,183297.85405242612,77835.45892914193,151484.92121713434,65541.90533817343,416.278789762913,63059959.671598904,27283705.03293024,3082718.146768684,1333777.7736318293
Liberia,LBR,Western Africa,Cleaning,Commercial/Retail,Office,117433.90329903885,24165.765639243164,77723.44804982975,15103.603524526978,173.44246952421238,13480546.769699302,2619606.294008557,835527.0665356698,162363.737888665
Liberia,LBR,Western Africa,Tech,Commercial/Retail,Office,114026.93966109175,28473.510351284778,111634.66988805571,27573.382964471904,173.44246952421238,19362192.829904612,4782395.634494855,1200072.7012965989,296413.86686807295
Liberia,LBR,Western Africa,ArmedForces,Correctional facilities,Dayroom,8023.341740745655,3209.3366962982623,8023.341740745655,3209.3366962982623,155.49262375916356,1247570.4585849566,499028.18343398266,146425.9867686082,58570.39470744329
Sri Lanka,LKA,Southern Asia,Food,Industrial,Manufacturing,1743918.853767376,1722967.0108269698,150076.22831164039,129124.38537123433,416.278789762913,62473550.69375228,53751742.871217415,3054051.246141882,2627681.242304619
Sri Lanka,LKA,Southern Asia,Health,Health care,Group treatment area,134521.72442017362,70277.16850037192,133447.20817621818,69518.68644581514,494.6359941082607,66007792.47721569,34386444.57922624,4170225.255506818,2172458.9514317233
Sri Lanka,LKA,Southern Asia,Retail,Commercial/Retail,Retail,628616.6678835575,44103.24037748513,441032.4037748513,33925.5695211424,183.9890348898506,81145126.32568578,6241932.794283521,7100621.700775106,546201.6692903928
Sri Lanka,LKA,Southern Asia,Security,Commercial/Retail,Office,109723.8547777305,87779.0838221844,109723.8547777305,87779.0838221844,173.44246952421238,19030776.33836563,15224621.070692502,1179531.438860603,943625.1510884824
Sri Lanka,LKA,Southern Asia,Transport,Commercial/Retail,Transportation waiting,421715.6611363965,345040.0863843244,345040.0863843244,282305.5252235382,339.7263745961499,117219217.63768892,95906632.6126546,9178066.29782303,7509326.970946117
Sri Lanka,LKA,Southern Asia,Manual,Industrial,Manufacturing,585005.7623148956,253088.05562536788,481216.6927215836,207252.81306381497,416.278789762913,200320302.4598524,86274950.19716415,9792759.696884226,4217594.745848635
Sri Lanka,LKA,Southern Asia,Cleaning,Commercial/Retail,Office,261044.57406955134,27092.460878298087,194960.0943260444,16932.7880489363,173.44246952421238,33814360.218582526,2936864.575137582,2095821.0140049774,182027.47152606523
Sri Lanka,LKA,Southern Asia,Tech,Commercial/Retail,Office,106410.29784562007,57389.69441536975,100660.41892794403,55274.671304598676,173.44246952421238,17458791.642204385,9586975.493208712,1082099.5034753983,594202.7165244358
Sri Lanka,LKA,Southern Asia,ArmedForces,Correctional facilities,Dayroom,24577.473550755367,9830.989420302147,24577.473550755367,9830.989420302147,155.49262375916356,3821615.847778398,1528646.3391113593,448538.89230128546,179415.55692051418
Lesotho,LSO,Southern Africa,Food,Industrial,Manufacturing,307654.8828411338,304996.7934664925,15548.081121706358,12889.991747065043,416.278789762913,6472336.3924795175,5365830.164522173,316403.4508267244,262311.3320527737
Lesotho,LSO,Southern Africa,Health,Health care,Group treatment area,14190.13672098382,8056.217250250859,13770.103230256233,7759.723021501975,494.6359941082607,6811188.700271164,3838238.310745386,430315.7259455073,242491.34442193672
Lesotho,LSO,Southern Africa,Retail,Commercial/Retail,Retail,56986.59695966652,2870.3800632046746,28703.80063204675,2207.984664003596,183.9890348898506,5281184.575960965,406244.9673816127,462131.19017595274,35548.5530904579
Lesotho,LSO,Southern Africa,Security,Commercial/Retail,Office,14575.890807979607,11660.712646383687,14575.890807979607,11660.712646383687,173.44246952421238,2528078.4972512503,2022462.7978010005,156690.82618578078,125352.66094862463
Lesotho,LSO,Southern Africa,Transport,Commercial/Retail,Transportation waiting,18700.268886178466,15300.219997782384,15300.219997782384,12518.361816367405,339.7263745961499,5197888.270370122,4252817.675757373,406985.85194101144,332988.424315373
Lesotho,LSO,Southern Africa,Manual,Industrial,Manufacturing,40594.232866926606,17624.925286957936,34207.92569144392,14931.951075514397,416.278789762913,14240033.907133933,6215854.52251416,696131.2878208838,303865.204386718
Lesotho,LSO,Southern Africa,Cleaning,Commercial/Retail,Office,42185.86325831463,865.8943915663245,34433.30738895692,541.1839947289529,173.44246952421238,5972197.867426998,93864.28851276793,370158.0544312869,5817.727943336244
Lesotho,LSO,Southern Africa,Tech,Commercial/Retail,Office,7602.423941613249,1856.9036678311195,7494.369210295354,1798.803259853998,173.44246952421238,1299841.9033598476,311988.87957728095,80564.46901067505,19337.13504343048
Lesotho,LSO,Southern Africa,ArmedForces,Correctional facilities,Dayroom,1478.1037172032532,591.2414868813013,1478.1037172032532,591.2414868813013,155.49262375916356,229834.22517610656,91933.69007044262,26975.39283895937,10790.157135583748
Lithuania,LTU,Northern Europe,Food,Industrial,Manufacturing,59008.05974482912,51468.68332507814,10126.742557515927,2587.366137764949,416.278789762913,4215548.136083316,1077065.6445023355,206079.21104544913,52652.90090351672
Lithuania,LTU,Northern Europe,Health,Health care,Group treatment area,82862.78556422824,43555.049851255804,82117.28741034407,43028.815860278744,494.6359941082607,40618166.0916893,21283601.108350273,2566165.231573252,1344650.4956337109
Lithuania,LTU,Northern Europe,Retail,Commercial/Retail,Retail,79104.85425882594,6056.089445132743,60560.894451327425,4658.530342409802,183.9890348898506,11142540.52216584,857118.5017050647,975030.4006663717,75002.33851279783
Lithuania,LTU,Northern Europe,Security,Commercial/Retail,Office,16187.384720490529,12949.907776392425,16187.384720490529,12949.907776392425,173.44246952421238,2807579.9810603797,2246063.984848304,174014.38574527318,139211.50859621857
Lithuania,LTU,Northern Europe,Transport,Commercial/Retail,Transportation waiting,71470.77876650327,58476.09171804814,58476.09171804814,47844.07504203938,339.7263745961499,19865870.639924444,16253894.159938179,1555464.0397000806,1272652.3961182476
Lithuania,LTU,Northern Europe,Manual,Industrial,Manufacturing,102294.08580846812,49272.795703992844,86345.4246993314,42741.94484872446,416.278789762913,35943768.89540241,17792565.07374019,1757129.392631394,869798.5776715428
Lithuania,LTU,Northern Europe,Cleaning,Commercial/Retail,Office,42263.58041981929,4461.015901210952,31502.13709884029,2788.1349382568446,173.44246952421238,5463808.453713167,483581.00905800454,338647.9738125331,29972.45058626108
Lithuania,LTU,Northern Europe,Tech,Commercial/Retail,Office,31649.660967736425,10243.791331065158,29353.591527262135,9891.367385552874,173.44246952421238,5091159.403893341,1715583.1863215426,315551.10891806794,106332.1993946934
Lithuania,LTU,Northern Europe,ArmedForces,Correctional facilities,Dayroom,2306.7994329535945,922.719773181438,2306.7994329535945,922.719773181438,155.49262375916356,358690.2963161051,143476.11852644206,42099.0896514031,16839.635860561244
Luxembourg,LUX,Western Europe,Food,Industrial,Manufacturing,8177.3497270381,5515.694783141634,2788.7545869575924,127.09964306112659,416.278789762913,1160899.3844044788,52908.885592784,56751.15584458701,2586.4777362939262
Luxembourg,LUX,Western Europe,Health,Health care,Group treatment area,19030.458339301313,9721.21137558514,18847.57735724361,9592.118917662054,494.6359941082607,9322690.162632538,4744607.276442423,588986.7924138628,299753.7161769392
Luxembourg,LUX,Western Europe,Retail,Commercial/Retail,Retail,7333.052276097842,564.0809443152186,5640.809443152187,433.90841870401437,183.9890348898506,1037847.0854431264,79834.3911879328,90817.03203475021,6985.925541134632
Luxembourg,LUX,Western Europe,Security,Commercial/Retail,Office,4078.5487012280187,3262.838960982415,4078.5487012280187,3262.838960982415,173.44246952421238,707393.5588157566,565914.8470526052,43844.3985382012,35075.51883056096
Luxembourg,LUX,Western Europe,Transport,Commercial/Retail,Transportation waiting,8660.019418751628,7085.470433524059,7085.470433524059,5797.203081974232,339.7263745961499,2407121.1826893394,1969462.785836733,188473.51353174,154205.6019805146
Luxembourg,LUX,Western Europe,Manual,Industrial,Manufacturing,6945.623245932394,3514.190637975055,5992.040574575813,3153.309175624278,416.278789762913,2494359.398594689,1312655.7273771632,121938.0256926178,64169.84172395406
Luxembourg,LUX,Western Europe,Cleaning,Commercial/Retail,Office,8577.786870268075,222.7473159833428,6962.532961903944,139.2170724895892,173.44246952421238,1207598.911056349,24146.152852525644,74847.2293404674,1496.583529263084
Luxembourg,LUX,Western Europe,Tech,Commercial/Retail,Office,5701.763984753725,1828.1112187152921,5232.331266292642,1765.095110894985,173.44246952421238,907508.4561945451,306142.4549787397,56247.5611126459,18974.772442121088
Luxembourg,LUX,Western Europe,ArmedForces,Correctional facilities,Dayroom,617.0201229452597,246.80804917810394,617.0201229452597,246.80804917810394,155.49262375916356,95942.07782896011,38376.831131584055,11260.617243750989,4504.246897500397
Latvia,LVA,Northern Europe,Food,Industrial,Manufacturing,39027.83250811317,33812.34166919717,6926.318111187609,1710.8272722716172,416.278789762913,2883279.3208381236,712181.1063946144,140950.57356266785,34815.33499072741
Latvia,LVA,Northern Europe,Health,Health care,Group treatment area,54557.200173714,27442.914888589316,54148.368572139065,27154.327875712886,494.6359941082607,26783732.11802051,13431507.963144898,1692136.5178793457,848572.7461160277
Latvia,LVA,Northern Europe,Retail,Commercial/Retail,Retail,42798.54384603158,3292.1956804639685,32921.95680463968,2532.458215741514,183.9890348898506,6057279.059171004,465944.5430131542,530043.504554699,40772.57727343838
Latvia,LVA,Northern Europe,Security,Commercial/Retail,Office,11374.125148206087,9099.30011856487,11374.125148206087,9099.30011856487,173.44246952421238,1972756.354382312,1578205.0835058496,122271.84534321543,97817.47627457236
Latvia,LVA,Northern Europe,Transport,Commercial/Retail,Transportation waiting,53409.334200859754,43698.5461643398,43698.5461643398,35753.35595264165,339.7263745961499,14845548.663533654,12146357.997436624,1162381.3279714389,951039.2683402679
Latvia,LVA,Northern Europe,Manual,Industrial,Manufacturing,57820.045668680206,29868.12998236027,47140.925541611316,24888.082780162367,416.278789762913,19623767.43276555,10360380.979245186,959317.8347717903,506472.4845763042
Latvia,LVA,Northern Europe,Cleaning,Commercial/Retail,Office,21349.083044900814,2436.6859243071076,15760.330933828089,1522.928702691942,173.44246952421238,2733510.71768198,264140.51510419545,169423.55753865195,16371.483553938375
Latvia,LVA,Northern Europe,Tech,Commercial/Retail,Office,24030.78240054418,8142.96157560522,23347.720139622277,7864.908139354398,173.44246952421238,4049486.2387762764,1364109.090270705,250987.99150093948,84547.76249805978
Latvia,LVA,Northern Europe,ArmedForces,Correctional facilities,Dayroom,3854.62526843586,1541.8501073743444,3854.62526843586,1541.8501073743444,155.49262375916356,599365.796597462,239746.31863898487,70346.91114895444,28138.764459581784
Madagascar,MDG,Eastern Africa,Food,Industrial,Manufacturing,10949908.878447108,10949908.878447108,456296.0659182891,456296.0659182891,416.278789762913,189946374.09404376,189946374.09404376,9285624.941437185,9285624.941437185
Madagascar,MDG,Eastern Africa,Health,Health care,Group treatment area,71548.91939266704,44021.04289821583,69550.64011239656,42610.4928180249,494.6359941082607,34402250.01286115,21076683.47448665,2173457.5035123928,1331577.900563278
Madagascar,MDG,Eastern Africa,Retail,Commercial/Retail,Retail,852131.1135646013,65548.54719727703,655485.4719727702,50421.95938252078,183.9890348898506,120602139.37258819,9277087.644045245,10553316.098761601,811793.5460585846
Madagascar,MDG,Eastern Africa,Security,Commercial/Retail,Office,307693.38066479703,246154.70453183763,307693.38066479703,246154.70453183763,173.44246952421238,53367099.79875594,42693679.839004755,3307703.842146568,2646163.0737172547
Madagascar,MDG,Eastern Africa,Transport,Commercial/Retail,Transportation waiting,141045.65435735547,115400.98992874539,115400.98992874539,94418.9917598826,339.7263745961499,39204759.93329948,32076621.763608668,3069666.3321046275,2511545.180812877
Madagascar,MDG,Eastern Africa,Manual,Industrial,Manufacturing,1235818.0920508371,774728.3629923214,1068495.8334053974,711319.8781565425,416.278789762913,444792152.3967139,296107378.0133083,21743890.209799837,14475359.520485641
Madagascar,MDG,Eastern Africa,Cleaning,Commercial/Retail,Office,683923.0670459862,0.0,569935.8892049886,0.0,173.44246952421238,98851088.09419112,0.0,6126810.808953628,0.0
Madagascar,MDG,Eastern Africa,Tech,Commercial/Retail,Office,100560.78867134608,13789.801656043177,100210.35453657804,13466.32399318038,173.44246952421238,17380731.362720955,2335632.488790358,1077261.311268214,144762.9829266891
Madagascar,MDG,Eastern Africa,ArmedForces,Correctional facilities,Dayroom,11895.812504090643,4758.325001636258,11895.812504090643,4758.325001636258,155.49262375916356,1849711.0980081197,739884.439203248,217098.57819965424,86839.43127986172
Maldives,MDV,Southern Asia,Food,Industrial,Manufacturing,48382.19662725251,48035.01648702939,420.94633999458955,73.76619977146879,416.278789762913,175231.03296807545,30707.304366276298,8566.258018889897,1501.14216534939
Maldives,MDV,Southern Asia,Health,Health care,Group treatment area,8198.104954047283,4616.366239183344,8045.38174825484,4508.561623329854,494.6359941082607,3979535.3990284894,2230096.8605541163,251418.17963296376,140892.55072905796
Maldives,MDV,Southern Asia,Retail,Commercial/Retail,Retail,13385.35696670449,1029.6428435926532,10296.428435926533,792.0329566097336,183.9890348898506,1894429.9307385366,145725.3792875798,165772.4978184172,12751.730601416712
Maldives,MDV,Southern Asia,Security,Commercial/Retail,Office,5468.092988641535,4374.474390913229,5468.092988641535,4374.474390913229,173.44246952421238,948399.5515380189,758719.6412304153,58781.999627896505,47025.59970231722
Maldives,MDV,Southern Asia,Transport,Commercial/Retail,Transportation waiting,6044.259939838042,4945.303587140217,4945.303587140217,4046.1574803874505,339.7263745961499,1680050.0589364814,1374586.4118571212,131545.0754179298,107627.78897830618
Maldives,MDV,Southern Asia,Manual,Industrial,Manufacturing,8584.88282027876,2875.2217253281133,7470.550987033042,2461.705404915723,416.278789762913,3109831.9237442496,1024755.746711139,152025.71258612242,50095.704990034974
Maldives,MDV,Southern Asia,Cleaning,Commercial/Retail,Office,7643.833125386733,509.90035966821847,5944.943971432096,318.6877247926365,173.44246952421238,1031105.7635882614,55273.985995087445,63908.147692895036,3425.8930415208424
Maldives,MDV,Southern Asia,Tech,Commercial/Retail,Office,5726.898834559906,3066.6113921037895,5363.804641539014,2953.4586151500653,173.44246952421238,930311.5230739593,512255.1558491877,57660.8998965444,31749.680112863203
Maldives,MDV,Southern Asia,ArmedForces,Correctional facilities,Dayroom,1388.9603291721062,555.5841316688425,1388.9603291721062,555.5841316688425,155.49262375916356,215973.08588036228,86389.23435214491,25348.526007390938,10139.410402956375
Mexico,MEX,Central America,Food,Industrial,Manufacturing,7664626.183398621,6070433.746471424,1974241.7110527481,380049.27412554907,416.278789762913,821834950.1765006,158206451.88325712,40175818.81992343,7734002.728454924
Mexico,MEX,Central America,Health,Health care,Group treatment area,1719611.0291272784,932162.8601316418,1696637.1905107151,915946.0328728912,494.6359941082607,839217823.3693141,453059876.51960015,53019912.203459844,28623313.52727785
Mexico,MEX,Central America,Retail,Commercial/Retail,Retail,8897834.087573953,631341.861556339,6313418.61556339,485647.5858125684,183.9890348898506,1161599797.9331248,89353830.61024036,101646039.71057059,7818926.131582351
Mexico,MEX,Central America,Security,Commercial/Retail,Office,686721.2433148889,549376.9946519112,686721.2433148889,549376.9946519112,173.44246952421238,119106628.31527185,95285302.65221749,7382253.365635056,5905802.692508046
Mexico,MEX,Central America,Transport,Commercial/Retail,Transportation waiting,3395373.544077701,2778032.899699937,2778032.899699937,2272936.0088454033,339.7263745961499,943771045.5238894,772176309.9740914,73895675.13201833,60460097.835287735
Mexico,MEX,Central America,Manual,Industrial,Manufacturing,8982665.692008398,4252081.577244228,7373257.636173935,3535039.1828415506,416.278789762913,3069330765.396642,1471561832.7977576,150045792.8961396,71938047.37082556
Mexico,MEX,Central America,Cleaning,Commercial/Retail,Office,2509854.5495600626,124807.42472513448,1987539.2706957732,78004.64045320904,173.44246952421238,344723719.38582695,13529317.474552853,21366047.159979563,838549.8848719972
Mexico,MEX,Central America,Tech,Commercial/Retail,Office,2794648.1314368383,654628.9017358293,2438455.122384466,633082.7084876276,173.44246952421238,422931678.25032735,109803428.37317118,26213392.565633014,6805639.116241996
Mexico,MEX,Central America,ArmedForces,Correctional facilities,Dayroom,29969.599564654487,11987.839825861798,29969.599564654487,11987.839825861798,155.49262375916356,4660051.669319612,1864020.6677278455,546945.1920549443,218778.07682197783
Marshall Islands,MHL,Micronesia,Food,Industrial,Manufacturing,1449.9787918468132,1368.1618067269303,90.60473537349992,8.787750253617048,416.278789762913,37716.82958806954,3658.1540403144363,1843.8063648507234,178.83071766110695
Marshall Islands,MHL,Micronesia,Health,Health care,Group treatment area,517.4307253358223,286.57199821196633,503.6802019937222,276.86574644107213,494.6359941082607,249138.35742581435,136947.76372540536,15740.00631230382,8652.054576283505
Marshall Islands,MHL,Micronesia,Retail,Commercial/Retail,Retail,766.9892894828677,57.151174078011294,571.5117407801129,43.96244159847022,183.9890348898506,105151.89361435143,8088.607201103956,9201.339026559817,707.7953097353707
Marshall Islands,MHL,Micronesia,Security,Commercial/Retail,Office,671.1186754850369,536.8949403880297,671.1186754850369,536.8949403880297,173.44246952421238,116400.48041994328,93120.38433595466,7214.525761464147,5771.620609171319
Marshall Islands,MHL,Micronesia,Transport,Commercial/Retail,Transportation waiting,461.6357059736835,377.7019412511956,377.7019412511956,309.0288610237055,339.7263745961499,128315.31117919668,104985.25460116092,10046.871637281803,8220.167703230565
Marshall Islands,MHL,Micronesia,Manual,Industrial,Manufacturing,798.271716642671,270.07463100361167,675.4380714018771,219.70234674226046,416.278789762913,281170.5429229694,91457.42700994006,13745.1647530282,4470.9427562050005
Marshall Islands,MHL,Micronesia,Cleaning,Commercial/Retail,Office,328.58330976234026,11.084144632162902,264.58263760848115,6.927590395101815,173.44246952421238,45889.86606004472,1201.538385978673,2844.263354291172,74.4715967473445
Marshall Islands,MHL,Micronesia,Tech,Commercial/Retail,Office,286.67940261000297,110.81724806773227,272.79583581693674,106.91684803222199,173.44246952421238,47314.38344001109,18543.92215645351,2932.55523503207,1149.3561163463864
Marshall Islands,MHL,Micronesia,ArmedForces,Correctional facilities,Dayroom,24.484465345232408,9.793786138092964,24.484465345232408,9.793786138092964,155.49262375916356,3807.1537578705015,1522.8615031482007,446.84149255049147,178.7365970201966
North Macedonia,MKD,Southern Europe,Food,Industrial,Manufacturing,67797.00458459917,65048.99847151587,6976.735608739461,4228.729495656172,416.278789762913,2904267.055701883,1760330.3966864846,141976.56963784804,86054.6452366031
North Macedonia,MKD,Southern Europe,Health,Health care,Group treatment area,38758.41599829089,22937.16164100806,37764.18343906004,22235.35042272746,494.6359941082607,18679524.41706618,10998404.660691332,1180130.7324706262,694854.7007102332
North Macedonia,MKD,Southern Europe,Retail,Commercial/Retail,Retail,66847.45801592564,5126.236704407504,51262.36704407503,3943.259003390387,183.9890348898506,9431713.438608646,725516.4183545114,825324.1094096081,63486.469954585235
North Macedonia,MKD,Southern Europe,Security,Commercial/Retail,Office,19914.066764019455,15931.253411215566,19914.066764019455,15931.253411215566,173.44246952421238,3453944.917821575,2763155.9342572605,214076.21771320913,171260.97417056735
North Macedonia,MKD,Southern Europe,Transport,Commercial/Retail,Transportation waiting,34803.922462837654,28475.936560503535,28475.936560503535,23298.493549502895,339.7263745961499,9674026.690929824,7915112.747124403,757459.9125093941,619739.928416777
North Macedonia,MKD,Southern Europe,Manual,Industrial,Manufacturing,72638.13179975917,36464.54806996145,64166.812136986846,33138.86098726221,416.278789762913,26711282.89932908,13795004.945898926,1305794.6269876824,674375.821090786
North Macedonia,MKD,Southern Europe,Cleaning,Commercial/Retail,Office,24027.47203042964,2668.2983793910453,17799.311375865494,1667.6864871194032,173.44246952421238,3087156.520860518,289247.6627181479,191342.59729055405,17927.629736533585
North Macedonia,MKD,Southern Europe,Tech,Commercial/Retail,Office,27506.864848787664,7186.946016153749,24107.072195844674,6944.911387274428,173.44246952421238,4181190.1346457778,1204542.5816357005,259151.02610533024,74657.79741320011
North Macedonia,MKD,Southern Europe,ArmedForces,Correctional facilities,Dayroom,4021.2634953507636,1608.5053981403055,4021.2634953507636,1608.5053981403055,155.49262375916356,625276.8117190353,250110.7246876141,73388.05879015144,29355.223516060574
Mali,MLI,Western Africa,Food,Industrial,Manufacturing,5272176.507387324,5266983.023840704,6247.7603029566135,1054.2767563358534,416.278789762913,2600810.0976435496,438873.05220265855,127141.9221651671,21454.53199143462
Mali,MLI,Western Africa,Health,Health care,Group treatment area,57908.364031914054,32450.9458851256,57211.19826587172,31958.8288738016,494.6359941082607,28298717.92836426,15807987.09052864,1787849.9458084912,998713.4023063
Mali,MLI,Western Africa,Retail,Commercial/Retail,Retail,1089783.5332987863,82842.8869980255,828428.8699802549,63725.29769078884,183.9890348898506,152421828.2625566,11724756.020196663,13337704.806682106,1025977.2928217003
Mali,MLI,Western Africa,Security,Commercial/Retail,Office,65278.27105372075,52222.616842976604,65278.27105372075,52222.616842976604,173.44246952421238,11322024.537828237,9057619.63026259,701741.4138274981,561393.1310619985
Mali,MLI,Western Africa,Transport,Commercial/Retail,Transportation waiting,126427.40302113925,103440.60247184122,103440.60247184122,84633.22020423373,339.7263745961499,35141500.86380016,28752137.07038195,2751520.0257509765,2251243.657432617
Mali,MLI,Western Africa,Manual,Industrial,Manufacturing,236810.41888051256,93294.3451076042,205519.6085350917,81099.63051429948,416.278789762913,85553453.91353562,33760056.040712,4182324.0336891166,1650377.4809659945
Mali,MLI,Western Africa,Cleaning,Commercial/Retail,Office,97849.8635794263,11759.687301846747,71741.81356464964,7349.804563654216,173.44246952421238,12443077.312798472,1274768.2540405134,771224.4958199837,79010.39905928282
Mali,MLI,Western Africa,Tech,Commercial/Retail,Office,143101.16464285774,8748.301019603727,139166.6572957919,8718.220521167596,173.44246952421238,24137408.716811895,1512109.6970479738,1496041.565929763,93720.87060255166
Mali,MLI,Western Africa,ArmedForces,Correctional facilities,Dayroom,6505.493795501618,2602.197518200648,6505.493795501618,2602.197518200648,155.49262375916356,1011556.299111506,404622.51964460255,118725.26176790452,47490.10470716183
Myanmar,MMR,South-eastern Asia,Food,Industrial,Manufacturing,9166496.71490511,9146314.430458078,280808.15795956395,260625.87351253384,416.278789762913,116894480.15096018,108493023.20669962,5714446.014477126,5303736.525980064
Myanmar,MMR,South-eastern Asia,Health,Health care,Group treatment area,79817.29211186296,46587.37972302069,77881.26782172559,45220.77434174727,494.6359941082607,38522878.33141094,22367822.67087549,2433789.6194289248,1413149.1981796022
Myanmar,MMR,South-eastern Asia,Retail,Commercial/Retail,Retail,3764360.818702191,287539.8450395045,2875398.4503950453,221184.49618423427,183.9890348898506,529041785.8119563,40695521.9855351,46293915.051360235,3561070.388566172
Myanmar,MMR,South-eastern Asia,Security,Commercial/Retail,Office,112489.53869994062,89991.63095995248,112489.53869994062,89991.63095995248,173.44246952421238,19510463.38775716,15608370.710205726,1209262.5410243617,967410.0328194892
Myanmar,MMR,South-eastern Asia,Transport,Commercial/Retail,Transportation waiting,980095.0789979019,801895.973725556,801895.973725556,656096.705775455,339.7263745961499,272425211.9570326,222893355.2375722,21330432.901099794,17452172.373627104
Myanmar,MMR,South-eastern Asia,Manual,Industrial,Manufacturing,1618206.6748095085,559174.8175632237,1419703.9971299898,500743.5006334904,416.278789762913,590992661.7468423,208448898.42535383,28890976.341595296,10190130.23789153
Myanmar,MMR,South-eastern Asia,Cleaning,Commercial/Retail,Office,1137947.70667816,263877.5795795917,728391.7725821404,164923.48723724484,173.44246952421238,126334067.81776492,28604736.90897267,7830211.55525801,1772927.487800382
Myanmar,MMR,South-eastern Asia,Tech,Commercial/Retail,Office,140669.38166558693,16132.815723684014,133429.36575366688,15781.003714303946,173.44246952421238,23142318.703365356,2737096.2557796445,1434365.6818519188,169645.78992876742
Myanmar,MMR,South-eastern Asia,ArmedForces,Correctional facilities,Dayroom,24916.793429744546,9966.71737189782,24916.793429744546,9966.71737189782,155.49262375916356,3874377.5860560676,1549751.0344224272,454731.48009283794,181892.5920371352
Montenegro,MNE,Southern Europe,Food,Industrial,Manufacturing,10813.986835586384,8905.088470521623,2156.951689197159,248.0533241323991,416.278789762913,897893.2387560642,103259.33756650267,43893.96687516219,5047.885146094322
Montenegro,MNE,Southern Europe,Health,Health care,Group treatment area,10112.989277372779,6405.068641051154,9737.021689849413,6139.6797557405425,494.6359941082607,4816281.403212361,3036906.5994870868,304281.9278077941,191864.99236689197
Montenegro,MNE,Southern Europe,Retail,Commercial/Retail,Retail,26360.786184443343,2027.7527834187188,20277.527834187185,1559.8098333990147,183.9890348898506,3730842.7761641825,286987.90585878334,326468.1981304137,25112.93831772414
Montenegro,MNE,Southern Europe,Security,Commercial/Retail,Office,8116.815839762191,6493.452671809753,8116.815839762191,6493.452671809753,173.44246952421238,1407800.5839215983,1126240.4671372785,87255.77027744356,69804.61622195484
Montenegro,MNE,Southern Europe,Transport,Commercial/Retail,Transportation waiting,13138.358659494656,10749.566175950175,10749.566175950175,8795.099598504688,339.7263745961499,3651911.145436952,2987927.3008120516,285938.4602802747,233949.64932022474
Montenegro,MNE,Southern Europe,Manual,Industrial,Manufacturing,10472.709586665724,5924.59290100436,9041.032288318776,5340.1497819427805,416.278789762913,3763589.9791887603,2222991.0883798245,183985.0070672871,108672.04806253558
Montenegro,MNE,Southern Europe,Cleaning,Commercial/Retail,Office,4644.00629910114,370.46084294713,3561.2878801283414,231.53802684195622,173.44246952421238,617678.5646161068,40158.52716423226,38283.84471137967,2489.0337885510294
Montenegro,MNE,Southern Europe,Tech,Commercial/Retail,Office,8175.151815415102,2042.7114477492298,7662.251670051231,1976.6864481784953,173.44246952421238,1328959.851769706,342841.3790471223,82369.20545305073,21249.379317918825
Montenegro,MNE,Southern Europe,ArmedForces,Correctional facilities,Dayroom,592.6355485596363,237.05421942385456,592.6355485596363,237.05421942385456,155.49262375916356,92150.45637848903,36860.18255139562,10815.598761213361,4326.239504485346
Mongolia,MNG,Eastern Asia,Food,Industrial,Manufacturing,309229.7218505308,304605.0610693322,4624.6607811986205,0.0,416.278789762913,1925148.1930613695,0.0,94111.84689739194,0.0
Mongolia,MNG,Eastern Asia,Health,Health care,Group treatment area,54989.18528735628,29012.89787975695,54630.81124523896,28759.927967674128,494.6359941082607,27022365.629229523,14225695.560772462,1707212.8514137175,898747.7489898165
Mongolia,MNG,Eastern Asia,Retail,Commercial/Retail,Retail,118083.00750154858,9062.723958910196,90627.23958910196,6971.326122238612,183.9890348898506,16674418.346730128,1282647.5651330866,1459098.5573845415,112238.35056804166
Mongolia,MNG,Eastern Asia,Security,Commercial/Retail,Office,21675.309171183155,17340.247336946526,21675.309171183155,17340.247336946526,173.44246952421238,3759419.1503508156,3007535.320280653,233009.5735902189,186407.65887217515
Mongolia,MNG,Eastern Asia,Transport,Commercial/Retail,Transportation waiting,116444.3348573312,95272.63761054372,95272.63761054372,77950.33986317214,339.7263745961499,32366627.77364282,26481786.360253215,2534252.160440463,2073479.040360379
Mongolia,MNG,Eastern Asia,Manual,Industrial,Manufacturing,100830.48074182525,47123.410322414114,86632.98479754497,41633.92208993453,416.278789762913,36063474.06507086,17331318.700681355,1762981.2406300402,847250.3145301677
Mongolia,MNG,Eastern Asia,Cleaning,Commercial/Retail,Office,47891.65118394124,5619.925205691817,35226.43831520786,3512.4532535573853,173.44246952421238,6109760.453931986,609208.5663853474,378684.2118884845,37758.87247574189
Mongolia,MNG,Eastern Asia,Tech,Commercial/Retail,Office,38953.67892201138,6796.079984119156,36987.27946805019,6603.596785275888,173.44246952421238,6415165.091920822,1145344.1341804,397613.2542815395,70988.6654417158
Mongolia,MNG,Eastern Asia,ArmedForces,Correctional facilities,Dayroom,2907.3840455992467,1162.953618239699,2907.3840455992467,1162.953618239699,155.49262375916356,452076.77352575853,180830.70941030345,53059.75883218626,21223.903532874505
Mozambique,MOZ,Eastern Africa,Food,Industrial,Manufacturing,10526123.176021574,10520018.694405466,19294.466349065846,13189.984732958048,416.278789762913,8031877.1009103805,5490710.881627075,392642.39020349,268416.1893156963
Mozambique,MOZ,Eastern Africa,Health,Health care,Group treatment area,83433.8474831479,53176.6549626526,80030.46256082215,50774.26560571681,494.6359941082607,39585947.40771621,25114779.343000606,2500951.9550256925,1586695.8001786503
Mozambique,MOZ,Eastern Africa,Retail,Commercial/Retail,Retail,1173526.818194775,87283.13832497688,872831.3832497689,67140.87563459761,183.9890348898506,160591403.8256983,12353184.9096691,14052585.27032128,1080968.0977170216
Mozambique,MOZ,Eastern Africa,Security,Commercial/Retail,Office,232023.83534936834,185619.0682794947,232023.83534936834,185619.0682794947,173.44246952421238,40242786.99147369,32194229.593178958,2494256.2300057095,1995404.984004568
Mozambique,MOZ,Eastern Africa,Transport,Commercial/Retail,Transportation waiting,187113.39403894043,153092.77694095127,153092.77694095127,125257.72658805102,339.7263745961499,52009654.087006435,42553353.34391435,4072267.866629304,3331855.5272421576
Mozambique,MOZ,Eastern Africa,Manual,Industrial,Manufacturing,672578.5918380881,287611.06106601335,572593.7636283385,249260.23075662483,416.278789762913,238358638.94899622,103761747.1953922,11652283.089836689,5072445.695897316
Mozambique,MOZ,Eastern Africa,Cleaning,Commercial/Retail,Office,244510.25829352057,5477.758166821021,199193.750105583,3423.598854263138,173.44246952421238,34548655.93210115,593797.4399436627,2141332.8136350173,36803.68768332873
Mozambique,MOZ,Eastern Africa,Tech,Commercial/Retail,Office,89395.0651576459,17159.380152605572,87524.3337131737,16664.855847003222,173.44246952421238,15180436.582674125,2890393.752369249,940886.5874166173,179147.20035528464
Mozambique,MOZ,Eastern Africa,ArmedForces,Correctional facilities,Dayroom,7656.131858296883,3062.4527433187545,7656.131858296883,3062.4527433187545,155.49262375916356,1190472.030492703,476188.8121970814,139724.40641391813,55889.76256556727
Mauritius,MUS,Eastern Africa,Food,Industrial,Manufacturing,33583.166795586476,29816.84854217103,4945.444100815991,1179.1258474005424,416.278789762913,2058683.4851278183,490845.080734067,100639.78745160543,23995.21099460104
Mauritius,MUS,Eastern Africa,Health,Health care,Group treatment area,18501.964537337008,10430.478268980525,18013.166314308375,10085.444229195606,494.6359941082607,8909960.426915359,4988623.73233159,562911.4473221367,315170.1321623627
Mauritius,MUS,Eastern Africa,Retail,Commercial/Retail,Retail,45526.48638558319,3440.6444869377165,34406.44486937716,2646.649605336704,183.9890348898506,6330408.585507556,486954.50657750416,553943.7623969724,42611.05864592094
Mauritius,MUS,Eastern Africa,Security,Commercial/Retail,Office,24011.915711331105,19209.532569064882,24011.915711331105,19209.532569064882,173.44246952421238,4164685.9589805016,3331748.767184401,258128.09389680938,206502.4751174475
Mauritius,MUS,Eastern Africa,Transport,Commercial/Retail,Transportation waiting,26974.645265203133,22070.164307893476,22070.164307893476,18057.40716100375,339.7263745961499,7497816.907061997,6134577.46941436,587066.3705899665,480327.03048269975
Mauritius,MUS,Eastern Africa,Manual,Industrial,Manufacturing,36431.14787973433,13796.32574245539,31050.15124592366,12176.855755134828,416.278789762913,12925519.382608505,5068966.776865088,631870.5778545465,247799.01461699375
Mauritius,MUS,Eastern Africa,Cleaning,Commercial/Retail,Office,26871.483976607542,2173.7393963395198,20581.45381689002,1358.5871227121997,173.44246952421238,3569698.1763999322,235636.7056269981,221250.62853156772,14604.811569156147
Mauritius,MUS,Eastern Africa,Tech,Commercial/Retail,Office,18459.7238467897,4958.453058925902,17388.592452534274,4795.586309311516,173.44246952421238,3015920.4165176256,831758.3323034927,186927.36886474345,51552.55282509879
Mauritius,MUS,Eastern Africa,ArmedForces,Correctional facilities,Dayroom,1051.2232320654618,420.4892928261848,1051.2232320654618,420.4892928261848,155.49262375916356,163457.45851044674,65382.9834041787,19184.82398519468,7673.929594077873
Malawi,MWI,Eastern Africa,Food,Industrial,Manufacturing,2682320.3979900344,2646410.517033223,171216.7784588398,135306.89750202847,416.278789762913,71273913.32395062,56325391.538718924,3484261.4416373903,2753495.36416628
Malawi,MWI,Eastern Africa,Health,Health care,Group treatment area,65881.0575801957,34382.70147244229,65076.76391024464,33814.96476424155,494.6359941082607,32189309.81009244,16726098.711896427,2033648.872195145,1056717.6488825486
Malawi,MWI,Eastern Africa,Retail,Commercial/Retail,Retail,1134958.6037786899,69168.172461445,691681.72461445,53206.28650880385,183.9890348898506,127261852.96276006,9789373.3048277,11136075.766292647,856621.2127917421
Malawi,MWI,Eastern Africa,Security,Commercial/Retail,Office,75222.16726609229,60177.73381287385,75222.16726609229,60177.73381287385,173.44246952421238,13046718.453594418,10437374.762875538,808638.2981104922,646910.6384883939
Malawi,MWI,Eastern Africa,Transport,Commercial/Retail,Transportation waiting,109095.91939629332,89260.29768787636,89260.29768787636,73031.15265371703,339.7263745961499,30324077.32887534,24810608.72362528,2374323.918497511,1942628.660588873
Malawi,MWI,Eastern Africa,Manual,Industrial,Manufacturing,434730.21875157394,165447.86323719795,342002.71365403413,126039.53249375969,416.278789762913,142368475.73553342,52467584.04878563,6959755.222859595,2564904.48624801
Malawi,MWI,Eastern Africa,Cleaning,Commercial/Retail,Office,354959.4307220019,55526.43558145289,249527.49595045744,34704.022238408055,173.44246952421238,43278665.11184024,6019151.319452678,2682420.5814674175,373068.23906288657
Malawi,MWI,Eastern Africa,Tech,Commercial/Retail,Office,193892.34366520162,29422.602023719748,191199.06434573865,28674.506497873575,173.44246952421238,33162037.890843697,4973377.219379268,2055389.9417166905,308250.94485214096
Malawi,MWI,Eastern Africa,ArmedForces,Correctional facilities,Dayroom,15194.031965561016,6077.6127862244075,15194.031965561016,6077.6127862244075,155.49262375916356,2362559.8958056835,945023.9583222736,277291.08337148855,110916.43334859544
Namibia,NAM,Southern Africa,Food,Industrial,Manufacturing,224038.0372213363,224038.0372213363,8557.427691422507,8557.427691422507,416.278789762913,3562275.6428689994,3562275.6428689994,174143.65352044802,174143.65352044802
Namibia,NAM,Southern Africa,Health,Health care,Group treatment area,17119.72945272563,10591.821995151753,16621.559127601282,10240.172353887509,494.6359941082607,8221621.422710295,5065157.832105076,519423.7227375401,320005.3860589846
Namibia,NAM,Southern Africa,Retail,Commercial/Retail,Retail,36064.56934660263,2774.1976420463557,27741.976420463554,2133.998186189505,183.9890348898506,5104219.467538081,392632.26673369866,446645.82036946324,34357.370797651034
Namibia,NAM,Southern Africa,Security,Commercial/Retail,Office,19377.852227286898,15502.281781829519,19377.852227286898,15502.281781829519,173.44246952421238,3360942.544375899,2688754.035500719,208311.91144333416,166649.52915466734
Namibia,NAM,Southern Africa,Transport,Commercial/Retail,Transportation waiting,37380.80681671015,30584.296486399213,30584.296486399213,25023.5153070539,339.7263745961499,10390292.16489817,8501148.134916686,813542.2865382191,665625.5071676339
Namibia,NAM,Southern Africa,Manual,Industrial,Manufacturing,61787.269095426986,34288.27710958301,54224.60509024204,31686.182488595998,416.278789762913,22572552.982337847,13190285.698559549,1103470.7135864256,644813.8136429286
Namibia,NAM,Southern Africa,Cleaning,Commercial/Retail,Office,90199.41873232137,0.0,75166.18227693449,0.0,173.44246952421238,13037008.278818604,0.0,808036.4594770457,0.0
Namibia,NAM,Southern Africa,Tech,Commercial/Retail,Office,43149.30801322328,7570.130241135016,42925.37370409744,7363.421648095776,173.44246952421238,7445082.820488348,1277130.0347937774,461447.7673190475,79156.7827170296
Namibia,NAM,Southern Africa,ArmedForces,Correctional facilities,Dayroom,11346.039550332442,4538.4158201329765,11346.039550332442,4538.4158201329765,155.49262375916356,1764225.4589564316,705690.1835825726,207065.22179356706,82826.08871742681
Niger,NER,Western Africa,Food,Industrial,Manufacturing,2734790.7829498746,2684928.738773268,68956.14003213974,19094.095855533044,416.278789762913,28704978.519301087,7948467.114358348,1403257.4496540437,388564.85066009744
Niger,NER,Western Africa,Health,Health care,Group treatment area,282636.61135342397,181046.5432206806,271059.314849708,172874.33392393994,494.6359941082607,134075693.66298935,85509868.01627146,8470603.589053376,5402322.935123123
Niger,NER,Western Africa,Retail,Commercial/Retail,Retail,2185647.5054711644,151416.22315055697,1514162.2315055698,116474.01780812076,183.9890348898506,278589247.6413723,21429942.12625941,24378011.927239675,1875231.6867107444
Niger,NER,Western Africa,Security,Commercial/Retail,Office,73081.10345359346,58464.88276287476,73081.10345359346,58464.88276287476,173.44246952421238,12675367.058545696,10140293.646836556,785621.8621261297,628497.4897009037
Niger,NER,Western Africa,Transport,Commercial/Retail,Transportation waiting,215284.5415202808,176141.8976075025,176141.8976075025,144116.09804250204,339.7263745961499,59840048.28868308,48960039.50892252,4685374.476359567,3833488.2079305546
Niger,NER,Western Africa,Manual,Industrial,Manufacturing,710073.1547405559,313977.7153292859,628273.9898780993,280625.02595333714,416.278789762913,261537136.14597183,116818246.18104124,12785375.694019321,5710719.278150411
Niger,NER,Western Africa,Cleaning,Commercial/Retail,Office,219760.88575639893,39191.385235950285,150474.58376704055,24494.61577246893,173.44246952421238,26098683.409183472,4248406.649623734,1617601.7754956859,263317.119554041
Niger,NER,Western Africa,Tech,Commercial/Retail,Office,205049.2752787737,31187.43963950667,201412.22111407938,30390.040587525178,173.44246952421238,34933433.02238264,5270923.688441413,2165181.376976353,326692.93631589564
Niger,NER,Western Africa,ArmedForces,Correctional facilities,Dayroom,23105.496160020306,9242.198464008126,23105.496160020306,9242.198464008126,155.49262375916356,3592734.2211788357,1437093.688471535,421675.3049203706,168670.1219681483
Nigeria,NGA,Western Africa,Food,Industrial,Manufacturing,38727018.703048795,36010282.25725386,2989894.717564312,273158.2717693812,416.278789762913,1244629754.5461984,113709994.78588688,60844357.50243375,5558770.830506908
Nigeria,NGA,Western Africa,Health,Health care,Group treatment area,1101483.33584461,628851.257582826,1081170.097807978,614512.5013216741,494.6359941082607,534785646.1293747,303960001.98320013,33786565.55649932,19203515.666302316
Nigeria,NGA,Western Africa,Retail,Commercial/Retail,Retail,10426775.67259486,786858.7016087631,7868587.01608763,605275.9243144332,183.9890348898506,1447733731.0367723,111364133.15667482,126684250.95901085,9744942.381462377
Nigeria,NGA,Western Africa,Security,Commercial/Retail,Office,907421.5431361524,725937.234508922,907421.5431361524,725937.234508922,173.44246952421238,157385433.3410059,125908346.67280471,9754781.588713638,7803825.270970911
Nigeria,NGA,Western Africa,Transport,Commercial/Retail,Transportation waiting,4160502.9386523827,3404047.858897404,3404047.858897404,2785130.0663706036,339.7263745961499,1156444838.0550015,946182140.2268196,90547673.04667094,74084459.76545806
Nigeria,NGA,Western Africa,Manual,Industrial,Manufacturing,11175544.423524229,4417282.882683105,9752560.857461171,3872282.837654416,416.278789762913,4059784230.833093,1611949213.2784789,198464613.44933486,78800955.74626736
Nigeria,NGA,Western Africa,Cleaning,Commercial/Retail,Office,756709.6426958622,89973.00847806176,555613.8618481671,56233.130298788594,173.44246952421238,96367040.30083068,9753212.988098705,5972849.014867797,604506.1507119774
Nigeria,NGA,Western Africa,Tech,Commercial/Retail,Office,3956706.1744363243,693700.8979697773,3921899.0797236166,674705.0657309269,173.44246952421238,680223861.612,117022512.800868,42160415.10702888,7253079.456607465
Nigeria,NGA,Western Africa,ArmedForces,Correctional facilities,Dayroom,199598.75250680814,79839.50100272328,199598.75250680814,79839.50100272328,155.49262375916356,31036133.726339523,12414453.490535812,3642677.2332492485,1457070.8932996998
Netherlands,NLD,Western Europe,Food,Industrial,Manufacturing,231125.10551543397,148950.24627567804,85191.13561140066,3016.276371644754,416.278789762913,35463262.83084207,1255611.8775787486,1733639.6096920036,61381.22416297075
Netherlands,NLD,Western Europe,Health,Health care,Group treatment area,979065.9465333774,512547.46103378513,964501.3498797982,502266.56927831756,494.6359941082607,477077084.0165534,248439123.8023262,30140667.183743697,15695830.289947424
Netherlands,NLD,Western Europe,Retail,Commercial/Retail,Retail,570554.8352251963,43888.833478861256,438888.33478861256,33760.64113758558,183.9890348898506,80750641.14217046,6211587.780166958,7066102.190096662,543546.3223151279
Netherlands,NLD,Western Europe,Security,Commercial/Retail,Office,82033.98371862086,65627.1869748967,82033.98371862086,65627.1869748967,173.44246952421238,14228176.721066633,11382541.37685331,881865.3249751743,705492.2599801396
Netherlands,NLD,Western Europe,Transport,Commercial/Retail,Transportation waiting,258146.77395458068,211210.99687192964,211210.99687192964,172808.99744066971,339.7263745961499,71753946.24213941,58707774.198114075,5618212.516793329,4596719.331921815
Netherlands,NLD,Western Europe,Manual,Industrial,Manufacturing,386312.00160645595,198008.40543441413,309677.4197664927,163297.46333998037,416.278789762913,128912141.51729716,67977270.41052069,6301935.492248126,3323103.3789686006
Netherlands,NLD,Western Europe,Cleaning,Commercial/Retail,Office,136932.99352638406,4474.753156071826,110381.86697526021,2796.7207225448906,173.44246952421238,19144903.598882236,485070.1486877254,1186605.0699840472,30064.747767357574
Netherlands,NLD,Western Europe,Tech,Commercial/Retail,Office,293756.59448228235,96633.6893909221,272097.00681059266,93297.57416304616,173.44246952421238,47193176.811375625,16181761.663457077,2925042.823213871,1002948.9222527462
Netherlands,NLD,Western Europe,ArmedForces,Correctional facilities,Dayroom,11238.418617483194,4495.367446993279,11238.418617483194,4495.367446993279,155.49262375916356,1747491.1977362933,698996.4790945177,205101.13976906828,82040.45590762734
Norway,NOR,Northern Europe,Food,Industrial,Manufacturing,72096.97423380795,54262.15895463413,18100.395630523617,265.58035134978115,416.278789762913,7534810.78730429,110555.46724469612,368343.05108115566,5404.560149968047
Norway,NOR,Northern Europe,Health,Health care,Group treatment area,425708.01584247773,202843.19513573707,423389.7423116905,201206.76676106374,494.6359941082607,209423806.08358338,99524109.09816772,13230929.447240328,6287711.461283242
Norway,NOR,Northern Europe,Retail,Commercial/Retail,Retail,179608.97159259653,13816.074737892042,138160.74737892044,10627.749798378496,183.9890348898506,25420062.569908027,1955389.4284544636,2224388.032800619,171106.77175389382
Norway,NOR,Northern Europe,Security,Commercial/Retail,Office,19655.81765623287,15724.6541249863,19655.81765623287,15724.6541249863,173.44246952421238,3409153.554814645,2727322.8438517167,211300.03980450335,169040.03184360272
Norway,NOR,Northern Europe,Transport,Commercial/Retail,Transportation waiting,95584.7950004012,78205.74136396461,78205.74136396461,63986.51566142559,339.7263745961499,26568552.98618386,21737906.988695882,2080272.7202814587,1702041.3165939208
Norway,NOR,Northern Europe,Manual,Industrial,Manufacturing,110333.76452846338,57556.19845931021,99047.46126458363,54432.07254387014,416.278789762913,41231357.304309875,22658917.282849345,2015615.836734277,1107692.6762677575
Norway,NOR,Northern Europe,Cleaning,Commercial/Retail,Office,37516.64801477642,1465.0991272372987,30042.957406282607,915.6869545233116,173.44246952421238,5210724.724356382,158819.0067036283,322961.79211753805,9843.634761125599
Norway,NOR,Northern Europe,Tech,Commercial/Retail,Office,92099.93259958632,45100.429907356796,89138.25888190456,43465.25403003741,173.44246952421238,15460359.749566086,7538720.9974669125,958236.2829804741,467251.4808229022
Norway,NOR,Northern Europe,ArmedForces,Correctional facilities,Dayroom,3617.010708116921,1446.8042832467686,3617.010708116921,1446.8042832467686,155.49262375916356,562418.4851700901,224967.3940680361,66010.4454231338,26404.178169253526
Nepal,NPL,Southern Asia,Food,Industrial,Manufacturing,1684192.8732976248,1627907.0545025351,131426.7981227393,75140.9793276497,416.278789762913,54710188.4649486,31279595.936114077,2674535.341797745,1529118.9293176713
Nepal,NPL,Southern Asia,Health,Health care,Group treatment area,134053.1071025857,84195.79075282633,128854.98425779193,80526.52756826604,494.6359941082607,63736313.2341572,39831319.01581553,4026718.258055998,2516453.986508314
Nepal,NPL,Southern Asia,Retail,Commercial/Retail,Retail,1238638.1799367089,94776.73641047752,947767.3641047755,72905.1818542135,183.9890348898506,174378802.62173524,13413754.04782579,15259054.562086886,1173773.4278528374
Nepal,NPL,Southern Asia,Security,Commercial/Retail,Office,56882.56297078517,45506.05037662814,56882.56297078517,45506.05037662814,173.44246952421238,9865852.1945195,7892681.755615599,611487.5519359405,489190.0415487525
Nepal,NPL,Southern Asia,Transport,Commercial/Retail,Transportation waiting,233882.20121330523,191358.16462906796,191358.16462906796,156565.7710601465,339.7263745961499,65009415.51880647,53189521.788114384,5090127.1791332085,4164649.5101998975
Nepal,NPL,Southern Asia,Manual,Industrial,Manufacturing,738376.6566274856,279204.0171320145,583490.5323281107,213931.9538090264,416.278789762913,242894732.63566375,89055334.82323691,11874032.332877053,4353515.260013687
Nepal,NPL,Southern Asia,Cleaning,Commercial/Retail,Office,122925.2771110684,10021.55921537067,94086.43157974812,6263.474509606669,173.44246952421238,16318583.041912358,1086352.4867481359,1011429.1394822923,67332.35097827169
Nepal,NPL,Southern Asia,Tech,Commercial/Retail,Office,109916.6089015443,22071.167975811917,100341.9953685297,21392.724308672776,173.44246952421238,17403563.47370487,3710406.9339468554,1078676.4502116942,229971.78631823233
Nepal,NPL,Southern Asia,ArmedForces,Correctional facilities,Dayroom,16760.532838890485,6704.213135556195,16760.532838890485,6704.213135556195,155.49262375916356,2606139.2267207038,1042455.6906882817,305879.72430975136,122351.88972390056
Nauru,NRU,Polynesia,Food,Industrial,Manufacturing,167.82089502358298,167.82089502358298,0.0,0.0,416.278789762913,0.0,0.0,0.0,0.0
Nauru,NRU,Polynesia,Health,Health care,Group treatment area,382.6240131535692,234.15752599020615,372.3655862302842,226.91628345612267,494.6359941082607,184185.42191672188,112240.9614466711,11636.42456969638,7091.133858003834
Nauru,NRU,Polynesia,Retail,Commercial/Retail,Retail,89.08920233502656,6.8530155642328126,68.53015564232813,5.27155043402524,183.9890348898506,12608.7971974832,969.9074767294769,1103.335505841483,84.87196198780637
Nauru,NRU,Polynesia,Security,Commercial/Retail,Office,1341.6582164148404,1073.3265731318722,1341.6582164148404,1073.3265731318722,173.44246952421238,232700.5143124401,186160.41144995208,14422.825826459533,11538.260661167627
Nauru,NRU,Polynesia,Transport,Commercial/Retail,Transportation waiting,276.17906973864905,225.964693422531,225.964693422531,184.88020370934356,339.7263745961499,76766.16608316694,62808.68134077296,6010.660845039325,4917.813418668539
Nauru,NRU,Polynesia,Manual,Industrial,Manufacturing,418.41605784167825,230.7039366356888,303.4599290774779,172.44037753170318,416.278789762913,126323.93201791191,71783.27166515721,6175.409556726676,3509.16168277016
Nauru,NRU,Polynesia,Cleaning,Commercial/Retail,Office,308.27813307996496,17.34064498574803,242.44790674518075,10.837903116092516,173.44246952421238,42050.7636768601,1879.7526809192427,2606.314997510693,116.50745849799455
Nauru,NRU,Polynesia,Tech,Commercial/Retail,Office,118.98900311869986,57.0992594151227,116.75942613718574,55.04118835526355,173.44246952421238,20251.043209463365,9546.479633884232,1255.1638309747468,591.6927748190832
Nauru,NRU,Polynesia,ArmedForces,Correctional facilities,Dayroom,13.655783601039598,5.462313440415841,13.655783601039598,5.462313440415841,155.49262375916356,2123.373621613006,849.3494486452026,249.21805071897268,99.6872202875891
Pakistan,PAK,Southern Asia,Food,Industrial,Manufacturing,26148733.074296694,26031520.233499758,735172.2419564216,617959.4011594799,416.278789762913,306036611.14890665,257243391.63728273,14960755.123813182,12575473.813595416
Pakistan,PAK,Southern Asia,Health,Health care,Group treatment area,1276945.3855014658,825786.9678520949,1226221.4886359754,789981.8641823371,494.6359941082607,606533285.028367,390753464.7173273,38319421.51987423,24686933.255698033
Pakistan,PAK,Southern Asia,Retail,Commercial/Retail,Retail,9692333.801514594,718916.5583984328,7189165.5839843275,553012.7372295636,183.9890348898506,1322727637.4606054,101748279.80466196,115745565.90214768,8903505.069395976
Pakistan,PAK,Southern Asia,Security,Commercial/Retail,Office,1182413.9958409588,945931.196672767,1182413.9958409588,945931.196672767,173.44246952421238,205080803.4386477,164064642.75091815,12710950.455290306,10168760.364232246
Pakistan,PAK,Southern Asia,Transport,Commercial/Retail,Transportation waiting,4022017.1341039087,3290741.291539562,3290741.291539562,2692424.693077824,339.7263745961499,1117951608.7085874,914687679.8524809,87533718.35495235,71618496.83587012
Pakistan,PAK,Southern Asia,Manual,Industrial,Manufacturing,8358027.789686955,4136582.703447267,6543544.4895697,3235702.0160993584,416.278789762913,2723938780.877853,1346954119.2952585,133161130.36274341,65846536.02762195
Pakistan,PAK,Southern Asia,Cleaning,Commercial/Retail,Office,1214532.6599450721,105206.30396415299,924438.6299840992,65753.93997759561,173.44246952421238,160336918.90802178,11404525.730661018,9937715.272329066,706854.8547591529
Pakistan,PAK,Southern Asia,Tech,Commercial/Retail,Office,998815.3825209214,210071.1971214769,982356.2880706183,203814.2428531759,173.44246952421238,170382300.5556066,35350045.60466238,10560330.096759146,2191003.110671641
Pakistan,PAK,Southern Asia,ArmedForces,Correctional facilities,Dayroom,147702.39664929986,59080.95865971996,147702.39664929986,59080.95865971996,155.49262375916356,22966633.190516323,9186653.276206532,2695568.7388497223,1078227.4955398892
Panama,PAN,Central America,Food,Industrial,Manufacturing,279968.32275478455,266673.37130857806,27455.494523647918,14160.543077441409,416.278789762913,11429140.03264644,5894733.734662905,558719.3135562352,288167.0516259327
Panama,PAN,Central America,Health,Health care,Group treatment area,96041.28741161992,48600.58548646158,94803.46069720239,47726.825452755096,494.6359941082607,46893204.02686413,23607405.753454957,2962608.1467875745,1491463.2953985967
Panama,PAN,Central America,Retail,Commercial/Retail,Retail,64499.58338578384,2921.932940301033,29219.329403010328,2247.640723308487,183.9890348898506,5376036.216988504,413541.24746065424,470431.2033884663,36187.01564526664
Panama,PAN,Central America,Security,Commercial/Retail,Office,188433.69080246706,150746.95264197365,188433.69080246706,150746.95264197365,173.44246952421238,32682404.674341753,26145923.739473403,2025662.1761265208,1620529.7409012166
Panama,PAN,Central America,Transport,Commercial/Retail,Transportation waiting,129857.7285354484,106247.23243809416,106247.23243809416,86929.55381298615,339.7263745961499,36094987.087068185,29532262.162146706,2826176.3828533045,2312326.131425432
Panama,PAN,Central America,Manual,Industrial,Manufacturing,129837.59502386492,58067.7620348249,108036.04233220099,48958.87724454143,416.278789762913,44973112.95282346,20380542.167508725,2198533.4614602905,996313.1519264182
Panama,PAN,Central America,Cleaning,Commercial/Retail,Office,78143.44048128353,3040.7874829680973,62585.54416526284,1900.49217685506,173.44246952421238,10854991.33653985,329626.0564651878,672794.5997765756,20430.290901191896
Panama,PAN,Central America,Tech,Commercial/Retail,Office,45412.54384552108,7204.770025487968,40453.09754919089,6998.511758131172,173.44246952421238,7016285.138835532,1213839.162324508,434870.7986538021,75234.0013999101
Panama,PAN,Central America,ArmedForces,Correctional facilities,Dayroom,3904.558658766528,1561.8234635066117,3904.558658766528,1561.8234635066117,155.49262375916356,607130.070473168,242852.0281892673,71258.19552248914,28503.278208995664
Peru,PER,South America,Food,Industrial,Manufacturing,4419470.750506485,3897064.5982556217,847096.3341314313,324690.18188056786,416.278789762913,352628236.78483236,135161635.9611429,17238410.39957463,6607445.201269557
Peru,PER,South America,Health,Health care,Group treatment area,498281.05550775933,286966.79062935075,487108.9723442934,279080.61427866877,494.6359941082607,240941630.77457282,138043317.0800734,15222155.385759167,8721269.196208399
Peru,PER,South America,Retail,Commercial/Retail,Retail,2501428.819630688,151193.68907790858,1511936.8907790862,116302.83775223739,183.9890348898506,278179809.3488055,21398446.87298504,24342183.94154329,1872475.6878110222
Peru,PER,South America,Security,Commercial/Retail,Office,131781.41694776705,105425.13355821365,131781.41694776705,105425.13355821365,173.44246952421238,22856494.39282061,18285195.514256492,1416650.2321884958,1133320.1857507967
Peru,PER,South America,Transport,Commercial/Retail,Transportation waiting,1160015.1884024332,949103.3359656272,949103.3359656272,776539.0930627858,339.7263745961499,322435435.4447142,263810810.8184025,25246148.736685686,20655939.8754701
Peru,PER,South America,Manual,Industrial,Manufacturing,972001.4025164057,407921.2170681061,793005.2824312472,321255.7713646565,416.278789762913,330111279.2460766,133731963.7080303,16137657.497475881,6537554.94727076
Peru,PER,South America,Cleaning,Commercial/Retail,Office,690905.8280498234,83154.71157460786,506459.2637293464,51971.69473412992,173.44246952421238,87841545.4146322,9014099.080045998,5444437.085090473,558695.7183918966
Peru,PER,South America,Tech,Commercial/Retail,Office,520567.68333758035,99940.48122583327,425078.29176618636,96703.93435677425,173.44246952421238,73726628.66506104,16772569.187546253,4569591.636486503,1039567.2943353232
Peru,PER,South America,ArmedForces,Correctional facilities,Dayroom,50320.01796351288,20128.007185405157,50320.01796351288,20128.007185405157,155.49262375916356,7824391.62075486,3129756.6483019446,918340.3278341101,367336.1311336441
Philippines,PHL,South-eastern Asia,Food,Industrial,Manufacturing,9121726.46995978,8841594.939543419,991840.4333531775,711708.9029368162,416.278789762913,412882135.2341839,296269320.77802837,20183952.818737164,14483276.17476421
Philippines,PHL,South-eastern Asia,Health,Health care,Group treatment area,1051534.937105398,585354.4426812343,1027263.971119998,568221.996103305,494.6359941082607,508121735.5665398,281063051.9167385,32101999.097499937,17756937.37822828
Philippines,PHL,South-eastern Asia,Retail,Commercial/Retail,Retail,6910629.491505633,512623.9595730513,5126239.595730513,394326.122748501,183.9890348898506,943171875.832595,72551682.75635345,82532457.49126127,6348650.576250867
Philippines,PHL,South-eastern Asia,Security,Commercial/Retail,Office,900682.7483710112,720546.198696809,900682.7483710112,720546.198696809,173.44246952421238,156216640.13532296,124973312.10825838,9682339.544988371,7745871.635990697
Philippines,PHL,South-eastern Asia,Transport,Commercial/Retail,Transportation waiting,2760179.0953810294,2258328.3507662965,2258328.3507662965,1847723.1960815156,339.7263745961499,767213703.2535363,627720302.6619843,60071534.13038349,49149437.01576832
Philippines,PHL,South-eastern Asia,Manual,Industrial,Manufacturing,2893491.0803771275,1480522.3050494522,2087864.4249667292,1070216.8228783528,416.278789762913,869133676.0141903,445508563.81171054,42488041.04807294,21778912.345574483
Philippines,PHL,South-eastern Asia,Cleaning,Commercial/Retail,Office,1367336.3619098857,104469.07882843808,1052389.402567873,65293.17426777381,173.44246952421238,182529016.88248238,11324609.388077447,11313186.077604635,701901.6233785684
Philippines,PHL,South-eastern Asia,Tech,Commercial/Retail,Office,693987.8291210391,129585.97130735374,659883.3944035206,125812.70599513815,173.44246952421238,114451805.52336645,21821266.425320443,7093746.489837847,1352486.589447735
Philippines,PHL,South-eastern Asia,ArmedForces,Correctional facilities,Dayroom,40131.98626910235,16052.794507640947,40131.98626910235,16052.794507640947,155.49262375916356,6240227.84164945,2496091.136659781,732408.7494111179,292963.4997644473
Palau,PLW,Micronesia,Food,Industrial,Manufacturing,400.6393252309746,354.48888542974373,64.320782041812,18.170342240581203,416.278789762913,26775.377304969606,7563.9280774870795,1308.9279145508742,369.76646459582753
Palau,PLW,Micronesia,Health,Health care,Group treatment area,225.23477212488945,131.59336760996578,219.29427701609683,127.40007694493569,494.6359941082607,108470.84271410937,63016.66370912717,6852.946156753026,3981.2524045292403
Palau,PLW,Micronesia,Retail,Commercial/Retail,Retail,416.3561076689906,31.674890145596894,316.74890145596896,24.365300111997612,183.9890348898506,58278.32468130412,4482.948052408009,5099.657313441101,392.2813318031616
Palau,PLW,Micronesia,Security,Commercial/Retail,Office,354.68019807793604,283.7441584623489,354.68019807793604,283.7441584623489,173.44246952421238,61516.609445974034,49213.287556779236,3812.8121293378126,3050.2497034702506
Palau,PLW,Micronesia,Transport,Commercial/Retail,Transportation waiting,159.10710688820404,130.17854199943972,130.17854199943972,106.50971618135975,339.7263745961499,44225.084123682296,36184.159737558235,3462.7492171850968,2833.1584504241696
Palau,PLW,Micronesia,Manual,Industrial,Manufacturing,334.71866625815346,132.19289294117797,279.3927491813708,114.93867875393171,416.278789762913,116305.27549775413,47846.53408863493,5685.642445840896,2339.0021126425104
Palau,PLW,Micronesia,Cleaning,Commercial/Retail,Office,328.3776982116237,45.66842160559005,235.5910638383614,28.542763503493777,173.44246952421238,40861.49590996177,4950.527389091521,2532.603936262385,306.8347076625581
Palau,PLW,Micronesia,Tech,Commercial/Retail,Office,300.36085766190075,73.38809453082317,291.01728457608067,71.07026821618577,173.44246952421238,50474.756511105916,12326.6028291634,3128.435809192867,764.005383323997
Palau,PLW,Micronesia,ArmedForces,Correctional facilities,Dayroom,14.125267877327612,5.650107150931046,14.125267877327612,5.650107150931046,155.49262375916356,2196.3749635467016,878.5499854186806,257.7861387612289,103.11445550449159
Papua New Guinea,PNG,Melanesia,Food,Industrial,Manufacturing,1398441.004631466,1398441.004631466,29465.07804461213,29465.07804461213,416.278789762913,12265687.028680917,12265687.028680917,599614.3382078569,599614.3382078569
Papua New Guinea,PNG,Melanesia,Health,Health care,Group treatment area,57630.46307911131,32665.88088828843,56423.009632932204,31813.56080863259,494.6359941082607,27908851.460365392,15736132.276701583,1763219.0510291313,994173.7752697684
Papua New Guinea,PNG,Melanesia,Retail,Commercial/Retail,Retail,820798.6725080472,48733.13035037959,487331.30350379593,37487.023346445836,183.9890348898506,89663616.20327628,6897201.246405866,7846033.986411115,603541.075877778
Papua New Guinea,PNG,Melanesia,Security,Commercial/Retail,Office,69492.46703351496,55593.97362681197,69492.46703351496,55593.97362681197,173.44246952421238,12052945.095622752,9642356.076498201,747044.0206102858,597635.2164882286
Papua New Guinea,PNG,Melanesia,Transport,Commercial/Retail,Transportation waiting,64107.47854657297,52451.57335628697,52451.57335628697,42914.92365514389,339.7263745961499,17819182.858195383,14579331.429432588,1395211.8512772336,1141536.9692268274
Papua New Guinea,PNG,Melanesia,Manual,Industrial,Manufacturing,101234.6121287873,45091.11732033512,88321.68770587361,40770.932684495114,416.278789762913,36766445.26801902,16972074.51540682,1797346.3448145282,829688.4801294756
Papua New Guinea,PNG,Melanesia,Cleaning,Commercial/Retail,Office,23237.160672203634,2081.947911191622,17629.34396751001,1301.2174444947639,173.44246952421238,3057676.9538167124,225686.3669611566,189515.4476507326,13988.087528318712
Papua New Guinea,PNG,Melanesia,Tech,Commercial/Retail,Office,13284.752002507306,3027.226757490083,12135.939908462578,2930.556792374007,173.44246952421238,2104887.3877211935,508283.0071503023,130461.35401597271,31503.485518020574
Papua New Guinea,PNG,Melanesia,ArmedForces,Correctional facilities,Dayroom,3990.134500234291,1596.0538000937163,3990.134500234291,1596.0538000937163,155.49262375916356,620436.4825933888,248174.5930373555,72819.95462927582,29127.981851710323
Poland,POL,Eastern Europe,Food,Industrial,Manufacturing,1120118.4836610288,1042831.6624328573,83629.72741303181,6342.906184860556,416.278789762913,34813281.71569919,2640417.310213448,1701864.9528551975,129078.14086191232
Poland,POL,Eastern Europe,Health,Health care,Group treatment area,922376.3972124109,497381.86144889233,911337.0370491121,489589.3719218578,494.6359941082607,450780101.2884644,242168525.68540713,28479282.407784756,15299667.872558057
Poland,POL,Eastern Europe,Retail,Commercial/Retail,Retail,1068375.1292625223,82182.70225096328,821827.0225096326,63217.46326997174,183.9890348898506,151207160.71794683,11631320.055226678,13231415.062405087,1017801.1586465451
Poland,POL,Eastern Europe,Security,Commercial/Retail,Office,193888.30862885492,155110.64690308392,193888.30862885492,155110.64690308392,173.44246952421238,33628467.06046125,26902773.648369,2084299.3177601905,1667439.4542081521
Poland,POL,Eastern Europe,Transport,Commercial/Retail,Transportation waiting,860663.6392529112,704179.3412069274,704179.3412069274,576146.7337147589,339.7263745961499,239228294.6537347,195732241.0803284,18731170.47610427,15325503.116812587
Poland,POL,Eastern Europe,Manual,Industrial,Manufacturing,1157970.7101000086,570094.5556467015,1031039.7078896216,528999.6275863886,416.278789762913,429199961.797799,220211324.75669354,20981658.0555538,10765142.421383008
Poland,POL,Eastern Europe,Cleaning,Commercial/Retail,Office,222297.66977999252,12201.585819987085,175080.0699666712,7625.991137491928,173.44246952421238,30366319.69949134,1322670.7354563575,1882110.7521417155,81979.40472803824
Poland,POL,Eastern Europe,Tech,Commercial/Retail,Office,403183.57291158236,205147.18099510914,381889.2543541658,197638.48588355436,173.44246952421238,66235815.35994659,34278907.064669855,4105309.4843072826,2124613.7232482093
Poland,POL,Eastern Europe,ArmedForces,Correctional facilities,Dayroom,67423.651788953,26969.460715581205,67423.651788953,26969.460715581205,155.49262375916356,10483880.520088524,4193552.2080354104,1230481.645148392,492192.65805935697
Portugal,PRT,Southern Europe,Food,Industrial,Manufacturing,145223.35844190643,105195.38222749664,42506.59474524417,2478.618530834363,416.278789762913,17694593.81749284,1031796.322299658,865009.2030657189,50439.88710247929
Portugal,PRT,Southern Europe,Health,Health care,Group treatment area,428887.5336071909,210780.5885567015,425895.45173026435,208668.530761224,494.6359941082607,210663220.15278608,103214966.15218823,13309232.866570761,6520891.58628825
Portugal,PRT,Southern Europe,Retail,Commercial/Retail,Retail,334474.02813692525,25385.20520466138,253852.0520466138,19527.080926662602,183.9890348898506,46705994.06086459,3592768.7739126612,4087018.0379504827,314386.0029192679
Portugal,PRT,Southern Europe,Security,Commercial/Retail,Office,92046.34332796071,73637.07466236857,92046.34332796071,73637.07466236857,173.44246952421238,15964745.097475016,12771796.077980014,989498.1907755777,791598.5526204621
Portugal,PRT,Southern Europe,Transport,Commercial/Retail,Transportation waiting,180371.3007320058,147576.518780732,147576.518780732,120744.42445696257,339.7263745961499,50135635.700898714,41020065.57346259,3925535.3995674714,3211801.6905552046
Portugal,PRT,Southern Europe,Manual,Industrial,Manufacturing,310768.1966934259,154563.6323838513,274088.62678337184,141133.1666508205,416.278789762913,114097281.84516077,58750743.80881107,5577703.555041618,2872059.9413441974
Portugal,PRT,Southern Europe,Cleaning,Commercial/Retail,Office,134195.52000327726,8004.2339701828105,105159.40502757872,5002.646231364256,173.44246952421238,18239106.901680127,867671.3165238108,1130463.6040464712,53778.44698716575
Portugal,PRT,Southern Europe,Tech,Commercial/Retail,Office,120364.14786587028,41783.010083353925,116569.80058653666,40347.972132869385,173.44246952421238,20218154.0856739,6998051.927018969,1253125.356305269,433740.7004283459
Portugal,PRT,Southern Europe,ArmedForces,Correctional facilities,Dayroom,9458.837137113322,3783.534854845328,9458.837137113322,3783.534854845328,155.49262375916356,1470779.4041603655,588311.7616641461,172623.77775231813,69049.51110092724
Palestine,PSE,Western Asia,Food,Industrial,Manufacturing,41874.82408335142,35424.55735837325,8434.191986254595,1983.9252612764121,416.278789762913,3510975.232666122,825866.0067442158,171635.806920281,40372.87906697499
Palestine,PSE,Western Asia,Health,Health care,Group treatment area,21405.48109337681,11794.421276924348,21212.445607244597,11658.160933772202,494.6359941082607,10492439.12040684,5766546.022950502,662888.9252263936,364317.52918038133
Palestine,PSE,Western Asia,Retail,Commercial/Retail,Retail,75434.99052207632,5723.809962697829,57238.09962697829,4402.930740536791,183.9890348898506,10531182.709296852,810090.9776382193,921533.4039943506,70887.18492264234
Palestine,PSE,Western Asia,Security,Commercial/Retail,Office,5001.903732780744,4001.5229862245947,5001.903732780744,4001.5229862245947,173.44246952421238,867542.5357358683,694034.0285886946,53770.46512739299,43016.37210191439
Palestine,PSE,Western Asia,Transport,Commercial/Retail,Transportation waiting,40592.17254805117,33211.7775393146,33211.7775393146,27173.272532166488,339.7263745961499,11282916.77732519,9231477.363266064,883433.2825457684,722809.0493556286
Palestine,PSE,Western Asia,Manual,Industrial,Manufacturing,64231.26460931829,30561.930691032765,52584.057327830385,25643.204070832282,416.278789762913,21889627.74525287,10674721.956249466,1070085.5666213485,521839.20284143696
Palestine,PSE,Western Asia,Cleaning,Commercial/Retail,Office,14258.157640273805,1635.8229654157506,10518.612229048378,1022.3893533848443,173.44246952421238,1824374.0809737311,177325.73426633005,113075.08146227007,10990.685548887077
Palestine,PSE,Western Asia,Tech,Commercial/Retail,Office,9769.007433731555,1675.8513339600968,9676.24546268542,1630.4304200407685,173.44246952421238,1678271.9087706143,282785.8784392698,104019.63872386827,17527.127015438262
Palestine,PSE,Western Asia,ArmedForces,Correctional facilities,Dayroom,13388.648337039913,5355.459334815966,13388.648337039913,5355.459334815966,155.49262375916356,2081836.0585150982,832734.4234060394,244342.83215097841,97737.13286039139
Romania,ROU,Eastern Europe,Food,Industrial,Manufacturing,742239.1902144031,728302.5783558533,38221.74244039074,24285.130581840913,416.278789762913,15910900.685715627,10109384.767843042,777812.4586619517,494202.4073404626
Romania,ROU,Eastern Europe,Health,Health care,Group treatment area,409760.44184523827,220269.75439356448,403929.0541937109,216153.48075719224,494.6359941082607,199797849.2703157,106917291.83429459,12622782.943553466,6754796.273662258
Romania,ROU,Eastern Europe,Retail,Commercial/Retail,Retail,705208.8510949103,54185.45787673589,541854.5787673589,41681.12144364299,183.9890348898506,99695300.9980529,7668869.307542529,8723858.718154479,671066.0552426522
Romania,ROU,Eastern Europe,Security,Commercial/Retail,Office,195809.2853866725,156647.42830933802,195809.2853866725,156647.42830933802,173.44246952421238,33961646.01323575,27169316.810588606,2104949.8179067294,1683959.8543253837
Romania,ROU,Eastern Europe,Transport,Commercial/Retail,Transportation waiting,628224.147214853,514001.5749939708,514001.5749939708,420546.7431768851,339.7263745961499,174619891.60941276,142870820.40770134,13672441.894839624,11186543.368505144
Romania,ROU,Eastern Europe,Manual,Industrial,Manufacturing,750357.7959970653,408394.83117445064,650001.5624178305,367484.3261858006,416.278789762913,270581863.747297,152975930.56146464,13227531.795202851,7478306.037881043
Romania,ROU,Eastern Europe,Cleaning,Commercial/Retail,Office,124115.90982076665,14116.137908491904,91666.4765935623,8822.586192807441,173.44246952421238,15898860.072970858,1530211.1368707416,985414.6233807948,94842.80157268
Romania,ROU,Eastern Europe,Tech,Commercial/Retail,Office,144201.50779197333,39427.91736289434,136170.49944681046,38128.68845309224,173.44246952421238,23617747.700400203,6613133.88502364,1463832.8690532125,409883.4008707416
Romania,ROU,Eastern Europe,ArmedForces,Correctional facilities,Dayroom,19149.164851939393,7659.665940775759,19149.164851939393,7659.665940775759,155.49262375916356,2977553.885624811,1191021.5542499246,349472.2585478939,139788.9034191576
Russia,RUS,Eastern Europe,Food,Industrial,Manufacturing,1721493.6115712405,1586089.2076971445,171467.3733523517,36062.96947825588,416.278789762913,71378230.66294251,15012249.289665228,3489361.047720357,733881.4288825073
Russia,RUS,Eastern Europe,Health,Health care,Group treatment area,4776748.087134192,2901342.5687509263,4629616.739111136,2797485.1466170046,494.6359941082607,2289975078.090481,1383736846.4999955,144675523.09722298,87421410.8317814
Russia,RUS,Eastern Europe,Retail,Commercial/Retail,Retail,4460479.875677016,342419.0211338882,3424190.211338882,263399.24702606787,183.9890348898506,630013452.2635144,48462573.25103957,55129462.402556,4240727.877119693
Russia,RUS,Eastern Europe,Security,Commercial/Retail,Office,1846299.4283879695,1477039.5427103755,1846299.4283879695,1477039.5427103755,173.44246952421238,320226732.3407512,256181385.8726009,19847718.85517067,15878175.084136536
Russia,RUS,Eastern Europe,Transport,Commercial/Retail,Transportation waiting,5781535.403638355,4730347.148431382,4730347.148431382,3870284.030534767,339.7263745961499,1607023687.3178294,1314837562.3509512,125827234.14827476,102949555.21222481
Russia,RUS,Eastern Europe,Manual,Industrial,Manufacturing,5251865.28452001,2922704.1036495324,4749938.119415893,2736420.2693725084,416.278789762913,1977298491.799175,1139113718.0170922,96661240.73011343,55686152.48173055
Russia,RUS,Eastern Europe,Cleaning,Commercial/Retail,Office,1872186.7481164394,330676.2707233769,1284592.0644942187,206672.6692021105,173.44246952421238,222802819.9970836,35845818.12957468,13809364.69331285,2221731.193922688
Russia,RUS,Eastern Europe,Tech,Commercial/Retail,Office,2994550.1286455984,1418235.048512102,2826484.535848468,1366736.2310124356,173.44246952421238,490232457.9695555,237050107.09501126,30384708.760371033,14692414.483383683
Russia,RUS,Eastern Europe,ArmedForces,Correctional facilities,Dayroom,128091.43230918245,51236.57292367298,128091.43230918245,51236.57292367298,155.49262375916356,19917272.890824076,7966909.15632963,2337668.6396425795,935067.455857032
Rwanda,RWA,Eastern Africa,Food,Industrial,Manufacturing,2777234.424786705,2773352.997984513,207222.69176230996,203341.26496011805,416.278789762913,86262411.33822756,84646655.68645777,4216981.777363008,4137994.7419384024
Rwanda,RWA,Eastern Africa,Health,Health care,Group treatment area,32617.790762420773,18314.476191403377,32115.385243175628,17959.83700134798,494.6359941082607,15885425.505927943,8883581.829184081,1003605.7888492384,561244.9062921244
Rwanda,RWA,Eastern Africa,Retail,Commercial/Retail,Retail,519157.11896142806,38988.621324158106,389886.2132415811,29991.247172429317,183.9890348898506,71734788.09117699,5518060.62239823,6277168.033189456,482859.07947611203
Rwanda,RWA,Eastern Africa,Security,Commercial/Retail,Office,63801.75295485561,51041.402363884496,63801.75295485561,51041.402363884496,173.44246952421238,11065933.592463871,8852746.873971099,685868.8442646979,548695.0754117584
Rwanda,RWA,Eastern Africa,Transport,Commercial/Retail,Transportation waiting,105158.03274710756,86038.39042945165,86038.39042945165,70395.0467150059,339.7263745961499,29229510.456685692,23915054.010015566,2288621.185423414,1872508.242619157
Rwanda,RWA,Eastern Africa,Manual,Industrial,Manufacturing,297878.4681596513,135894.8510113633,207282.75299037833,90625.47314995181,416.278789762913,86287413.55355953,37725462.284553304,4218204.0233542,1844228.3786015194
Rwanda,RWA,Eastern Africa,Cleaning,Commercial/Retail,Office,131888.77814073063,5432.136184936723,105380.5349631616,3395.0851155854516,173.44246952421238,18277460.223793354,588851.9466920368,1132840.7508539872,36497.16499254361
Rwanda,RWA,Eastern Africa,Tech,Commercial/Retail,Office,71547.20461612474,8846.561647570374,71082.56139165604,8654.952601531846,173.44246952421238,12328734.987875259,1501136.3528246898,764137.5349603024,93040.74046646735
Rwanda,RWA,Eastern Africa,ArmedForces,Correctional facilities,Dayroom,10017.094661096335,4006.8378644385334,10017.094661096335,4006.8378644385334,155.49262375916356,1557584.3312977785,623033.7325191112,182811.9775650081,73124.79102600324
Sudan,SDN,Northern Africa,Food,Industrial,Manufacturing,4760771.592985401,4699308.310986502,188935.79557048428,127472.51357158556,416.278789762913,78649964.32297432,53064103.677616134,3844843.4398593553,2594065.6511817663
Sudan,SDN,Northern Africa,Health,Health care,Group treatment area,179726.15496754923,101617.69877303585,177440.03368639518,100003.96610398595,494.6359941082607,87768227.45707335,49465561.1886139,5545001.052699849,3125123.940749561
Sudan,SDN,Northern Africa,Retail,Commercial/Retail,Retail,2378915.8107244303,151953.74353647756,1519537.4353647754,116887.4950280597,183.9890348898506,279578226.21176374,21506017.400904913,24464552.709372886,1881888.6699517614
Sudan,SDN,Northern Africa,Security,Commercial/Retail,Office,95088.16300073189,76070.53040058553,95088.16300073189,76070.53040058553,173.44246952421238,16492325.81336778,13193860.650694227,1022197.7522578678,817758.2018062944
Sudan,SDN,Northern Africa,Transport,Commercial/Retail,Transportation waiting,352818.9312841317,288670.03468701686,288670.03468701686,236184.57383483197,339.7263745961499,98068824.33876508,80238129.00444415,7678622.922674648,6282509.664006531
Sudan,SDN,Northern Africa,Manual,Industrial,Manufacturing,634862.2745806769,274722.8226573653,494126.1938922578,215103.8903377404,416.278789762913,205694253.98362356,89543187.14308892,10055468.045707447,4377364.168373018
Sudan,SDN,Northern Africa,Cleaning,Commercial/Retail,Office,253674.33664404874,52963.92971300347,167258.6724425378,33102.45607062717,173.44246952421238,29009757.19777508,5741371.728206333,1798030.7287572813,355851.4027592421
Sudan,SDN,Northern Africa,Tech,Commercial/Retail,Office,146863.59470380234,25548.125644859952,135374.33304866578,24808.31527355178,173.44246952421238,23479658.63415379,4302815.465780057,1455274.0802731572,266689.3891906816
Sudan,SDN,Northern Africa,ArmedForces,Correctional facilities,Dayroom,169745.0943851901,67898.03775407604,169745.0943851901,67898.03775407604,155.49262375916356,26394110.096200075,10557644.038480029,3097847.9725297196,1239139.1890118876
Senegal,SEN,Western Africa,Food,Industrial,Manufacturing,2230361.1129999207,2186347.231882855,93792.21554905767,49778.33443199223,416.278789762913,39043709.977943994,20721664.81376327,1908671.5864233237,1012989.105691042
Senegal,SEN,Western Africa,Health,Health care,Group treatment area,76917.55204308366,45373.28109460178,75294.81489410636,44227.81957767663,494.6359941082607,37243525.616343774,21876671.504044876,2352962.9654408237,1382119.3618023947
Senegal,SEN,Western Africa,Retail,Commercial/Retail,Retail,270284.7886172058,19050.271287949337,190502.71287949343,14654.05483688411,183.9890348898506,35050410.286596306,2696185.4066612544,3067093.6773598446,235930.2828738342
Senegal,SEN,Western Africa,Security,Commercial/Retail,Office,61838.4543095519,49470.76344764151,61838.4543095519,49470.76344764151,173.44246952421238,10725414.227008855,8580331.381607084,664763.3838276829,531810.7070621463
Senegal,SEN,Western Africa,Transport,Commercial/Retail,Transportation waiting,138852.00654317215,113606.1871716863,113606.1871716863,92950.51677683425,339.7263745961499,38595018.09952862,31577742.08143251,3021924.5787668554,2472483.7462637913
Senegal,SEN,Western Africa,Manual,Industrial,Manufacturing,310398.8306056313,110061.29174720668,260404.63706265483,92221.36459636068,416.278789762913,108400927.16509256,38389798.044457376,5299234.364225026,1876704.7695359401
Senegal,SEN,Western Africa,Cleaning,Commercial/Retail,Office,385211.77941740246,16650.781184985775,307134.1651936806,10406.73824061611,173.44246952421238,53270108.08644936,1804970.3801445153,3301692.275832067,111872.43608662319
Senegal,SEN,Western Africa,Tech,Commercial/Retail,Office,88754.04272164899,13627.057781172167,78986.9082386335,13242.195621544473,173.44246952421238,13699684.424990952,2296759.110523386,849109.2635653102,142353.6029316031
Senegal,SEN,Western Africa,ArmedForces,Correctional facilities,Dayroom,14874.988273125093,5949.995309250037,14874.988273125093,5949.995309250037,155.49262375916356,2312950.9549750104,925180.3819900041,271468.53598453297,108587.41439381317
Singapore,SGP,South-eastern Asia,Food,Industrial,Manufacturing,56833.09371656958,4666.707279313184,52410.88195708197,244.49551982556486,416.278789762913,21817538.511500973,101778.29909544044,1066561.447826618,4975.483828450245
Singapore,SGP,South-eastern Asia,Health,Health care,Group treatment area,128767.25159157605,69562.29794328705,127415.83724718385,68608.35840606903,494.6359941082607,63024459.32189714,33936163.5643218,3981744.9139744956,2144011.2001896575
Singapore,SGP,South-eastern Asia,Retail,Commercial/Retail,Retail,157280.23076103226,12098.479289310175,120984.79289310174,9306.522530238595,183.9890348898506,22259875.28075024,1712298.0985192494,1947855.165578938,149835.0127368414
Singapore,SGP,South-eastern Asia,Security,Commercial/Retail,Office,64155.50627061662,51324.405016493314,64155.50627061662,51324.405016493314,173.44246952421238,11127289.44115184,8901831.552921474,689671.6924091286,551737.3539273031
Singapore,SGP,South-eastern Asia,Transport,Commercial/Retail,Transportation waiting,166693.98465982862,136385.98744895068,136385.98744895068,111588.53518550513,339.7263745961499,46333917.06174802,37909568.50506657,3627867.266142088,2968255.0359344366
Singapore,SGP,South-eastern Asia,Manual,Industrial,Manufacturing,50569.64082084062,25198.09259921979,40683.18768688867,20696.963111731777,416.278789762913,16935548.13399546,8615706.755919358,827902.8694281845,421183.19932374166
Singapore,SGP,South-eastern Asia,Cleaning,Commercial/Retail,Office,81823.54901919581,4234.770116438501,64657.31575229775,2646.7313227740633,173.44246952421238,11214324.51688528,459055.6167890188,695066.1443372008,28452.36171982118
Singapore,SGP,South-eastern Asia,Tech,Commercial/Retail,Office,96846.9203137053,53354.36746396443,92969.52926601138,51389.23529039674,173.44246952421238,16124864.74640055,8913075.875727216,999422.4396096223,552434.279371765
Singapore,SGP,South-eastern Asia,ArmedForces,Correctional facilities,Dayroom,6570.532224274283,2628.212889709714,6570.532224274283,2628.212889709714,155.49262375916356,1021669.2950465413,408667.7180186166,119912.21309300567,47964.88523720228
Sierra Leone,SLE,Western Africa,Food,Industrial,Manufacturing,1509158.944242709,1507835.1051042231,4778.052173488427,3454.213035002524,416.278789762913,1989001.7762038184,1437915.6217941293,97233.36173048949,70293.23526230137
Sierra Leone,SLE,Western Africa,Health,Health care,Group treatment area,23928.80760051174,13915.77849618688,23460.33498670882,13585.091945267173,494.6359941082607,11604326.118263528,6719675.459399354,733135.4683346507,424534.12328959914
Sierra Leone,SLE,Western Africa,Retail,Commercial/Retail,Retail,586139.3037067789,35556.66068904798,355566.60689047974,27351.277453113824,183.9890348898506,65420356.84083827,5032335.141602943,5724622.370936724,440355.5669951326
Sierra Leone,SLE,Western Africa,Security,Commercial/Retail,Office,28355.638532345016,22684.51082587601,28355.638532345016,22684.51082587601,173.44246952421238,4918071.971985833,3934457.5775886653,304823.1142227089,243858.4913781671
Sierra Leone,SLE,Western Africa,Transport,Commercial/Retail,Transportation waiting,77985.22899464064,63806.09645016051,63806.09645016051,52204.988004676794,339.7263745961499,21676613.824145302,17735411.31066434,1697242.1655742696,1388652.6809244028
Sierra Leone,SLE,Western Africa,Manual,Industrial,Manufacturing,130202.2392121784,53725.45124289407,109442.2236114288,45974.92878946632,416.278789762913,45558476.39392768,19138387.715915147,2227149.250492576,935589.8008656397
Sierra Leone,SLE,Western Africa,Cleaning,Commercial/Retail,Office,5659.560042682008,214.2028345918726,4537.797673408447,133.87677161992036,173.44246952421238,787046.8346771864,23219.91788168798,48781.324989140805,1439.175294914144
Sierra Leone,SLE,Western Africa,Tech,Commercial/Retail,Office,41411.88429421777,6701.267991857177,40372.08167224536,6522.47532558413,173.44246952421238,7002233.54506743,1131274.2278800528,433999.8779766376,70116.6097500294
Sierra Leone,SLE,Western Africa,ArmedForces,Correctional facilities,Dayroom,4889.660083810739,1955.8640335242956,4889.660083810739,1955.8640335242956,155.49262375916356,760306.0757221833,304122.4302888734,89236.29652954599,35694.51861181839
El Salvador,SLV,Central America,Food,Industrial,Manufacturing,377585.25346808357,350791.6670071263,56776.07481952281,29982.48835856558,416.278789762913,23634675.713359553,12481073.967984308,1155393.1225772891,610143.6380968096
El Salvador,SLV,Central America,Health,Health care,Group treatment area,67306.21265118745,36712.221138446555,66344.60335829837,36033.43810817192,494.6359941082607,32816428.835850164,17823435.479774103,2073268.854946824,1126044.9408803724
El Salvador,SLV,Central America,Retail,Commercial/Retail,Retail,459504.3906799364,34531.94622080317,345319.4622080317,26563.03555446397,183.9890348898506,63534994.58033798,4887307.275410613,5559643.341549311,427664.87242687
El Salvador,SLV,Central America,Security,Commercial/Retail,Office,62647.014471315575,50117.61157705247,62647.014471315575,50117.61157705247,173.44246952421238,10865652.898224045,8692522.318579236,673455.4055666424,538764.3244533141
El Salvador,SLV,Central America,Transport,Commercial/Retail,Transportation waiting,107372.07645584588,87849.88073660116,87849.88073660116,71877.17514812823,339.7263745961499,29844921.49134966,24418572.129286088,2336806.827593591,1911932.858940211
El Salvador,SLV,Central America,Manual,Industrial,Manufacturing,201305.75973060683,93841.49257292495,165575.36243682337,77546.88570310392,416.278789762913,68925511.48975652,32281123.73037104,3369458.625589356,1578079.124058165
El Salvador,SLV,Central America,Cleaning,Commercial/Retail,Office,113012.56038055618,5755.788115456348,89380.64355424985,3597.3675721602176,173.44246952421238,15502399.54571247,623936.3155017884,960841.9182081859,38671.70140072234
El Salvador,SLV,Central America,Tech,Commercial/Retail,Office,55692.18907158446,11672.533487613875,53961.94518276339,11321.899424115114,173.44246952421238,9359293.032828659,1963698.1958232834,580090.9107147064,121710.41880923748
El Salvador,SLV,Central America,ArmedForces,Correctional facilities,Dayroom,7221.543090883446,2888.617236353379,7221.543090883446,2888.617236353379,155.49262375916356,1122896.682791327,449158.6731165309,131793.1614086229,52717.26456344917
Somalia,SOM,Eastern Africa,Food,Industrial,Manufacturing,395542.3514504397,359837.05084814463,63843.862512139676,28138.561909844568,416.278789762913,26576845.820343316,11713486.497498898,1299222.6021220426,572619.734865337
Somalia,SOM,Eastern Africa,Health,Health care,Group treatment area,155843.44040694728,84646.35097176906,154929.88103682385,84001.48553403487,494.6359941082607,76633895.72372393,41550158.30369802,4841558.782400745,2625046.42293859
Somalia,SOM,Eastern Africa,Retail,Commercial/Retail,Retail,138166.4928590247,7920.027384001605,79200.27384001606,6092.328756924312,183.9890348898506,14571981.946836436,1120921.6882181873,1275124.4088242587,98086.49298648143
Somalia,SOM,Eastern Africa,Security,Commercial/Retail,Office,14466.901022290034,11573.520817832028,14466.901022290034,11573.520817832028,173.44246952421238,2509175.039668336,2007340.031734669,155519.18598961786,124415.3487916943
Somalia,SOM,Eastern Africa,Transport,Commercial/Retail,Transportation waiting,129056.7770986959,105591.90853529666,105591.90853529666,86393.37971069726,339.7263745961499,35872356.27338459,29350109.678223755,2808744.7670388916,2298063.9003045475
Somalia,SOM,Eastern Africa,Manual,Industrial,Manufacturing,95176.70958296783,48037.58720486666,85074.42072441982,44844.24098722264,416.278789762913,35414676.898942366,18667706.36599746,1731264.4617419434,912580.3040899808
Somalia,SOM,Eastern Africa,Cleaning,Commercial/Retail,Office,495156.8872122547,113143.98472114054,318344.0854092618,70714.99045071284,173.44246952421238,55214384.331809156,12264982.57615273,3422198.9181495644,760186.147345163
Somalia,SOM,Eastern Africa,Tech,Commercial/Retail,Office,20303.444016278667,5831.530917855101,19153.665152781545,5637.066104990047,173.44246952421238,3322058.984538282,977706.6661207069,205901.9003924016,60598.460628643006
Somalia,SOM,Eastern Africa,ArmedForces,Correctional facilities,Dayroom,35043.64286409927,14017.457145639708,35043.64286409927,14017.457145639708,155.49262375916356,5449027.975017885,2179611.190007154,639546.4822698117,255818.59290792467
Serbia,SRB,Southern Europe,Food,Industrial,Manufacturing,514599.59321158944,503077.93153807643,16359.722318678505,4838.060645165562,416.278789762913,6810205.407676805,2013982.0301690982,332920.3491851076,98454.5341291192
Serbia,SRB,Southern Europe,Health,Health care,Group treatment area,151733.26088470855,93717.7028803882,146747.21038495284,90198.13782173711,494.6359941082607,72586452.29137522,44615245.56816885,4585850.324529776,2818691.8069292847
Serbia,SRB,Southern Europe,Retail,Commercial/Retail,Retail,215160.45940936063,16550.804569950822,165508.0456995082,12731.388130731399,183.9890348898506,30451665.5947578,2342435.814981369,2664679.5357620823,204975.34890477554
Serbia,SRB,Southern Europe,Security,Commercial/Retail,Office,64230.00251783769,51384.00201427015,64230.00251783769,51384.00201427015,173.44246952421238,11140210.254240148,8912168.203392118,690472.5270667551,552378.0216534041
Serbia,SRB,Southern Europe,Transport,Commercial/Retail,Transportation waiting,138884.11728936183,113632.45960038695,113632.45960038695,92972.01240031661,339.7263745961499,38603943.53648293,31585044.711667858,3022623.425370293,2473055.529848422
Serbia,SRB,Southern Europe,Manual,Industrial,Manufacturing,245919.48888173825,144557.8316196446,220563.50750763415,133856.17905403598,416.278789762913,91815909.97114111,55721488.21890188,4488467.3777803555,2723973.2437496325
Serbia,SRB,Southern Europe,Cleaning,Commercial/Retail,Office,57022.5119046373,2807.1597250939567,45179.46014961945,1754.4748281837228,173.44246952421238,7836037.14012074,304300.4469182531,485679.1966084091,18860.60440297502
Serbia,SRB,Southern Europe,Tech,Commercial/Retail,Office,82263.06048180185,30002.22321650293,78097.67608813237,28955.71459557544,173.44246952421238,13545453.804827709,5022150.646294884,839550.017947423,311273.93190243596
Serbia,SRB,Southern Europe,ArmedForces,Correctional facilities,Dayroom,8558.50541896499,3423.402167585997,8558.50541896499,3423.402167585997,155.49262375916356,1330784.4630518858,532313.7852207544,156192.72389611107,62477.08955844445
Sao Tome and Principe,STP,Middle Africa,Food,Industrial,Manufacturing,9364.04621528182,8903.115863944171,488.71296555662383,27.782614218976327,416.278789762913,203440.84184335556,11565.313023525363,9945.308849077295,565.3761993561683
Sao Tome and Principe,STP,Middle Africa,Health,Health care,Group treatment area,1199.8489300801784,554.1964341439732,1189.611311222839,546.9698796564395,494.6359941082607,588424.5735291406,270550.99017113866,37175.35347571372,17092.808739263735
Sao Tome and Principe,STP,Middle Africa,Retail,Commercial/Retail,Retail,5062.2437719502495,313.6790263855094,3136.7902638550945,241.29155875808422,183.9890348898506,577135.0132985786,44395.00102296759,50502.32324806703,3884.7940960051565
Sao Tome and Principe,STP,Middle Africa,Security,Commercial/Retail,Office,1408.6063537250027,1126.8850829800024,1408.6063537250027,1126.8850829800024,173.44246952421238,244312.1645775607,195449.7316620486,15142.518302543778,12114.014642035025
Sao Tome and Principe,STP,Middle Africa,Transport,Commercial/Retail,Transportation waiting,1184.0262463810086,968.7487470390072,968.7487470390072,792.612611213733,339.7263745961499,329109.49972612463,269271.4088668292,25768.71667123759,21083.4954582853
Sao Tome and Principe,STP,Middle Africa,Manual,Industrial,Manufacturing,1669.9943884039437,627.7216801230239,1483.1529036285588,581.7101937562738,416.278789762913,617405.0957558468,242153.6154496113,30182.161588841172,11837.802442940174
Sao Tome and Principe,STP,Middle Africa,Cleaning,Commercial/Retail,Office,723.8709040411082,104.73090341130775,515.9500005248339,65.45681463206735,173.44246952421238,89487.64224204585,11352.99157697436,5546.462505641964,703.660757294724
Sao Tome and Principe,STP,Middle Africa,Tech,Commercial/Retail,Office,917.2106486888111,152.54294747311673,866.2100565789884,148.2967443291315,173.44246952421238,150237.6113397675,25720.953558845307,9311.758108224125,1594.1900015381639
Sao Tome and Principe,STP,Middle Africa,ArmedForces,Correctional facilities,Dayroom,110.71504662908396,44.28601865163359,110.71504662908396,44.28601865163359,155.49262375916356,17215.3730899744,6886.149235989762,2020.5496009807823,808.219840392313
Suriname,SUR,South America,Food,Industrial,Manufacturing,21100.320377302516,20069.018134557984,2245.1923276675893,1213.8900849230563,416.278789762913,934625.9449464417,505316.69545696955,45689.663868035444,24702.663228184196
Suriname,SUR,South America,Health,Health care,Group treatment area,8940.180982554273,5203.6903720917,8675.821877160697,5017.083944755061,494.6359941082607,4291373.778915578,2481630.3045385135,271119.43366127176,156783.87327359564
Suriname,SUR,South America,Retail,Commercial/Retail,Retail,20380.78431267177,1522.3416160968816,15223.416160968816,1171.032012382217,183.9890348898506,2800941.647183207,215457.0497833237,245097.00019159797,18853.615399353697
Suriname,SUR,South America,Security,Commercial/Retail,Office,13242.480832805475,10593.98466624438,13242.480832805475,10593.98466624438,173.44246952421238,2296808.57826883,1837446.8626150643,142356.66895265886,113885.33516212708
Suriname,SUR,South America,Transport,Commercial/Retail,Transportation waiting,15397.438277935356,12597.904045583475,12597.904045583475,10307.37603729557,339.7263745961499,4279840.268916244,3501687.492749654,335104.24761252047,274176.2025920622
Suriname,SUR,South America,Manual,Industrial,Manufacturing,19846.078868159733,8128.883059574343,17010.590457134524,7341.061062779836,416.278789762913,7081148.008648517,3055928.014789634,346165.51580268756,149390.59262756968
Suriname,SUR,South America,Cleaning,Commercial/Retail,Office,10355.034976068928,550.1413435679023,8170.744693750853,343.83833972993887,173.44246952421238,1417154.1375360023,59636.17075986571,87835.50545782167,3696.262152096843
Suriname,SUR,South America,Tech,Commercial/Retail,Office,8761.026606255553,2330.02695113119,6713.349607968323,2247.2017152064136,173.44246952421238,1164379.934785429,389760.2150044462,72168.50828565947,24157.418438468947
Suriname,SUR,South America,ArmedForces,Correctional facilities,Dayroom,1140.7067720845348,456.2827088338139,1140.7067720845348,456.2827088338139,155.49262375916356,177371.48893127052,70948.5955725082,20817.89859054276,8327.159436217104
Slovakia,SVK,Eastern Europe,Food,Industrial,Manufacturing,47615.823986616146,30592.30682320823,18129.093852264683,1105.5766888567664,416.278789762913,7546757.248319008,460228.1260273833,368927.0598935863,22498.485618235198
Slovakia,SVK,Eastern Europe,Health,Health care,Group treatment area,175527.87351438747,97411.41327042274,171336.84511255161,94453.04028089154,494.6359941082607,84749370.70962006,46719873.47588638,5354276.409767238,2951657.5087778606
Slovakia,SVK,Eastern Europe,Retail,Commercial/Retail,Retail,184823.82282905877,14125.35711162676,141253.5711162676,10865.65931663597,183.9890348898506,25989108.224426948,1999162.1711097658,2274182.494971908,174937.11499783915
Slovakia,SVK,Eastern Europe,Security,Commercial/Retail,Office,40705.630071944695,32564.504057555758,40705.630071944695,32564.504057555758,173.44246952421238,7060085.003217131,5648068.002573705,437585.5232734055,350068.4186187244
Slovakia,SVK,Eastern Europe,Transport,Commercial/Retail,Transportation waiting,125659.45129932385,102812.27833581042,102812.27833581042,84119.13682020851,339.7263745961499,34928042.58299516,28577489.386086944,2734806.6037325575,2237569.0394175467
Slovakia,SVK,Eastern Europe,Manual,Industrial,Manufacturing,240082.75216798458,140095.8981644349,214667.40520359157,130096.58406070764,416.278789762913,89361487.63969594,54156448.56508045,4368481.695893088,2647465.4856354007
Slovakia,SVK,Eastern Europe,Cleaning,Commercial/Retail,Office,36874.3897869555,2546.824880379211,28606.304088813573,1591.765550237007,173.44246952421238,4961548.0251244,276079.74793667323,307517.7689547459,17111.479665047824
Slovakia,SVK,Eastern Europe,Tech,Commercial/Retail,Office,104460.26703722843,47478.475912225236,99125.95281400451,45765.80109782585,173.44246952421238,17192650.050001495,7937733.562160826,1065603.9927505485,491982.3618016279
Slovakia,SVK,Eastern Europe,ArmedForces,Correctional facilities,Dayroom,6087.135251128162,2434.8541004512654,6087.135251128162,2434.8541004512654,155.49262375916356,946504.6313748129,378601.8525499253,111090.21833308895,44436.08733323559
Slovenia,SVN,Southern Europe,Food,Industrial,Manufacturing,44278.212177890295,35037.94057056824,10499.599359981095,1259.3277526590512,416.278789762913,4370760.514568387,524231.43279175885,213666.8469756153,25627.319766611694
Slovenia,SVN,Southern Europe,Health,Health care,Group treatment area,63805.33268500916,34515.5524019018,62793.89159296582,33801.593983988845,494.6359941082607,31060118.992013004,16719485.042714126,1962309.1122801818,1056299.8119996514
Slovenia,SVN,Southern Europe,Retail,Commercial/Retail,Retail,52059.73404358578,4004.5949264296755,40045.94926429675,3080.457635715135,183.9890348898506,7368015.556385881,566770.4274142986,644739.7831551777,49595.36793501368
Slovenia,SVN,Southern Europe,Security,Commercial/Retail,Office,12520.902992090289,10016.722393672231,12520.902992090289,10016.722393672231,173.44246952421238,2171656.3356212396,1737325.0684969916,134599.7071649706,107679.76573197648
Slovenia,SVN,Southern Europe,Transport,Commercial/Retail,Transportation waiting,37506.96274058728,30687.514969571417,30687.514969571417,25107.966793285705,339.7263745961499,10425358.205977578,8529838.532163473,816287.8981905997,667871.9167013997
Slovenia,SVN,Southern Europe,Manual,Industrial,Manufacturing,80541.25377409556,45164.622279281604,69498.20341488288,40213.89968757286,416.278789762913,28930628.008244194,16740193.493590016,1414288.4394928669,818352.8586421078
Slovenia,SVN,Southern Europe,Cleaning,Commercial/Retail,Office,23933.248578563707,2122.3550703632336,18175.744590167065,1326.471918977021,173.44246952421238,3152446.0271599195,230066.5653818955,195389.25434429594,14259.573129002976
Slovenia,SVN,Southern Europe,Tech,Commercial/Retail,Office,30005.957888410398,12077.708086279172,27904.421422140273,11647.156701517119,173.44246952421238,4839811.762100344,2020111.621246609,299972.5302880079,125206.93454130902
Slovenia,SVN,Southern Europe,ArmedForces,Correctional facilities,Dayroom,3481.577862775181,1392.6311451100726,3481.577862775181,1392.6311451100726,155.49262375916356,541359.676704734,216543.87068189363,63538.79599564705,25415.518398258824
Sweden,SWE,Northern Europe,Food,Industrial,Manufacturing,153795.03535916205,89364.74229307096,65216.18893092899,785.8958648378964,416.278789762913,27148116.201116603,327151.77949439734,1327149.444744405,15992.980849451193
Sweden,SWE,Northern Europe,Health,Health care,Group treatment area,663834.2897923128,313895.7578432393,660454.4304503609,311509.9747783321,494.6359941082607,326684533.76901937,154084046.04911953,20639200.951573778,9734686.711822879
Sweden,SWE,Northern Europe,Retail,Commercial/Retail,Retail,194186.5898057555,14937.429985058121,149374.2998505812,11490.330757737016,183.9890348898506,27483233.26685559,2114094.866681199,2404926.227594358,184994.32519956597
Sweden,SWE,Northern Europe,Security,Commercial/Retail,Office,44452.84146147415,35562.27316917933,44452.84146147415,35562.27316917933,173.44246952421238,7710010.600446375,6168008.480357102,477868.0457108471,382294.4365686778
Sweden,SWE,Northern Europe,Transport,Commercial/Retail,Transportation waiting,174001.35673121444,142364.74641644818,142364.74641644818,116480.24706800305,339.7263745961499,48365059.17036016,39571412.0484765,3786902.2546775215,3098374.5720088813
Sweden,SWE,Northern Europe,Manual,Industrial,Manufacturing,208015.78912558052,111367.94430538423,185815.9793073102,104492.32267539126,416.278789762913,77351250.98465757,43497937.622827664,3781355.1789037627,2126418.7664442123
Sweden,SWE,Northern Europe,Cleaning,Commercial/Retail,Office,57722.02047363518,3179.846184088688,45451.811907955416,1987.40386505543,173.44246952421238,7883274.501665791,344700.23429717834,488606.97801052075,21364.591549345874
Sweden,SWE,Northern Europe,Tech,Commercial/Retail,Office,162649.86496734247,88142.92784705223,153472.76083699273,84891.19583243376,173.44246952421238,26618694.644266848,14723738.646040838,1649832.178997672,912580.355198663
Sweden,SWE,Northern Europe,ArmedForces,Correctional facilities,Dayroom,11320.904435826254,4528.361774330503,11320.904435826254,4528.361774330503,155.49262375916356,1760317.1340533777,704126.8536213513,206606.50595382915,82642.60238153169
Eswatini,SWZ,Southern Africa,Food,Industrial,Manufacturing,49578.4221199592,49578.4221199592,3956.0518331134576,3956.0518331134576,416.278789762913,1646820.4693278235,1646820.4693278235,80505.65480385887,80505.65480385887
Eswatini,SWZ,Southern Africa,Health,Health care,Group treatment area,10083.572045265673,5952.910236268095,9813.5107598033,5762.278740647595,494.6359941082607,4854115.650367418,2850230.47320912,306672.2112438531,180071.21064523736
Eswatini,SWZ,Southern Africa,Retail,Commercial/Retail,Retail,51803.106630853035,3687.824504753277,36878.24504753278,2836.7880805794443,183.9890348898506,6785192.714726968,521937.9011328437,593739.7452652778,45672.28809732906
Eswatini,SWZ,Southern Africa,Security,Commercial/Retail,Office,16040.664931254796,12832.531945003839,16040.664931254796,12832.531945003839,173.44246952421238,2782132.538487262,2225706.03078981,172437.14801098907,137949.71840879126
Eswatini,SWZ,Southern Africa,Transport,Commercial/Retail,Transportation waiting,18456.33513640323,15100.637838875373,15100.637838875373,12355.067322716217,339.7263745961499,5130084.947090571,4197342.2294377405,401676.96651408495,328644.7907842514
Eswatini,SWZ,Southern Africa,Manual,Industrial,Manufacturing,21796.732959060642,9317.086671571244,19005.941836429945,8246.815094090261,416.278789762913,7911770.4659733735,3432974.2067664177,386770.9163713494,167822.68716473682
Eswatini,SWZ,Southern Africa,Cleaning,Commercial/Retail,Office,20145.97014810528,893.3915947682253,16043.81546111421,558.3697467301408,173.44246952421238,2782678.974166389,96845.02778048464,172471.01620697777,6002.474777349014
Eswatini,SWZ,Southern Africa,Tech,Commercial/Retail,Office,7975.529655584774,1151.6968802513843,7305.439192251769,1120.9653929180324,173.44246952421238,1267073.4144631142,194423.0059988826,78533.47131670652,12050.377973868848
Eswatini,SWZ,Southern Africa,ArmedForces,Correctional facilities,Dayroom,1026.8919875250704,410.75679501002816,1026.8919875250704,410.75679501002816,155.49262375916356,159674.12945753546,63869.65178301418,18740.778772332535,7496.311508933014
Seychelles,SYC,Eastern Africa,Food,Industrial,Manufacturing,5758.533575090996,5005.522551689963,980.3694241863699,227.3584007853362,416.278789762913,408106.9974208659,94644.47992135107,19950.51778219263,4626.743455981592
Seychelles,SYC,Eastern Africa,Health,Health care,Group treatment area,10067.022758555704,4564.217415830129,9998.213365218435,4515.646079356762,494.6359941082607,4945476.207211319,2233601.087503702,312444.1676630761,141113.93997989883
Seychelles,SYC,Eastern Africa,Retail,Commercial/Retail,Retail,4647.540530867592,357.50311775904555,3575.0311775904547,275.0023982761889,183.9890348898506,657766.5360659938,50597.425851230306,57558.001959206325,4427.538612246642
Seychelles,SYC,Eastern Africa,Security,Commercial/Retail,Office,4263.326465994366,3410.6611727954933,4263.326465994366,3410.6611727954933,173.44246952421238,739441.870649996,591553.4965199968,45830.759509439435,36664.60760755155
Seychelles,SYC,Eastern Africa,Transport,Commercial/Retail,Transportation waiting,5584.819088253114,4569.397435843458,4569.397435843458,3738.597902053738,339.7263745961499,1552344.8249680416,1270100.3113374885,121545.971793436,99446.70419462943
Seychelles,SYC,Eastern Africa,Manual,Industrial,Manufacturing,5147.302185238427,2417.090558042838,4404.7501303081335,2137.8769437455444,416.278789762913,1833604.0534527032,889952.8268044305,89636.66515177052,43505.79580522183
Seychelles,SYC,Eastern Africa,Cleaning,Commercial/Retail,Office,5001.513670909213,402.79153478734924,3832.2684467682193,251.74470924209334,173.44246952421238,664678.1032871976,43663.22406060348,41196.885802758356,2706.255624352503
Seychelles,SYC,Eastern Africa,Tech,Commercial/Retail,Office,3535.986936737599,1217.618744396168,3162.8987448417674,1174.7628721544686,173.44246952421238,548580.9691603879,203753.77365182762,34001.161507049,12628.700875660537
Seychelles,SYC,Eastern Africa,ArmedForces,Correctional facilities,Dayroom,284.8334595531756,113.93338382127025,284.8334595531756,113.93338382127025,155.49262375916356,44289.501960322865,17715.800784129147,5198.210636845455,2079.284254738182
Togo,TGO,Western Africa,Food,Industrial,Manufacturing,1062246.7105905937,1062246.7105905937,264.1512655829883,264.1512655829883,416.278789762913,109960.56915122818,109960.56915122818,5375.478254613812,5375.478254613812
Togo,TGO,Western Africa,Health,Health care,Group treatment area,24307.04115600429,15569.899621040342,23418.582859014037,14942.752587870758,494.6359941082607,11583674.013075083,7391223.281015238,731830.7143441887,466961.0183709612
Togo,TGO,Western Africa,Retail,Commercial/Retail,Retail,689490.7997784084,53037.75382910835,530377.5382910833,40798.27217623718,183.9890348898506,97583651.3974312,7506434.722879323,8539078.366486441,656852.1820374187
Togo,TGO,Western Africa,Security,Commercial/Retail,Office,19854.419299695426,15883.535439756344,19854.419299695426,15883.535439756344,173.44246952421238,3443599.514308358,2754879.611446687,213435.00747172584,170748.0059773807
Togo,TGO,Western Africa,Transport,Commercial/Retail,Transportation waiting,86158.79349597624,70493.55831488967,70493.55831488967,57676.547712182444,339.7263745961499,23948520.998699747,19594244.453481607,1875128.6511760652,1534196.169144053
Togo,TGO,Western Africa,Manual,Industrial,Manufacturing,137856.8730505111,54245.179782664956,123574.9695545712,49689.56889275622,416.278789762913,51441638.77116572,20684713.60251745,2514750.630435524,1011182.7269675892
Togo,TGO,Western Africa,Cleaning,Commercial/Retail,Office,53377.195826590585,10324.344527195584,35877.37608282917,6452.71532949724,173.44246952421238,6222660.707854805,1119174.8818847432,385681.7928904136,69366.68979209533
Togo,TGO,Western Africa,Tech,Commercial/Retail,Office,40845.59112344644,4150.910689492261,38073.62336318073,4067.753583976722,173.44246952421238,6603583.259844815,705521.2270208884,409291.4511541929,43728.35102774976
Togo,TGO,Western Africa,ArmedForces,Correctional facilities,Dayroom,5760.575678774769,2304.2302715099077,5760.575678774769,2304.2302715099077,155.49262375916356,895727.0266559133,358290.8106623654,105130.50613763953,42052.20245505581
Thailand,THA,South-eastern Asia,Food,Industrial,Manufacturing,10418726.767524907,10285270.513831934,304713.69516012893,171257.44146715256,416.278789762913,126845848.24544367,71290840.47183917,6200923.696508625,3485088.933856555
Thailand,THA,South-eastern Asia,Health,Health care,Group treatment area,585906.2563986349,318298.98729076824,576378.5619284998,311573.5559000847,494.6359941082607,285097582.96219325,154115495.56048414,18011830.06026562,9736673.621877648
Thailand,THA,South-eastern Asia,Retail,Commercial/Retail,Retail,5305924.804854728,380138.5754485775,3801385.7544857753,292414.28880659817,183.9890348898506,699413296.2118644,53801022.785528034,61202310.647220984,4707870.049786231
Thailand,THA,South-eastern Asia,Security,Commercial/Retail,Office,492274.592182496,393819.6737459969,492274.592182496,393819.6737459969,173.44246952421238,85381320.95215663,68305056.76172534,5291951.865961832,4233561.492769467
Thailand,THA,South-eastern Asia,Transport,Commercial/Retail,Transportation waiting,1805583.240033735,1477295.3782094198,1477295.3782094198,1208696.21853498,339.7263745961499,501876203.04673433,410625984.3109645,39296057.06037057,32151319.413030468
Thailand,THA,South-eastern Asia,Manual,Industrial,Manufacturing,2668256.263509412,1404888.4419117419,2282221.985570512,1230411.1631174886,416.278789762913,950040606.1236049,512194069.8933263,46443217.40635992,25038867.169440895
Thailand,THA,South-eastern Asia,Cleaning,Commercial/Retail,Office,742582.7609387015,84576.22526786607,548338.7797256962,52860.140792416285,173.44246952421238,95105232.09151787,9168193.358434238,5894641.882051234,568246.5135184751
Thailand,THA,South-eastern Asia,Tech,Commercial/Retail,Office,884094.9716883827,165280.96703394703,844265.2995982138,160481.2475193275,173.44246952421238,146431458.49591324,27834263.882078543,9075851.970680797,1725173.4108327706
Thailand,THA,South-eastern Asia,ArmedForces,Correctional facilities,Dayroom,27004.257942973247,10801.7031771893,27004.257942973247,10801.7031771893,155.49262375916356,4198962.920222144,1679585.1680888576,492827.70745926176,197131.08298370472
Tajikistan,TJK,Central Asia,Food,Industrial,Manufacturing,440410.0298812687,431431.26685913914,69199.34529669958,60220.5822745701,416.278789762913,28806219.712496027,25068551.108075973,1408206.6767878367,1225488.8492875015
Tajikistan,TJK,Central Asia,Health,Health care,Group treatment area,77349.48188795213,46316.714444335536,75480.77821352308,44997.62949767974,494.6359941082607,37335509.76771114,22257447.199100018,2358774.319172596,1406175.9218024919
Tajikistan,TJK,Central Asia,Retail,Commercial/Retail,Retail,230898.5114475615,17761.423957504732,177614.23957504725,13662.633813465176,183.9890348898506,32679072.52210765,2513774.8093928965,2859589.257158261,219968.40439678935
Tajikistan,TJK,Central Asia,Security,Commercial/Retail,Office,48847.30621790376,39077.84497432301,48847.30621790376,39077.84497432301,173.44246952421238,8472197.420038642,6777757.936030914,525108.5418424654,420086.83347397234
Tajikistan,TJK,Central Asia,Transport,Commercial/Retail,Transportation waiting,167891.33873998173,137365.6407872578,137365.6407872578,112390.06973502909,339.7263745961499,46666731.13873212,38181870.9316899,3653926.044941058,2989575.854951774
Tajikistan,TJK,Central Asia,Manual,Industrial,Manufacturing,224478.51944319028,69763.53916271238,179058.41605984257,55538.0774601938,416.278789762913,74538220.7342554,23119323.670888394,3643838.7668177965,1130199.876314944
Tajikistan,TJK,Central Asia,Cleaning,Commercial/Retail,Office,179049.89647606786,37418.38059670078,118026.26323280588,23386.487872937985,173.44246952421238,20470766.563812602,4056210.210180409,1268782.3297526632,251404.74463408336
Tajikistan,TJK,Central Asia,Tech,Commercial/Retail,Office,40792.10282601549,24918.203067728562,38378.21545805403,23987.208364319566,173.44246952421238,6656412.464977193,4160400.6556994286,412565.8161740808,257862.48991643533
Tajikistan,TJK,Central Asia,ArmedForces,Correctional facilities,Dayroom,3608.0817532716906,1443.2327013086763,3608.0817532716906,1443.2327013086763,155.49262375916356,561030.0985537783,224412.0394215113,65847.49199720836,26338.99679888334
Timor-Leste,TLS,South-eastern Asia,Food,Industrial,Manufacturing,210581.11234855978,210581.11234855978,475.03185909204836,475.03185909204836,416.278789762913,197745.6874016645,197745.6874016645,9666.898332523186,9666.898332523186
Timor-Leste,TLS,South-eastern Asia,Health,Health care,Group treatment area,8155.984070749059,4865.06515175928,7951.007255134013,4720.375634854541,494.6359941082607,3932854.3778052055,2334867.694710688,248468.9767229379,147511.7385892044
Timor-Leste,TLS,South-eastern Asia,Retail,Commercial/Retail,Retail,110417.86628562967,7679.117922218361,76791.17922218362,5907.013786321816,183.9890348898506,14128734.953143112,1086825.765626393,1236337.9854771565,95102.92195978125
Timor-Leste,TLS,South-eastern Asia,Security,Commercial/Retail,Office,19247.91198889243,15398.329591113945,19247.91198889243,15398.329591113945,173.44246952421238,3338405.388538197,2670724.310830558,206915.05388059362,165532.0431044749
Timor-Leste,TLS,South-eastern Asia,Transport,Commercial/Retail,Transportation waiting,20297.4735917581,16607.02384780208,16607.02384780208,13587.564966383521,339.7263745961499,5641844.004645605,4616054.185619132,441746.83435153536,361429.2281058017
Timor-Leste,TLS,South-eastern Asia,Manual,Industrial,Manufacturing,25718.94067634789,10820.688940729233,20563.06691676951,8599.897780896068,416.278789762913,8559968.609926606,3579955.040316176,418458.4117562595,175007.919841235
Timor-Leste,TLS,South-eastern Asia,Cleaning,Commercial/Retail,Office,6608.16358184767,39.422303247413396,5473.951065500214,24.638939529633372,173.44246952421238,949415.5908550508,4273.438518477348,58844.9739541273,264.86859994355876
Timor-Leste,TLS,South-eastern Asia,Tech,Commercial/Retail,Office,4910.462053665629,3056.8049630492064,4787.280843408637,2943.099230504291,173.44246952421238,830317.8117867484,510458.3985934734,51463.26906664285,31638.316727921127
Timor-Leste,TLS,South-eastern Asia,ArmedForces,Correctional facilities,Dayroom,1176.485402549727,470.5941610198908,1176.485402549727,470.5941610198908,155.49262375916356,182934.8020568128,73173.92082272512,21470.85859653252,8588.343438613007
Tonga,TON,Polynesia,Food,Industrial,Manufacturing,6365.162002934096,6172.4745752187155,272.9738559301212,80.28642821474152,416.278789762913,113633.22638350663,33421.53717161959,5555.017968177967,1633.82881416999
Tonga,TON,Polynesia,Health,Health care,Group treatment area,602.3207627904904,346.4154249840164,588.1136454567447,336.3868715719605,494.6359941082607,290902.17766913015,166389.0546249645,18378.551420523272,10512.089736623766
Tonga,TON,Polynesia,Retail,Commercial/Retail,Retail,1770.2746962121707,136.17497663170545,1361.7497663170545,104.7499820243888,183.9890348898506,250547.02526615444,19272.848097396494,21924.17123770458,1686.47471059266
Tonga,TON,Polynesia,Security,Commercial/Retail,Office,767.5818249788873,614.0654599831098,767.5818249788873,614.0654599831098,173.44246952421238,133131.28728624,106505.02982899199,8251.504618523039,6601.20369481843
Tonga,TON,Polynesia,Transport,Commercial/Retail,Transportation waiting,642.2368485863162,525.4665124797133,525.4665124797133,429.92714657431094,339.7263745961499,178514.83325641556,146057.59084615821,13977.409231960373,11436.062098876671
Tonga,TON,Polynesia,Manual,Industrial,Manufacturing,2267.033034399714,477.52292426854933,2041.0520381121846,402.43389128497296,416.278789762913,849646.6722684671,167524.69322368823,41535.40897558296,8189.5296876492
Tonga,TON,Polynesia,Cleaning,Commercial/Retail,Office,318.51636154575993,19.96211356795052,248.79520664817454,12.476320979969076,173.44246952421238,43151.655046846136,2163.923921342578,2674.5484714678764,134.12045053466755
Tonga,TON,Polynesia,Tech,Commercial/Retail,Office,438.54685205584735,170.41785412028196,417.65412566189093,164.41606463992304,173.44246952421238,72438.96296177409,28516.728280600786,4489.781850865327,1767.4726948791726
Tonga,TON,Polynesia,ArmedForces,Correctional facilities,Dayroom,121.92761649671814,48.77104659868727,121.92761649671814,48.77104659868727,155.49262375916356,18958.844997775777,7583.537999110314,2225.179001065106,890.0716004260427
Trinidad and Tobago,TTO,Caribbean,Food,Industrial,Manufacturing,24444.984983832517,24444.984983832517,1228.8889503404985,1228.8889503404985,416.278789762913,511560.4050007592,511560.4050007592,25007.890139429146,25007.890139429146
Trinidad and Tobago,TTO,Caribbean,Health,Health care,Group treatment area,15591.114070193897,10231.575961603166,14937.82482331898,9770.430610867928,494.6359941082607,7388785.831297438,4832806.658072439,466807.02572871814,305325.9565896228
Trinidad and Tobago,TTO,Caribbean,Retail,Commercial/Retail,Retail,36234.241080371605,2787.2493138747386,27872.493138747388,2144.037933749799,183.9890348898506,5128233.112572114,394479.4701978549,448747.13953383296,34519.01073337177
Trinidad and Tobago,TTO,Caribbean,Security,Commercial/Retail,Office,11134.595352073358,8907.676281658689,11134.595352073358,8907.676281658689,173.44246952421238,1931211.7150164202,1544969.3720131367,119696.9000347886,95757.5200278309
Trinidad and Tobago,TTO,Caribbean,Transport,Commercial/Retail,Transportation waiting,27423.275564082745,22437.22546152225,22437.22546152225,18357.72992306366,339.7263745961499,7622517.26203938,6236605.032577676,596830.1972764918,488315.6159534934
Trinidad and Tobago,TTO,Caribbean,Manual,Industrial,Manufacturing,45189.608999062024,23507.900597368756,37842.039754934034,20609.608470180116,416.278789762913,15752838.51134398,8579342.87145406,770085.5090129076,419405.5323681654
Trinidad and Tobago,TTO,Caribbean,Cleaning,Commercial/Retail,Office,40637.32432750463,0.0,33864.4369395872,0.0,173.44246952421238,5873531.571848964,0.0,364042.6971005624,0.0
Trinidad and Tobago,TTO,Caribbean,Tech,Commercial/Retail,Office,19304.278917118245,6040.484807495283,19085.99629196039,5838.993153503416,173.44246952421238,3310322.3302075705,1012729.3920786009,205174.46013857418,62769.17640016172
Trinidad and Tobago,TTO,Caribbean,ArmedForces,Correctional facilities,Dayroom,2651.637400768857,1060.654960307543,2651.637400768857,1060.654960307543,155.49262375916356,412310.0567034783,164924.02268139133,48392.382564031635,19356.95302561266
Tunisia,TUN,Northern Africa,Food,Industrial,Manufacturing,489644.4595638829,479671.8160286142,45859.824660594255,35887.18112532564,416.278789762913,19090472.308451567,14939072.32685301,933247.4318430931,730304.1359003768
Tunisia,TUN,Northern Africa,Health,Health care,Group treatment area,81242.73947875304,50106.788891271804,78315.94493297355,48040.81627072159,494.6359941082607,38737885.27644917,23762716.913840678,2447373.2791554234,1501275.5084600498
Tunisia,TUN,Northern Africa,Retail,Commercial/Retail,Retail,334328.2800713146,24306.336191466646,243063.3619146665,18697.181685743577,183.9890348898506,44720993.375761956,3440076.4135201504,3913320.126826131,301024.6251404716
Tunisia,TUN,Northern Africa,Security,Commercial/Retail,Office,170340.36031221392,136272.28824977117,170340.36031221392,136272.28824977117,173.44246952421238,29544252.75219452,23635402.20175562,1831158.8733562997,1464927.0986850401
Tunisia,TUN,Northern Africa,Transport,Commercial/Retail,Transportation waiting,192135.27284193356,157201.5868706729,157201.5868706729,128619.48016691422,339.7263745961499,53405525.188335426,43695429.69954718,4181562.2107598996,3421278.1724399184
Tunisia,TUN,Northern Africa,Manual,Industrial,Manufacturing,565836.3153272815,273035.8644552295,453365.0839477912,219686.35600102143,416.278789762913,188726268.46654797,91450770.40352966,9225979.458337551,4470617.344620787
Tunisia,TUN,Northern Africa,Cleaning,Commercial/Retail,Office,124358.00419201255,9102.892051890107,96045.92678343537,5689.307532431319,173.44246952421238,16658442.729060723,986767.5483075909,1032493.7129219302,61160.05597363668
Tunisia,TUN,Northern Africa,Tech,Commercial/Retail,Office,91180.76159406688,25123.689266315207,86555.06206726359,24296.186753408692,173.44246952421238,15012323.714767676,4213990.63053266,930466.9172230836,261184.00759914343
Tunisia,TUN,Northern Africa,ArmedForces,Correctional facilities,Dayroom,7508.806618540855,3003.5226474163424,7508.806618540855,3003.5226474163424,155.49262375916356,1167564.0424170904,467025.6169668362,137035.7207883706,54814.28831534825
Türkiye,TUR,Western Asia,Food,Industrial,Manufacturing,5299343.327134045,4768149.507665535,727383.2677491704,196189.44828066116,416.278789762913,302794226.39241755,81669506.09452724,14802249.49869562,3992455.2725114548
Türkiye,TUR,Western Asia,Health,Health care,Group treatment area,1675977.6022471895,843493.5157151786,1658651.1641299208,831263.0888088712,494.6359941082607,820428567.4482273,411172644.29847944,51832848.87906002,25976971.525277227
Türkiye,TUR,Western Asia,Retail,Commercial/Retail,Retail,2896095.159799788,218329.9289636759,2183299.2896367586,167946.09920282758,183.9890348898506,401703129.1759636,30900240.70584335,35151118.563151814,2703932.197165524
Türkiye,TUR,Western Asia,Security,Commercial/Retail,Office,964451.263419281,771561.0107354247,964451.263419281,771561.0107354247,173.44246952421238,167276808.86318678,133821447.09054941,10367851.08175727,8294280.865405816
Türkiye,TUR,Western Asia,Transport,Commercial/Retail,Transportation waiting,1745637.2292696657,1428248.6421297267,1428248.6421297267,1168567.070833413,339.7263745961499,485213733.212606,396993054.4466777,37991413.88065073,31083884.084168784
Türkiye,TUR,Western Asia,Manual,Industrial,Manufacturing,2656560.5827366416,1337728.5871547,2263317.1987571805,1162458.6834305117,416.278789762913,942170944.3482255,483906893.8878426,46058504.99470863,23656034.207810916
Türkiye,TUR,Western Asia,Cleaning,Commercial/Retail,Office,825624.9720036761,47446.61667470903,648481.9627741394,29654.13542169314,173.44246952421238,112474313.0654551,5143286.479143879,6971181.099821998,318781.95578320127
Türkiye,TUR,Western Asia,Tech,Commercial/Retail,Office,897289.1668151339,249020.58549638817,837847.6409722536,240745.76685801544,173.44246952421238,145318363.93526334,41755540.331354484,9006862.140451727,2588016.993723666
Türkiye,TUR,Western Asia,ArmedForces,Correctional facilities,Dayroom,63780.696574577734,25512.278629831097,63780.696574577734,25512.278629831097,155.49262375916356,9917427.855568187,3966971.1422272758,1163997.7124860436,465599.0849944175
Tuvalu,TUV,Polynesia,Food,Industrial,Manufacturing,614.5198237885462,594.9074889867842,51.75477239353891,32.1424375917768,416.278789762913,21544.414016437397,13380.215020734804,1053.2096182085168,654.0986049926579
Tuvalu,TUV,Polynesia,Health,Health care,Group treatment area,470.69603524229075,263.80513086291785,460.69759004923554,256.74740484429066,494.6359941082607,227877.61043728358,126996.50782987179,14396.799689038611,8023.356401384083
Tuvalu,TUV,Polynesia,Retail,Commercial/Retail,Retail,431.47136563876654,33.19010504913589,331.90105049135883,25.53085003779684,183.9890348898506,61066.15395883268,4697.396458371746,5343.606912910877,411.0466856085291
Tuvalu,TUV,Polynesia,Security,Commercial/Retail,Office,467.4273127753304,373.94185022026437,467.4273127753304,373.94185022026437,173.44246952421238,81071.74745081973,64857.3979606558,5024.843612334802,4019.874889867842
Tuvalu,TUV,Polynesia,Transport,Commercial/Retail,Transportation waiting,258.22907488986783,211.27833400080095,211.27833400080095,172.8640914552008,339.7263745961499,71776.82244080659,58726.49108793266,5620.0036844213055,4598.184832708342
Tuvalu,TUV,Polynesia,Manual,Industrial,Manufacturing,1837.022026431718,792.9843875898943,1403.8363276102264,597.5106413766174,416.278789762913,584387.2874827973,248731.0066627202,28568.069266868108,12159.341552014164
Tuvalu,TUV,Polynesia,Cleaning,Commercial/Retail,Office,303.9911894273128,40.859030837004404,219.276798825257,25.536894273127754,173.44246952421238,38031.909497616485,4429.182006709994,2357.2255873715126,274.52161343612335
Tuvalu,TUV,Polynesia,Tech,Commercial/Retail,Office,516.4581497797357,236.10233819044396,447.25821755337176,227.3986393139223,173.44246952421238,77573.56976745423,39440.58156905233,4808.025838698746,2444.535372624665
Tuvalu,TUV,Polynesia,ArmedForces,Correctional facilities,Dayroom,17.0134684489596,6.80538737958384,17.0134684489596,6.80538737958384,155.49262375916356,2645.4688483724753,1058.1875393489902,310.4957991935127,124.19831967740508
Tanzania,TZA,Eastern Africa,Food,Industrial,Manufacturing,18511300.04450984,18511300.04450984,542583.0877521259,542583.0877521259,416.278789762913,225865831.1152794,225865831.1152794,11041565.835755764,11041565.835755764
Tanzania,TZA,Eastern Africa,Health,Health care,Group treatment area,1168127.3054083537,512300.0914825,1162037.5159241431,508001.41655246925,494.6359941082607,574785581.8802323,251275785.68483528,36313672.37262947,15875044.267264664
Tanzania,TZA,Eastern Africa,Retail,Commercial/Retail,Retail,48738.63705122116,3749.1259270170135,37491.25927017013,2883.943020782318,183.9890348898506,6897980.609923766,530613.893071059,603609.2742497391,46431.482634595326
Tanzania,TZA,Eastern Africa,Security,Commercial/Retail,Office,566460.3198724694,453168.25589797564,566460.3198724694,453168.25589797564,173.44246952421238,98248276.76615638,78598621.41292512,6089448.438629046,4871558.750903239
Tanzania,TZA,Eastern Africa,Transport,Commercial/Retail,Transportation waiting,611718.4046733334,500496.87655090925,500496.87655090925,409497.4444507439,339.7263745961499,170031989.3673372,139117082.20963952,13313216.916254187,10892632.022389788
Tanzania,TZA,Eastern Africa,Manual,Industrial,Manufacturing,1177327.6012880874,611657.8709469275,970157.6931681162,527671.2924102322,416.278789762913,403856070.39120287,219658366.99716365,19742709.055971164,10738110.800548228
Tanzania,TZA,Eastern Africa,Cleaning,Commercial/Retail,Office,2302935.4422536897,0.0,1919112.8685447415,0.0,173.44246952421238,332855675.21609515,0.0,20630463.33685597,0.0
Tanzania,TZA,Eastern Africa,Tech,Commercial/Retail,Office,244051.65257160162,40286.605587782535,242897.67183228044,39221.39259763988,173.44246952421238,42128772.04427244,6802655.190313324,2611149.972197015,421629.97042462876
Tanzania,TZA,Eastern Africa,ArmedForces,Correctional facilities,Dayroom,29751.839589895426,11900.73583595817,29751.839589895426,11900.73583595817,155.49262375916356,4626191.599494597,1850476.6397978386,542971.0725155915,217188.4290062366
Uganda,UGA,Eastern Africa,Food,Industrial,Manufacturing,12410461.174003089,12358777.147992622,178782.9620806651,127098.93607019972,416.278789762913,74423555.08516803,52908591.28745659,3638233.278341535,2586463.3490285645
Uganda,UGA,Eastern Africa,Health,Health care,Group treatment area,209552.87443638267,137568.6421707221,200302.0153248786,131038.62397436629,494.6359941082607,99076586.47210939,64816420.036139235,6259437.978902456,4094956.9991989466
Uganda,UGA,Eastern Africa,Retail,Commercial/Retail,Retail,2192160.495756357,166755.91375242977,1667559.137524298,128273.77980956137,183.9890348898506,306812596.3348472,23600968.948834397,26847702.1141412,2065207.8549339382
Uganda,UGA,Eastern Africa,Security,Commercial/Retail,Office,189094.71081610097,151275.76865288077,189094.71081610097,151275.76865288077,173.44246952421238,32797053.617911346,26237642.894329075,2032768.1412730855,1626214.5130184682
Uganda,UGA,Eastern Africa,Transport,Commercial/Retail,Transportation waiting,650073.2277611487,531878.0954409399,531878.0954409399,435172.98717895086,339.7263745961499,180693017.09125552,147839741.2564818,14147957.338729002,11575601.458960094
Uganda,UGA,Eastern Africa,Manual,Industrial,Manufacturing,622505.1018569397,229091.37337802968,528636.1370650888,192992.479833249,416.278789762913,220060011.36239657,80338675.93832828,10757745.389274558,3927396.9646066176
Uganda,UGA,Eastern Africa,Cleaning,Commercial/Retail,Office,216329.10921879235,14558.609375587977,168142.0832026703,9099.130859742485,173.44246952421238,29162978.14161673,1578175.7268377063,1807527.3944287058,97815.65674223172
Uganda,UGA,Eastern Africa,Tech,Commercial/Retail,Office,188985.23592616594,22730.979516593612,186805.4048932751,22246.875594376263,173.44246952421238,32399990.74516002,3858553.042286549,2008158.1026027072,239153.9126395448
Uganda,UGA,Eastern Africa,ArmedForces,Correctional facilities,Dayroom,24118.070225025334,9647.228090010134,24118.070225025334,9647.228090010134,155.49262375916356,3750182.0192969497,1500072.80771878,440154.7816067124,176061.91264268494
Ukraine,UKR,Eastern Europe,Food,Industrial,Manufacturing,1924260.4591354,1924260.4591354,275762.81163126853,275762.81163126853,416.278789762913,114794209.4874826,114794209.4874826,5611773.216696315,5611773.216696315
Ukraine,UKR,Eastern Europe,Health,Health care,Group treatment area,929271.084919341,597139.938348626,894659.0304676442,572707.8999121342,494.6359941082607,442530558.9232959,283281941.40669274,27958094.70211388,17897121.872254193
Ukraine,UKR,Eastern Europe,Retail,Commercial/Retail,Retail,1532166.048775416,117858.92682887818,1178589.2682887819,90660.71294529088,183.9890348898506,216847502.00398815,16680577.077229854,18975287.21944939,1459637.4784191833
Ukraine,UKR,Eastern Europe,Security,Commercial/Retail,Office,347684.2211418982,278147.37691351864,347684.2211418982,278147.37691351864,173.44246952421238,60303209.929453194,48242567.943562575,3737605.3772754055,2990084.3018203257
Ukraine,UKR,Eastern Europe,Transport,Commercial/Retail,Transportation waiting,1430460.8173066366,1170377.0323417939,1170377.0323417939,957581.2082796495,339.7263745961499,397607946.10807854,325315592.2702461,31132029.06029172,25471660.140238676
Ukraine,UKR,Eastern Europe,Manual,Industrial,Manufacturing,1404845.8994515035,847971.4199285661,1195948.8826843423,756028.4393663316,416.278789762913,497848153.50214607,314718603.76576036,24337559.76262637,15385178.741104849
Ukraine,UKR,Eastern Europe,Cleaning,Commercial/Retail,Office,362415.7942331767,0.0,302013.16186098056,0.0,173.44246952421238,52381908.62198414,0.0,3246641.490005541,0.0
Ukraine,UKR,Eastern Europe,Tech,Commercial/Retail,Office,720053.7229418579,206319.7573959641,712756.9110235606,199584.23870215125,173.44246952421238,123622318.81837566,34616383.238611,7662136.793503276,2145530.566048126
Ukraine,UKR,Eastern Europe,ArmedForces,Correctional facilities,Dayroom,44214.2984779818,17685.71939119272,44214.2984779818,17685.71939119272,155.49262375916356,6874997.278012183,2749998.911204873,806910.9472231679,322764.37888926716
Uruguay,URY,South America,Food,Industrial,Manufacturing,130012.28702086685,120482.86493124004,18410.027977379603,8880.605887752801,416.278789762913,7663704.16592495,3696807.8713151356,374644.06933967496,180720.3298157695
Uruguay,URY,South America,Health,Health care,Group treatment area,105672.72763071787,54931.78878661306,103975.7676897918,53733.93471066525,494.6359941082607,51430157.21440974,26578738.212958284,3249242.7403059937,1679185.459708289
Uruguay,URY,South America,Retail,Commercial/Retail,Retail,165067.4137810317,12490.373644056184,124903.73644056183,9607.979726197065,183.9890348898506,22980917.921835233,1767762.9170642488,2010950.1566930455,154688.47359177275
Uruguay,URY,South America,Security,Commercial/Retail,Office,41900.1495927209,33520.11967417673,41900.1495927209,33520.11967417673,173.44246952421238,7267265.418795436,5813812.335036349,450426.6081217497,360341.2864973998
Uruguay,URY,South America,Transport,Commercial/Retail,Transportation waiting,89664.50659817886,73361.86903487361,73361.86903487361,60023.34739216934,339.7263745961499,24922961.800815165,20391514.20066696,1951425.7163276381,1596621.0406317045
Uruguay,URY,South America,Manual,Industrial,Manufacturing,112585.94812374782,52078.836203057195,93321.51872620282,43992.227463494906,416.278789762913,38847768.874180734,18313031.207478445,1899092.9060782276,895241.8288821214
Uruguay,URY,South America,Cleaning,Commercial/Retail,Office,71932.08829127888,2106.9885794063216,58187.58309322713,1316.867862128951,173.44246952421238,10092198.107334621,228400.81404471528,625516.5182521916,14156.329517886223
Uruguay,URY,South America,Tech,Commercial/Retail,Office,37727.88938323161,7982.711706576552,36248.332780392266,7740.805576944388,173.44246952421238,6287000.353566694,1342584.4353720304,389669.57738921687,83213.65995215217
Uruguay,URY,South America,ArmedForces,Correctional facilities,Dayroom,4412.989578225467,1765.195831290187,4412.989578225467,1765.195831290187,155.49262375916356,686187.3281401225,274474.931256049,80537.05980261478,32214.823921045914
United States,USA,Northern America,Food,Industrial,Manufacturing,4003943.4906812543,1845354.6554434993,2368322.724592364,209733.88935460887,416.278789762913,985882517.561314,87307769.63280527,48195367.44545461,4268084.648366291
United States,USA,Northern America,Health,Health care,Group treatment area,15594584.999858966,9274058.685224544,15140588.391761776,8953590.491273588,494.6359941082607,7489079990.543078,4428768133.489382,473143387.2425555,279799702.85229963
United States,USA,Northern America,Retail,Commercial/Retail,Retail,8383217.418222279,636430.4304533004,6364304.304533003,489561.8695794618,183.9890348898506,1170962206.7363489,90074015.90279607,102465299.30298136,7881946.100229336
United States,USA,Northern America,Security,Commercial/Retail,Office,2008427.1769240855,1606741.7415392685,2008427.1769240855,1606741.7415392685,173.44246952421238,348346569.4252556,278677255.5402045,21590592.15193392,17272473.721547138
United States,USA,Northern America,Transport,Commercial/Retail,Transportation waiting,5779888.816417117,4728999.940704914,4728999.940704914,3869181.7696676576,339.7263745961499,1606566005.3210883,1314463095.262709,125791398.42275071,102920235.0731597
United States,USA,Northern America,Manual,Industrial,Manufacturing,8044107.241769468,4203994.30042964,6410460.308142991,3451763.323633021,416.278789762913,2668538658.8969545,1436895858.9099643,130452867.27070987,70243383.63593198
United States,USA,Northern America,Cleaning,Commercial/Retail,Office,2475321.520296457,344148.52924001316,1775977.4925470368,215092.83077500825,173.44246952421238,308029922.1267766,37306231.74657094,19091758.044880647,2312247.9308313387
United States,USA,Northern America,Tech,Commercial/Retail,Office,4637622.1360718515,1161230.4924835486,4197924.818277593,1123049.9465537143,173.44246952421238,728098447.3590462,194784556.12931094,45127691.79648412,12072786.92545243
United States,USA,Northern America,ArmedForces,Correctional facilities,Dayroom,542087.1997585265,216834.87990341062,542087.1997585265,216834.87990341062,155.49262375916356,84290560.9967111,33716224.39868444,9893091.395593109,3957236.558237244
Vietnam,VNM,South-eastern Asia,Food,Industrial,Manufacturing,15239408.779811723,15070613.269403446,1386473.2409904934,1217677.7305822175,416.278789762913,577159402.7981862,506893412.00801593,28214730.454156544,24779741.817348126
Vietnam,VNM,South-eastern Asia,Health,Health care,Group treatment area,640364.5074094752,374013.3633423419,623927.6451039835,362410.87230317126,494.6359941082607,308617070.98763496,179261462.09732103,19497738.909499485,11325339.759474102
Vietnam,VNM,South-eastern Asia,Retail,Commercial/Retail,Retail,7490927.5151437465,556817.2548514267,5568172.5485142665,428320.96527032816,183.9890348898506,1024482693.3012997,78806361.0231769,89647578.0310797,6895967.540852284
Vietnam,VNM,South-eastern Asia,Security,Commercial/Retail,Office,325048.6577834779,260038.92622678244,325048.6577834779,260038.92622678244,173.44246952421238,56377241.92149701,45101793.53719763,3494273.071172388,2795418.456937911
Vietnam,VNM,South-eastern Asia,Transport,Commercial/Retail,Transportation waiting,1912266.6758116721,1564581.8256640956,1564581.8256640956,1280112.4028160782,339.7263745961499,531529711.3918887,434887945.6842725,41617876.56266494,34050989.91490768
Vietnam,VNM,South-eastern Asia,Manual,Industrial,Manufacturing,5714945.001651196,2819855.145757181,4795510.929358359,2403425.78559557,416.278789762913,1996269485.96812,1000495177.3127024,97588647.41244262,48909714.73686986
Vietnam,VNM,South-eastern Asia,Cleaning,Commercial/Retail,Office,759138.293398885,112038.5679552392,539249.7712030383,70024.10497202448,173.44246952421238,93528812.00782147,12145153.692570604,5796935.040432662,752759.1284492632
Vietnam,VNM,South-eastern Asia,Tech,Commercial/Retail,Office,944708.3952568778,135066.35397085524,858900.69436551,131454.4276996068,173.44246952421238,148969857.50681484,22799780.570111834,9233182.464429233,1413135.097770773
Vietnam,VNM,South-eastern Asia,ArmedForces,Correctional facilities,Dayroom,131149.76716194916,52459.90686477967,131149.76716194916,52459.90686477967,155.49262375916356,20392821.401414864,8157128.560565947,2393483.2507055723,957393.300282229
Vanuatu,VUT,Melanesia,Food,Industrial,Manufacturing,44151.151749828554,43915.96911608404,822.5541866785785,587.371552934063,416.278789762913,342411.8613449759,244510.3191965545,16738.977698909075,11953.011102208182
Vanuatu,VUT,Melanesia,Health,Health care,Group treatment area,959.8875361374887,480.6376272612325,952.2351405047533,475.2359362263604,494.6359941082607,471009.77534838795,235068.79975129577,29757.34814077354,14851.123007073764
Vanuatu,VUT,Melanesia,Retail,Commercial/Retail,Retail,8764.968296676147,609.8755774672119,6098.755774672118,469.135059590163,183.9890348898506,1122104.189010826,86315.70684698664,98189.9679722211,7553.074459401625
Vanuatu,VUT,Melanesia,Security,Commercial/Retail,Office,931.8079886298787,745.4463909039029,931.8079886298787,745.4463909039029,173.44246952421238,161615.07867035537,129292.06293628429,10016.935877771195,8013.5487022169555
Vanuatu,VUT,Melanesia,Transport,Commercial/Retail,Transportation waiting,2272.712439491534,1859.491995947619,1859.491995947619,1521.4025421389613,339.7263745961499,631718.4743738433,516860.56994223554,49462.48709220667,40469.307620896376
Vanuatu,VUT,Melanesia,Manual,Industrial,Manufacturing,3871.535348792393,1197.4575397489193,3140.4144383309176,893.3934270566731,416.278789762913,1307287.9217423724,371900.73459729314,63907.43382003418,18180.5562406033
Vanuatu,VUT,Melanesia,Cleaning,Commercial/Retail,Office,1777.2601092701302,59.99758752753695,1431.052101452161,37.49849220471059,173.44246952421238,248205.2104936765,6503.831091419432,15383.81009061073,403.1087912006388
Vanuatu,VUT,Melanesia,Tech,Commercial/Retail,Office,1445.8054882611211,323.2039017463439,1405.908564516863,313.29725870034036,173.44246952421238,243844.2533550452,54339.05024415307,15113.517068556277,3367.945531028659
Vanuatu,VUT,Melanesia,ArmedForces,Correctional facilities,Dayroom,180.27299873495244,72.10919949398098,180.27299873495244,72.10919949398098,155.49262375916356,28031.12156623013,11212.448626492052,3289.982226912882,1315.9928907651529
Samoa,WSM,Polynesia,Food,Industrial,Manufacturing,15349.837449343584,14633.666828917747,1028.7232217187761,312.5526012929429,416.278789762913,428235.65773809695,130109.01860347654,20934.517561977096,6360.445436311388
Samoa,WSM,Polynesia,Health,Health care,Group treatment area,1040.9989100161479,541.4740676275911,1030.5146963947732,534.0734462477973,494.6359941082607,509729.6612944011,264171.95001160394,32203.584262336663,16689.795195243663
Samoa,WSM,Polynesia,Retail,Commercial/Retail,Retail,4244.604013871591,326.5080010670455,3265.080010670455,251.1600008208042,183.9890348898506,600738.9200014,46210.68615395385,52567.78817179433,4043.6760132149484
Samoa,WSM,Polynesia,Security,Commercial/Retail,Office,1436.2006440700636,1148.9605152560512,1436.2006440700636,1148.9605152560512,173.44246952421238,249098.1864397762,199278.549151821,15439.156923753184,12351.32553900255
Samoa,WSM,Polynesia,Transport,Commercial/Retail,Transportation waiting,2314.5384190401755,1893.7132519419624,1893.7132519419624,1549.4017515888784,339.7263745961499,643344.3376069283,526372.6398602141,50372.7725016562,41214.08659226417
Samoa,WSM,Polynesia,Manual,Industrial,Manufacturing,2605.1549479153127,939.787965682521,2215.089761627592,800.182708596365,416.278789762913,922094.8851865535,333099.0895237045,45077.0766491215,16283.71811993603
Samoa,WSM,Polynesia,Cleaning,Commercial/Retail,Office,386.6914033043666,22.30013829442452,303.659387508285,13.937586434015325,173.44246952421238,52667.434063646724,2417.369410322779,3264.338415714064,149.82905416566473
Samoa,WSM,Polynesia,Tech,Commercial/Retail,Office,817.1766335480295,227.26353497134954,777.7166038004123,219.7698136671593,173.44246952421238,134889.08835312695,38117.41920930811,8360.453490854432,2362.5254969219623
Samoa,WSM,Polynesia,ArmedForces,Correctional facilities,Dayroom,100.92345269989833,40.36938107995934,100.92345269989833,40.36938107995934,155.49262375916356,15692.852459141031,6277.1409836564135,1841.8530117731445,736.741204709258
Kosovo,XKX,Southern Europe,Food,Industrial,Manufacturing,16565.544274075088,15028.970258609972,2050.401748006173,513.8277325410521,416.278789762913,853538.758187771,213895.58664881092,41725.675571925625,10456.39435721041
Kosovo,XKX,Southern Europe,Health,Health care,Group treatment area,20372.716756732287,11328.904539337851,20172.4200731619,11187.518645052867,494.6359941082607,9978005.05645787,5533749.406600427,630388.1272863094,349609.9576579021
Kosovo,XKX,Southern Europe,Retail,Commercial/Retail,Retail,58207.03092309768,4456.096538703004,44560.96538703003,3427.7665682330794,183.9890348898506,8198729.015319693,630671.4627168995,717431.5427311836,55187.04174855258
Kosovo,XKX,Southern Europe,Security,Commercial/Retail,Office,19862.879955451146,15890.303964360919,19862.879955451146,15890.303964360919,173.44246952421238,3445066.9513364243,2756053.5610691397,213525.9595210998,170820.7676168799
Kosovo,XKX,Southern Europe,Transport,Commercial/Retail,Transportation waiting,16523.991475754738,13519.629389253876,13519.629389253876,11061.514954844084,339.7263745961499,4592974.67829478,3757888.3731502756,359622.1417541531,294236.29779885267
Kosovo,XKX,Southern Europe,Manual,Industrial,Manufacturing,34252.79257074222,13804.59586577458,28089.867685955996,11626.59329311451,416.278789762913,11693216.12491012,4839904.1851233095,571628.8074092045,236601.1735148803
Kosovo,XKX,Southern Europe,Cleaning,Commercial/Retail,Office,9081.382587125077,284.4628453140288,7330.7664515092065,177.78927832126794,173.44246952421238,1271466.2368550042,30836.21148696823,78805.73935372397,1911.2347419536304
Kosovo,XKX,Southern Europe,Tech,Commercial/Retail,Office,12462.511474621499,2433.548324915848,12131.874812945982,2362.6213210606616,173.44246952421238,2104182.3275159434,409778.8764753182,130417.65423916931,25398.179201402112
Kosovo,XKX,Southern Europe,ArmedForces,Correctional facilities,Dayroom,820.7849824002853,328.31399296011415,820.7849824002853,328.31399296011415,155.49262375916356,127626.01045553926,51050.4041822157,14979.325928805207,5991.730371522083
South Africa,ZAF,Southern Africa,Food,Industrial,Manufacturing,1826603.057040844,1826603.057040844,282949.84400676057,282949.84400676057,416.278789762913,117786018.62673931,117786018.62673931,5758029.325537578,5758029.325537578
South Africa,ZAF,Southern Africa,Health,Health care,Group treatment area,593311.8318726367,379823.5714221799,571701.4019555547,364569.1503042397,494.6359941082607,282784091.28937215,180329024.08194152,17865668.811111085,11392785.94700749
South Africa,ZAF,Southern Africa,Retail,Commercial/Retail,Retail,866294.6800406901,66638.05231082231,666380.5231082232,51260.0402390941,183.9890348898506,122606709.31607577,9431285.33200583,10728726.422042394,825286.6478494151
South Africa,ZAF,Southern Africa,Security,Commercial/Retail,Office,477190.71484654857,381752.571877239,477190.71484654857,381752.571877239,173.44246952421238,82765136.01700962,66212108.81360772,5129800.184600397,4103840.147680319
South Africa,ZAF,Southern Africa,Transport,Commercial/Retail,Transportation waiting,1360321.078093063,1112989.9729852334,1112989.9729852334,910628.1597151909,339.7263745961499,378112048.4841402,309364403.3052056,29605533.28140721,24222709.04842408
South Africa,ZAF,Southern Africa,Manual,Industrial,Manufacturing,1888271.0478364918,1045283.325205906,1511049.6696222317,873070.7128477962,416.278789762913,629017927.7419921,363440819.72172433,30749860.77681242,17766989.006452654
South Africa,ZAF,Southern Africa,Cleaning,Commercial/Retail,Office,2106566.636383901,0.0,1755472.196986584,0.0,173.44246952421238,304473433.0264478,0.0,18871326.11760578,0.0
South Africa,ZAF,Southern Africa,Tech,Commercial/Retail,Office,1306426.31800717,250809.49490805552,1298684.603097668,243663.2965300537,173.44246952421238,225247064.6943311,42261563.88258296,13960859.48329993,2619380.437698077
South Africa,ZAF,Southern Africa,ArmedForces,Correctional facilities,Dayroom,52239.78505943365,20895.91402377346,52239.78505943365,20895.91402377346,155.49262375916356,8122901.243506091,3249160.4974024366,953376.0773346641,381350.43093386566
Zambia,ZMB,Eastern Africa,Food,Industrial,Manufacturing,3264858.1931198533,3235599.5107689737,61588.94637575658,32330.26402487708,416.278789762913,25638172.060072895,13458403.180991275,1253335.0587466466,657920.8729062487
Zambia,ZMB,Eastern Africa,Health,Health care,Group treatment area,54998.93731961471,33431.41492135378,53601.67083635588,32445.10916846519,494.6359941082607,26513315.74000466,16048518.827494824,1675052.2136361212,1013909.6615145372
Zambia,ZMB,Eastern Africa,Retail,Commercial/Retail,Retail,661827.6695838037,50365.962523952345,503659.6252395234,38743.04809534796,183.9890348898506,92667848.36080374,7128296.0277541345,8108919.966356328,623763.0743351021
Zambia,ZMB,Eastern Africa,Security,Commercial/Retail,Office,125836.22974388565,100668.98379510854,125836.22974388565,100668.98379510854,173.44246952421238,21825346.442395676,17460277.15391654,1352739.4697467708,1082191.5757974167
Zambia,ZMB,Eastern Africa,Transport,Commercial/Retail,Transportation waiting,147933.16675273507,121036.2273431469,121036.2273431469,99029.64055348383,339.7263745961499,41119198.71008269,33642980.76279493,3219563.6473277076,2634188.43872267
Zambia,ZMB,Eastern Africa,Manual,Industrial,Manufacturing,138785.01346438646,54402.86763236632,117769.31374626128,47531.688127789756,416.278789762913,49024867.39750244,19786433.60922454,2396605.5347364172,967269.8534005216
Zambia,ZMB,Eastern Africa,Cleaning,Commercial/Retail,Office,131399.06447451998,7632.962107574587,103138.41863912118,4770.601317234117,173.44246952421238,17888582.031591233,827424.8735765459,1108738.0003705528,51283.96416026676
Zambia,ZMB,Eastern Africa,Tech,Commercial/Retail,Office,53480.00607953824,11485.155312680032,52489.42796776651,11139.975908785374,173.44246952421238,9103896.010642685,1932144.9320599674,564261.3506534899,119754.74101944278
Zambia,ZMB,Eastern Africa,ArmedForces,Correctional facilities,Dayroom,16563.719461664547,6625.487784665821,16563.719461664547,6625.487784665821,155.49262375916356,2575536.1983049405,1030214.4793219767,302287.880175378,120915.15207015123
Zimbabwe,ZWE,Eastern Africa,Food,Industrial,Manufacturing,2770658.1847939948,2762469.2857501204,58091.44671324812,49902.54766937404,416.278789762913,24182237.133367676,20773372.1498931,1182160.9406145993,1015516.8450717619
Zimbabwe,ZWE,Eastern Africa,Health,Health care,Group treatment area,57642.95382186312,32311.14811601644,56739.57772816479,31673.470873405855,494.6359941082607,28065437.43485372,15666838.752326146,1773111.8040051498,989795.964793933
Zimbabwe,ZWE,Eastern Africa,Retail,Commercial/Retail,Retail,731412.8109324664,37738.141374957624,377381.4137495762,29029.339519198176,183.9890348898506,69434042.10115191,5341080.161627072,6075840.761368177,467372.36625909066
Zimbabwe,ZWE,Eastern Africa,Security,Commercial/Retail,Office,184758.30765132201,147806.64612105762,184758.30765132201,147806.64612105762,173.44246952421238,32044937.144159473,25635949.715327583,1986151.8072517116,1588921.4458013694
Zimbabwe,ZWE,Eastern Africa,Transport,Commercial/Retail,Transportation waiting,120226.58028907914,98367.2020547011,98367.2020547011,80482.25622657363,339.7263745961499,33417932.933210555,27341945.127172273,2616567.5746550495,2140828.015626859
Zimbabwe,ZWE,Eastern Africa,Manual,Industrial,Manufacturing,354519.0691984705,164831.16763192994,282927.43183158507,132198.46646232775,416.278789762913,117776688.9135813,55031417.62745084,5757573.237772756,2690238.79250837
Zimbabwe,ZWE,Eastern Africa,Cleaning,Commercial/Retail,Office,144861.9900666146,12743.035655673857,110099.12867578396,7964.397284796158,173.44246952421238,19095864.769991998,1381364.7333469775,1183565.6332646776,85617.2708115587
Zimbabwe,ZWE,Eastern Africa,Tech,Commercial/Retail,Office,122616.27962055661,19664.229353263647,121263.78540116218,19149.368955122554,173.44246952421238,21032290.4038317,3321313.8414067426,1303585.6930624933,205855.71626756745
Zimbabwe,ZWE,Eastern Africa,ArmedForces,Correctional facilities,Dayroom,6290.36605058754,2516.1464202350166,6290.36605058754,2516.1464202350166,155.49262375916356,978105.5216114239,391242.2086445697,114799.1804232226,45919.67216928906
