Country Name,Country Code,Region,occupational_group,occupancy_group,occupancy_category,Essential Workers,Vital Workers,Indoor Essential Workers,Indoor Vital Workers,Scaled ECA (L/s/person),Indoor Essential CADR Requirement (L/s),Indoor Vital CADR Requirement (L/s),Indoor Essential CADR Requirement COVID (L/s),Indoor Vital CADR Requirement COVID (L/s)
Afghanistan,AFG,Southern Asia,Food,Industrial,Manufacturing,3915114.2378857187,3915114.2378857187,18792.86240524849,18792.86240524849,416.278789762913,7823070.018237787,7823070.018237787,382434.74994680675,382434.74994680675
Afghanistan,AFG,Southern Asia,Health,Health care,Group treatment area,70317.7422580397,39138.39646898175,69760.15114507587,38744.802742183754,494.6359941082607,34505881.710787125,19164574.020908527,2180004.723283621,1210775.0856932423
Afghanistan,AFG,Southern Asia,Retail,Commercial/Retail,Retail,732954.9633438711,56381.151026451626,563811.5102645162,43370.11617419355,183.9890348898506,103735135.63335742,7979625.81795057,9077365.315258712,698258.8704045162
Afghanistan,AFG,Southern Asia,Security,Commercial/Retail,Office,148501.95993502386,118801.56794801909,148501.95993502386,118801.56794801909,173.44246952421238,25756546.660316184,20605237.32825295,1596396.0693015065,1277116.8554412052
Afghanistan,AFG,Southern Asia,Transport,Commercial/Retail,Transportation waiting,363154.4978848369,297126.40736032114,297126.40736032114,243103.42420389914,339.7263745961499,100941677.1693007,82588644.95670058,7903562.435784543,6466551.083823717
Afghanistan,AFG,Southern Asia,Manual,Industrial,Manufacturing,617543.934480906,273906.98978361976,451384.6925017752,188389.84891513473,416.278789762913,187901873.5121436,78422698.31001031,9185678.492411127,3833733.425422992
Afghanistan,AFG,Southern Asia,Cleaning,Commercial/Retail,Office,35891.56210884639,3759.7615382400513,26776.500475505283,2349.8509614000322,173.44246952421238,4644182.367687884,407563.95375906624,287847.3801116818,25260.897835050346
Afghanistan,AFG,Southern Asia,Tech,Commercial/Retail,Office,40833.10585103688,2401.9474030021697,40833.10585103688,2401.9474030021697,173.44246952421238,7082194.717147402,416599.6892439649,438955.88789864647,25820.934582273323
Afghanistan,AFG,Southern Asia,ArmedForces,Correctional facilities,Dayroom,114292.76836116974,45717.1073444679,114292.76836116974,45717.1073444679,155.49262375916356,17771682.4291766,7108672.971670641,2085843.0225913478,834337.2090365392
Angola,AGO,Middle Africa,Food,Industrial,Manufacturing,6959286.560660433,6938296.083767504,52064.329971462714,31073.85307853508,416.278789762913,21673276.270337455,12935385.952803152,1059509.1149192662,632352.9101481889
Angola,AGO,Middle Africa,Health,Health care,Group treatment area,264872.2749970955,136509.1760299205,263423.83336484677,135486.74664245074,494.6359941082607,130298909.6882298,67016621.61398268,8231994.792651461,4233960.832576586
Angola,AGO,Middle Africa,Retail,Commercial/Retail,Retail,2885743.523061134,209553.4149919683,2095534.1499196829,161194.93460920636,183.9890348898506,385555305.8224459,29658100.447880454,33738099.8137069,2595238.4472082225
Angola,AGO,Middle Africa,Security,Commercial/Retail,Office,398023.8810330245,318419.1048264197,398023.8810330245,318419.1048264197,173.44246952421238,69034244.85597908,55227395.88478328,4278756.721105014,3423005.3768840116
Angola,AGO,Middle Africa,Transport,Commercial/Retail,Transportation waiting,588691.8188814804,481656.9427212113,481656.9427212113,394082.9531355366,339.7263745961499,163631566.94974256,133880372.95888029,12812074.676384222,10482606.553405274
Angola,AGO,Middle Africa,Manual,Industrial,Manufacturing,645336.0812504955,265070.335539732,580864.7411252931,249326.02090369683,416.278789762913,241801671.45158476,103789134.23819366,11820597.481899714,5073784.525390231
Angola,AGO,Middle Africa,Cleaning,Commercial/Retail,Office,303748.05396508065,15438.171904329622,240258.23505062587,9648.857440206011,173.44246952421238,41670981.610709235,1673521.662516401,2582776.0267942282,103725.21748221462
Angola,AGO,Middle Africa,Tech,Commercial/Retail,Office,356223.90159860416,55095.88350259353,351232.9917609041,53678.758466875675,173.44246952421238,60918717.469388545,9310176.429488642,3775754.661429719,577046.6535189135
Angola,AGO,Middle Africa,ArmedForces,Correctional facilities,Dayroom,64254.60740077748,25701.842960310994,64254.60740077748,25701.842960310994,155.49262375916356,9991117.493361859,3996446.997344744,1172646.585064189,469058.63402567565
Albania,ALB,Southern Europe,Food,Industrial,Manufacturing,446279.68945026805,442744.19934909383,3934.3449289028194,398.85482772864555,416.278789762913,1637784.3455135196,166034.80497797573,80063.91930317238,8116.695744277938
Albania,ALB,Southern Europe,Health,Health care,Group treatment area,39647.72964371011,22094.755990260855,39014.20714283908,21647.563636704836,494.6359941082607,19297831.134443812,10707664.159463331,1219193.973213721,676486.3636470261
Albania,ALB,Southern Europe,Retail,Commercial/Retail,Retail,99995.26038906735,7630.651496445978,76306.51496445978,5869.73192034306,183.9890348898506,14039562.044118898,1079966.3110860689,1228534.8909278025,94502.68391752327
Albania,ALB,Southern Europe,Security,Commercial/Retail,Office,28544.135732986066,22835.30858638885,28544.135732986066,22835.30858638885,173.44246952421238,4950765.391963418,3960612.313570733,306849.4591296002,245479.56730368012
Albania,ALB,Southern Europe,Transport,Commercial/Retail,Transportation waiting,38966.110111066926,31881.362818145666,31881.362818145666,26084.751396664633,339.7263745961499,10830939.80739312,8861678.024230734,848044.2509626747,693854.3871512793
Albania,ALB,Southern Europe,Manual,Industrial,Manufacturing,77359.68499953067,32625.562184296956,66045.41948056011,28910.639686664876,416.278789762913,27493307.290751483,12034886.100036496,1344024.2864293985,588331.5176236302
Albania,ALB,Southern Europe,Cleaning,Commercial/Retail,Office,20215.1122122091,1025.2757317849225,15991.530400353482,640.7973323655767,173.44246952421238,2773610.524108825,111141.47179001314,171908.95180379992,6888.57132292995
Albania,ALB,Southern Europe,Tech,Commercial/Retail,Office,25335.103251918696,3215.0693729925524,23555.17191749126,3137.0475296268937,173.44246952421238,4085467.1874370617,544097.2705533183,253218.09811303107,33723.260943489106
Albania,ALB,Southern Europe,ArmedForces,Correctional facilities,Dayroom,2371.3200779747167,948.5280311898867,2371.3200779747167,948.5280311898867,155.49262375916356,368722.78069707303,147489.1122788292,43276.59142303858,17310.636569215432
United Arab Emirates,ARE,Western Asia,Food,Industrial,Manufacturing,194676.46945088293,122265.81963422138,78437.3086784896,6026.658861828052,416.278789762913,32651787.928941682,2508770.2573157162,1596199.2316072634,122642.50783820087
United Arab Emirates,ARE,Western Asia,Health,Health care,Group treatment area,166021.75221621807,90231.68005672067,164223.65718844344,88962.43650770329,494.6359941082607,81230931.92949994,44004023.22028084,5131989.287138858,2780076.140865728
United Arab Emirates,ARE,Western Asia,Retail,Commercial/Retail,Retail,322621.5647124631,24731.41024574864,247314.1024574864,19024.161727498955,183.9890348898506,45503083.02580255,3500237.1558309654,3981757.049565532,306289.0038127332
United Arab Emirates,ARE,Western Asia,Security,Commercial/Retail,Office,181137.6503174578,144910.12025396628,181137.6503174578,144910.12025396628,173.44246952421238,31416961.394873112,25133569.115898497,1947229.7409126712,1557783.7927301375
United Arab Emirates,ARE,Western Asia,Transport,Commercial/Retail,Transportation waiting,439071.43783449894,359240.2673191355,359240.2673191355,293923.85507929267,339.7263745961499,122043393.62528166,99853685.69341226,9555791.110689005,7818374.545109185
United Arab Emirates,ARE,Western Asia,Manual,Industrial,Manufacturing,493301.77202343364,222818.28130801546,409555.28394013824,192739.88666463125,416.278789762913,170489177.93960693,80233526.75979371,8334450.028181814,3922256.693625246
United Arab Emirates,ARE,Western Asia,Cleaning,Commercial/Retail,Office,428172.8418597826,11110.064889117488,347552.31414222094,6943.79055569843,173.44246952421238,60280331.65368164,1204348.1818392386,3736187.377028875,74645.74847375813
United Arab Emirates,ARE,Western Asia,Tech,Commercial/Retail,Office,166405.48927737164,65530.871240042055,156353.23631619517,63209.14151339213,173.44246952421238,27118291.42478366,10963149.600588143,1680797.290399098,679498.2712689654
United Arab Emirates,ARE,Western Asia,ArmedForces,Correctional facilities,Dayroom,15021.573143163909,6008.629257265565,15021.573143163909,6008.629257265565,155.49262375916356,2335743.8210207415,934297.5284082969,274143.70986274135,109657.48394509655
Argentina,ARG,South America,Food,Industrial,Manufacturing,53506.2994141099,53506.2994141099,2805.0017956141432,2805.0017956141432,416.278789762913,1167662.7527610534,1167662.7527610534,57081.78654074782,57081.78654074782
Argentina,ARG,South America,Health,Health care,Group treatment area,1022274.5739025817,608281.4250294513,993758.4097095458,588152.3679520141,494.6359941082607,491548678.89012545,290921331.20907205,31054950.303423304,18379761.49850044
Argentina,ARG,South America,Retail,Commercial/Retail,Retail,2956548.3393802685,217922.406176285,2179224.06176285,167632.62013560385,183.9890348898506,400953331.9324869,30842563.99480669,35085507.39438189,2698885.1841832222
Argentina,ARG,South America,Security,Commercial/Retail,Office,504653.12252279604,403722.4980182369,504653.12252279604,403722.4980182369,173.44246952421238,87528283.82345867,70022627.05876695,5425021.0671200575,4340016.853696046
Argentina,ARG,South America,Transport,Commercial/Retail,Transportation waiting,1195278.4436123227,977955.090228264,977955.090228264,800145.0738231251,339.7263745961499,332237137.3210988,271830385.08089906,26013605.400071822,21283858.963695128
Argentina,ARG,South America,Manual,Industrial,Manufacturing,1304227.7678665728,519543.2942507477,1060861.512910321,426364.8171663508,416.278789762913,441614146.70036125,177486630.08749416,21588531.78772503,8676524.02933524
Argentina,ARG,South America,Cleaning,Commercial/Retail,Office,968485.2383119831,6833.912751446803,801376.1046337803,4271.195469654252,173.44246952421238,138992650.60537648,740806.6900774615,8614793.124813138,45915.35129878321
Argentina,ARG,South America,Tech,Commercial/Retail,Office,768235.3620156376,126552.50538716177,742603.2419423779,123117.54446983141,173.44246952421238,128798940.15917219,21353810.954604596,7982984.850880562,1323513.6030506876
Argentina,ARG,South America,ArmedForces,Correctional facilities,Dayroom,23907.77176374496,9563.108705497985,23907.771763744964,9563.108705497985,155.49262375916356,3717482.15977995,1486992.8639119798,436316.8346883456,174526.73387533822
Australia,AUS,Australia and New Zealand,Food,Industrial,Manufacturing,426490.0190527688,278732.655008007,160334.32972017402,12576.965675412248,416.278789762913,66743780.73336189,5235524.050250309,3262803.6098055416,255941.25149463926
Australia,AUS,Australia and New Zealand,Health,Health care,Group treatment area,1200065.4611655923,602150.7493626437,1190057.7155936935,595086.4583707151,494.6359941082607,588645381.1988924,294351181.9165628,37189303.61230292,18596451.82408485
Australia,AUS,Australia and New Zealand,Retail,Commercial/Retail,Retail,628136.7183507488,48318.209103903755,483182.09103903756,37167.853156849036,183.9890348898506,88900206.60633245,6838477.431256341,7779231.665728506,598402.4358252696
Australia,AUS,Australia and New Zealand,Security,Commercial/Retail,Office,128315.44200142562,102652.35360114051,128315.44200142562,102652.35360114051,173.44246952421238,22255347.138818104,17804277.711054485,1379391.0015153254,1103512.8012122605
Australia,AUS,Australia and New Zealand,Transport,Commercial/Retail,Transportation waiting,415528.9223074787,339978.20916066435,339978.20916066435,278163.9893132709,339.7263745961499,115499564.43984407,94499643.63259971,9043420.363673672,7399162.115733006
Australia,AUS,Australia and New Zealand,Manual,Industrial,Manufacturing,562628.3950254442,292676.7936538585,474627.86404337024,256654.52181404512,416.278789762913,197577512.83173057,106839833.72792986,9658677.033282585,5222919.518915818
Australia,AUS,Australia and New Zealand,Cleaning,Commercial/Retail,Office,136214.10659405927,10763.301995445105,104542.3371655118,6727.06374715319,173.44246952421238,18132081.127819214,1166758.5489530512,1123830.1245292518,72315.93528189679
Australia,AUS,Australia and New Zealand,Tech,Commercial/Retail,Office,220090.9186181137,59637.379089945796,205923.6958864873,57668.45982393813,173.44246952421238,35715914.34810525,10002160.085521655,2213679.730779738,619935.9431073349
Australia,AUS,Australia and New Zealand,ArmedForces,Correctional facilities,Dayroom,2351.795647354955,940.7182589419821,2351.795647354955,940.7182589419821,155.49262375916356,365686.8757526025,146274.75030104103,42920.270564227925,17168.108225691172
Austria,AUT,Western Europe,Food,Industrial,Manufacturing,167301.20021777647,130216.28025039272,38409.86196860289,1324.9420012191197,416.278789762913,15989210.85525055,551545.2527735471,781640.6910610689,26962.569724809087
Austria,AUT,Western Europe,Health,Health care,Group treatment area,384653.81620436016,199689.20899143745,380119.2983644521,196488.3728691494,494.6359941082607,188020687.0262353,97190221.64484632,11878728.073889127,6140261.652160919
Austria,AUT,Western Europe,Retail,Commercial/Retail,Retail,284973.1330450875,21921.0102342375,219210.102342375,16862.31556479808,183.9890348898506,40332255.16807895,3102481.1667753044,3529282.6477122377,271483.2805932491
Austria,AUT,Western Europe,Security,Commercial/Retail,Office,42393.50968477679,33914.80774782143,42393.50968477679,33914.80774782143,173.44246952421238,7352835.0115263015,5882268.009221041,455730.22911135055,364584.1832890804
Austria,AUT,Western Europe,Transport,Commercial/Retail,Transportation waiting,146361.71273779342,119750.4922400128,119750.4922400128,97977.6754691014,339.7263745961499,40682400.58480393,33285600.478475954,3185363.0935843405,2606206.1674780976
Austria,AUT,Western Europe,Manual,Industrial,Manufacturing,306664.44841544906,160435.94180504043,263289.1253326297,143292.6437320087,416.278789762913,109601678.45120302,59649688.31468884,5357933.700519015,2916005.299946377
Austria,AUT,Western Europe,Cleaning,Commercial/Retail,Office,96562.30306115409,3077.8342391757683,77903.72401831529,1923.6463994848552,173.44246952421238,13511814.278869303,333641.9820180129,837465.0331968893,20679.198794462194
Austria,AUT,Western Europe,Tech,Commercial/Retail,Office,214192.23163196212,92563.1475951192,203867.91727476235,89249.81541144154,173.44246952421238,35359355.02889262,15479708.389540529,2191580.110703695,959435.5156729965
Austria,AUT,Western Europe,ArmedForces,Correctional facilities,Dayroom,4932.645001639943,1973.0580006559776,4932.645001639943,1973.0580006559776,155.49262375916356,766989.9133775184,306795.9653510074,90020.77127992896,36008.30851197159
Burundi,BDI,Eastern Africa,Food,Industrial,Manufacturing,4662438.537616631,4658804.429220011,31126.16049547204,27492.052098852164,416.278789762913,12957160.421021292,11444358.17580913,633417.3660828561,559463.2602116416
Burundi,BDI,Eastern Africa,Health,Health care,Group treatment area,19407.584912973438,11397.060723158704,18992.69790037598,11104.199302501675,494.6359941082607,9394472.006750349,5492536.660769171,593521.8093867494,347006.22820317734
Burundi,BDI,Eastern Africa,Retail,Commercial/Retail,Retail,183116.435798985,13478.646576470732,134786.4657647073,10368.189674208255,183.9890348898506,24799231.752262384,1907633.2117124912,2170062.0988117876,166927.85375475293
Burundi,BDI,Eastern Africa,Security,Commercial/Retail,Office,8010.818994440475,6408.655195552381,8010.818994440475,6408.655195552381,173.44246952421238,1389416.2293072238,1111532.9834457792,86116.30419023511,68893.04335218809
Burundi,BDI,Eastern Africa,Transport,Commercial/Retail,Transportation waiting,51947.30347864003,42502.3392097964,42502.3392097964,34774.641171651594,339.7263745961499,14439165.611599924,11813862.773127208,1130562.2229805843,925005.4551659324
Burundi,BDI,Eastern Africa,Manual,Industrial,Manufacturing,76306.38420884761,29071.23137799459,59305.20849403102,21750.016533293176,416.278789762913,24687500.41853246,9054070.55980263,1206860.9928535314,442612.83645251615
Burundi,BDI,Eastern Africa,Cleaning,Commercial/Retail,Office,70265.0493372577,3771.8903977059385,55410.96578295981,2357.4314985662113,173.44246952421238,9610614.744118182,408878.74084548844,595667.8821668179,25342.38860958677
Burundi,BDI,Eastern Africa,Tech,Commercial/Retail,Office,21662.213716726623,3812.4367983648935,21122.390382637714,3706.3727878849963,173.44246952421238,3663519.5502191586,642842.4493081135,227065.69661335542,39843.50746976371
Burundi,BDI,Eastern Africa,ArmedForces,Correctional facilities,Dayroom,6676.860727959128,2670.7442911836515,6676.860727959128,2670.7442911836515,155.49262375916356,1038202.5930648836,415281.0372259535,121852.70828525408,48741.08331410164
Belgium,BEL,Western Europe,Food,Industrial,Manufacturing,105522.74786403851,74292.43574147596,34589.18777617865,3358.875653616097,416.278789762913,14398745.226349793,1398228.6920514223,703889.9712452356,68353.11955108758
Belgium,BEL,Western Europe,Health,Health care,Group treatment area,475592.13459514227,253956.75033613198,468622.7125913918,249037.1583334846,494.6359941082607,231797661.30435285,123182742.38217948,14644459.768480994,7782411.197921394
Belgium,BEL,Western Europe,Retail,Commercial/Retail,Retail,256799.81855162352,19753.832196278734,197538.32196278733,15195.255535599026,183.9890348898506,36344885.211693816,2795760.4008995243,3180366.9836008763,244643.61412314433
Belgium,BEL,Western Europe,Security,Commercial/Retail,Office,52849.166468065174,42279.33317445214,52849.166468065174,42279.33317445214,173.44246952421238,9166289.94451742,7333031.955613937,568128.5395317007,454502.83162536053
Belgium,BEL,Western Europe,Transport,Commercial/Retail,Transportation waiting,170462.37271750614,139469.21404159596,139469.21404159596,114111.17512494214,339.7263745961499,47381370.454125844,38766575.82610296,3709881.0935064526,3035357.258323461
Belgium,BEL,Western Europe,Manual,Industrial,Manufacturing,252568.4527900729,122748.49870622858,216370.70951256942,109579.79749438459,416.278789762913,90070537.0960352,45615745.4834275,4403143.938580788,2229948.8790107267
Belgium,BEL,Western Europe,Cleaning,Commercial/Retail,Office,166317.30927000675,5527.733686162785,133991.31298653662,3454.83355385174,173.44246952421238,23239784.21917658,599214.8633751568,1440406.6146052687,37139.4607039062
Belgium,BEL,Western Europe,Tech,Commercial/Retail,Office,143530.81970650685,53417.74580931528,130280.67091177593,51522.86163325684,173.44246952421238,22596201.29420964,8936252.358626362,1400517.2123015912,553870.7625575111
Belgium,BEL,Western Europe,ArmedForces,Correctional facilities,Dayroom,8738.21230226153,3495.284920904613,8738.21230226153,3495.284920904613,155.49262375916356,1358727.5578432467,543491.0231372988,159472.37451627295,63788.94980650919
Benin,BEN,Western Africa,Food,Industrial,Manufacturing,2528963.1584287803,2476271.0330002406,58143.48852680559,5451.363098265595,416.278789762913,24203901.036532447,2269286.833104206,1183219.9915204938,110935.23904970486
Benin,BEN,Western Africa,Health,Health care,Group treatment area,56548.00970279825,33651.37273960949,54854.67060975224,32456.074556282896,494.6359941082607,27133094.528535992,16053942.702998817,1714208.4565547574,1014252.3298838405
Benin,BEN,Western Africa,Retail,Commercial/Retail,Retail,1253068.4888527782,92394.96046652558,923949.6046652556,71073.04651271197,183.9890348898506,169996596.04921937,13076661.234555336,14875588.635110617,1144276.0488546628
Benin,BEN,Western Africa,Security,Commercial/Retail,Office,22852.634818585087,18282.10785486807,22852.634818585087,18282.10785486807,173.44246952421238,3963617.4180703987,3170893.934456319,245665.8242997897,196532.65943983177
Benin,BEN,Western Africa,Transport,Commercial/Retail,Transportation waiting,193709.1703396582,158489.32118699307,158489.32118699307,129673.08097117612,339.7263745961499,53843002.49906193,44053365.68105066,4215815.943574016,3449303.9538332853
Benin,BEN,Western Africa,Manual,Industrial,Manufacturing,329284.5478723949,90569.1567009893,304764.0464723797,83627.69906453512,416.278789762913,126866808.4287704,34812437.35724177,6201948.345712927,1701823.6759632898
Benin,BEN,Western Africa,Cleaning,Commercial/Retail,Office,38089.26491386061,4329.491943506897,28133.14414196143,2705.9324646918103,173.44246952421238,4879481.995462419,469323.60904188623,302431.2995260854,29088.77399543696
Benin,BEN,Western Africa,Tech,Commercial/Retail,Office,151919.21498377802,11534.020902739907,148997.21098752224,11415.499876776494,173.44246952421238,25842444.225895967,1979932.4894814573,1601720.0181158641,122716.6236753473
Benin,BEN,Western Africa,ArmedForces,Correctional facilities,Dayroom,6297.301390418114,2518.920556167246,6297.301390418114,2518.920556167246,155.49262375916356,979183.9157983414,391673.56631933665,114925.75037513059,45970.300150052244
Burkina Faso,BFA,Western Africa,Food,Industrial,Manufacturing,3146728.653599191,3079584.549927439,68584.96837246911,1440.864700717076,416.278789762913,28550467.630019106,599801.4138266062,1395704.1063797465,29321.5966595925
Burkina Faso,BFA,Western Africa,Health,Health care,Group treatment area,57025.9152193831,35254.69483035786,55164.1775391483,33940.52705607448,494.6359941082607,27286187.79624121,16788206.340939723,1723880.5480983844,1060641.4705023277
Burkina Faso,BFA,Western Africa,Retail,Commercial/Retail,Retail,775089.656611612,59550.46972911825,595504.6972911826,45808.053637783276,183.9890348898506,109566334.5269773,8428179.578998255,9587625.626388041,737509.6635683108
Burkina Faso,BFA,Western Africa,Security,Commercial/Retail,Office,23303.347184495808,18642.67774759665,23303.347184495808,18642.67774759665,173.44246952421238,4041790.0838590544,3233432.0670872442,250510.98223332994,200408.78578666397
Burkina Faso,BFA,Western Africa,Transport,Commercial/Retail,Transportation waiting,51663.85085583093,42270.42342749804,42270.42342749804,34584.89189522567,339.7263745961499,14360377.703668071,11749399.939364785,1124393.263171448,919958.1244130029
Burkina Faso,BFA,Western Africa,Manual,Industrial,Manufacturing,273388.59569467494,131204.2246626588,225587.98318783563,107966.38367718783,416.278789762913,93907492.62648858,44944115.53221807,4590715.457872456,2197115.9078307725
Burkina Faso,BFA,Western Africa,Cleaning,Commercial/Retail,Office,46072.349012398925,3501.65797847792,35475.57586160084,2188.5362365487,173.44246952421238,6152971.485229588,379585.12951023236,381362.440512209,23526.764542898523
Burkina Faso,BFA,Western Africa,Tech,Commercial/Retail,Office,77858.93622164626,46218.105465762426,75556.21897875261,44505.74398393701,173.44246952421238,13104657.207587019,7719186.144586394,812229.3540215907,478436.74782732286
Burkina Faso,BFA,Western Africa,ArmedForces,Correctional facilities,Dayroom,11436.695600766525,4574.67824030661,11436.695600766525,4574.67824030661,155.49262375916356,1778321.8060980705,711328.7224392281,208719.69471398907,83487.87788559563
Bangladesh,BGD,Southern Asia,Food,Industrial,Manufacturing,30983833.747571833,30965228.640399743,501998.5136168359,483393.4064447469,416.278789762913,208971333.71119764,201226422.21419114,10215669.752102612,9837055.821150599
Bangladesh,BGD,Southern Asia,Health,Health care,Group treatment area,520796.4044107,288651.03325574094,511701.9176830085,282231.3955656057,494.6359941082607,253106186.74023828,139601806.91415516,15990684.927594015,8819731.111425178
Bangladesh,BGD,Southern Asia,Retail,Commercial/Retail,Retail,8445017.89684462,642774.1711463874,6427741.711463874,494441.6701126057,183.9890348898506,1182633994.0134747,90971845.6933442,103486641.55456838,7960510.888812952
Bangladesh,BGD,Southern Asia,Security,Commercial/Retail,Office,532675.1674968448,426140.1339974758,532675.1674968448,426140.1339974758,173.44246952421238,92388496.50487623,73910797.20390098,5726258.050591081,4581006.440472865
Bangladesh,BGD,Southern Asia,Transport,Commercial/Retail,Transportation waiting,5252068.931777275,4297147.30781777,4297147.30781777,3515847.7973054494,339.7263745961499,1459854275.990537,1194426225.8104396,114304118.38795269,93521551.40832496
Bangladesh,BGD,Southern Asia,Manual,Industrial,Manufacturing,5088113.71021363,1935032.2962803962,4182661.5211101137,1571712.0821961472,416.278789762913,1741153275.9956229,654270403.4323602,85117161.95459083,31984340.872691598
Bangladesh,BGD,Southern Asia,Cleaning,Commercial/Retail,Office,680267.3241782637,47922.13679033477,526954.3228232741,29951.335493959232,173.44246952421238,91396259.07692769,5194833.593620485,5664758.970350197,321976.85656006174
Bangladesh,BGD,Southern Asia,Tech,Commercial/Retail,Office,501879.9590195631,117654.54383277067,458448.7555869023,113867.81916111219,173.44246952421238,79514484.3192944,19749515.754639726,4928324.1225592,1224079.055981956
Bangladesh,BGD,Southern Asia,ArmedForces,Correctional facilities,Dayroom,113868.41808955719,45547.36723582288,113868.41808955719,45547.36723582288,155.49262375916356,17705699.09205065,7082279.63682026,2078098.6301344188,831239.4520537675
Bulgaria,BGR,Eastern Europe,Food,Industrial,Manufacturing,117751.92767530945,102009.9051957373,21858.471982365485,6116.449502793324,416.278789762913,9099218.262885645,2546148.196668776,444819.90484113764,124469.74738184416
Bulgaria,BGR,Eastern Europe,Health,Health care,Group treatment area,159246.44952666058,79520.04639575427,158414.0457419511,78932.4672536064,494.6359941082607,78357288.99628146,39042839.40740534,4950438.929435972,2466639.6016752003
Bulgaria,BGR,Eastern Europe,Retail,Commercial/Retail,Retail,265998.0779335023,20215.658943327133,202156.58943327135,15550.506879482413,183.9890348898506,37194595.78645136,2861122.752803951,3254721.089875669,250363.16075966688
Bulgaria,BGR,Eastern Europe,Security,Commercial/Retail,Office,84722.64452237301,67778.11561789842,84722.64452237301,67778.11561789842,173.44246952421238,14694504.690582361,11755603.75246589,910768.4286155099,728614.742892408
Bulgaria,BGR,Eastern Europe,Transport,Commercial/Retail,Transportation waiting,205157.55826771248,167856.18403721935,167856.18403721935,137336.877848634,339.7263745961499,57025172.856508665,46656959.60987072,4464974.495390035,3653160.9507736648
Bulgaria,BGR,Eastern Europe,Manual,Industrial,Manufacturing,227646.9288090055,118591.1668919852,193942.079527496,103717.15876360088,416.278789762913,80733974.14980866,43175253.327759676,3946721.318384544,2110644.180839278
Bulgaria,BGR,Eastern Europe,Cleaning,Commercial/Retail,Office,75774.41024792993,11656.172812776496,53431.86452929453,7285.108007985311,173.44246952421238,9267354.53524401,1263547.123655588,574392.5436899161,78314.91108584209
Bulgaria,BGR,Eastern Europe,Tech,Commercial/Retail,Office,83482.85705031053,28790.165106451597,77751.12511108637,27789.560592728503,173.44246952421238,13485347.147552822,4819890.016195567,835824.5949441785,298737.7763718314
Bulgaria,BGR,Eastern Europe,ArmedForces,Correctional facilities,Dayroom,9927.79737357585,3971.11894943034,9927.79737357585,3971.11894943034,155.49262375916356,1543699.2617666419,617479.7047066567,181182.30206775924,72472.9208271037
Bahamas,BHS,Caribbean,Food,Industrial,Manufacturing,9362.416450364322,5800.771335431637,3827.674877159161,266.02976222647726,416.278789762913,1593379.8654697223,110742.54746055345,77893.18375018894,5413.7056613088125
Bahamas,BHS,Caribbean,Health,Health care,Group treatment area,7601.0849910864645,4106.759902420913,7471.356448570822,4015.186813586341,494.6359941082607,3695601.824275993,1986055.9210686595,233479.8890178382,125474.58792457316
Bahamas,BHS,Caribbean,Retail,Commercial/Retail,Retail,19561.026303986204,1504.694331075862,15046.943310758621,1157.4571777506633,183.9890348898506,2768472.5777887716,212959.42906067477,242255.78730321382,18635.06056178568
Bahamas,BHS,Caribbean,Security,Commercial/Retail,Office,15802.387822454788,12641.910257963835,15802.387822454788,12641.910257963835,173.44246952421238,2740805.1683058995,2192644.1346447202,169875.66909138896,135900.53527311122
Bahamas,BHS,Caribbean,Transport,Commercial/Retail,Transportation waiting,9202.05350395641,7528.952866873427,7528.952866873427,6160.052345623713,339.7263745961499,2557783.861968199,2092732.2507012535,200270.14625883318,163857.3923935908
Bahamas,BHS,Caribbean,Manual,Industrial,Manufacturing,12828.660610582936,6126.845453872341,10721.819663221197,5333.225317322174,416.278789762913,4463266.113461923,2220108.5806278023,218189.03014655138,108531.13520750626
Bahamas,BHS,Caribbean,Cleaning,Commercial/Retail,Office,9521.817771516804,773.1791005414728,7290.532225812777,483.2369378384205,173.44246952421238,1264487.9133908208,83813.80786401396,78373.22142748735,5194.79708176302
Bahamas,BHS,Caribbean,Tech,Commercial/Retail,Office,10255.881116618055,1737.1801437276638,9815.797351786332,1688.9604624482868,173.44246952421238,1702476.1330430454,292937.4735357866,105519.82153170307,18156.32497131908
Bahamas,BHS,Caribbean,ArmedForces,Correctional facilities,Dayroom,324.22273899929587,129.68909559971834,324.22273899929587,129.68909559971834,155.49262375916356,50414.244369383,20165.6977477532,5917.064986737149,2366.8259946948597
Bosnia and Herzegovina,BIH,Southern Europe,Food,Industrial,Manufacturing,185329.53958491143,184047.25679763337,5409.2735677111,4126.990780433063,416.278789762913,2251765.8542632917,1717978.7274413754,110078.7171029209,83984.26238181285
Bosnia and Herzegovina,BIH,Southern Europe,Health,Health care,Group treatment area,54763.75090397795,33228.35856650498,53226.47720849339,32143.224193221762,494.6359941082607,26327731.46690381,15899195.652658943,1663327.4127654184,1004475.7560381801
Bosnia and Herzegovina,BIH,Southern Europe,Retail,Commercial/Retail,Retail,118657.12445139319,9127.471111645631,91274.7111164563,7021.131624342793,183.9890348898506,16793546.00816671,1291811.2313974395,1469522.8489749464,113040.21915191898
Bosnia and Herzegovina,BIH,Southern Europe,Security,Commercial/Retail,Office,33973.01319789224,27178.410558313797,33973.01319789224,27178.410558313797,173.44246952421238,5892363.30622109,4713890.644976873,365209.8918773416,292167.9135018733
Bosnia and Herzegovina,BIH,Southern Europe,Transport,Commercial/Retail,Transportation waiting,77525.60261887709,63430.038506353994,63430.038506353994,51897.304232471455,339.7263745961499,21548857.02225783,17630883.018210955,1687239.0242690162,1380468.2925837408
Bosnia and Herzegovina,BIH,Southern Europe,Manual,Industrial,Manufacturing,109863.39872778232,55605.07515935121,96506.46123504317,50362.04186290129,416.278789762913,40173592.88722525,20964649.83667771,1963906.4861331286,1024867.5519100414
Bosnia and Herzegovina,BIH,Southern Europe,Cleaning,Commercial/Retail,Office,28538.887456343193,3554.7735617744775,20820.094912140594,2221.7334761090483,173.44246952421238,3611088.677290154,385342.940720966,223816.0203055114,23883.63486817227
Bosnia and Herzegovina,BIH,Southern Europe,Tech,Commercial/Retail,Office,36763.07205319601,12215.568929773724,35018.09398609889,11797.134705480159,173.44246952421238,6073624.698979962,2046124.1766282707,376444.51035056304,126819.1980839117
Bosnia and Herzegovina,BIH,Southern Europe,ArmedForces,Correctional facilities,Dayroom,3305.611005626736,1322.2444022506945,3305.611005626736,1322.2444022506945,155.49262375916356,513998.1283920684,205599.25135682736,60327.40085268793,24130.960341075173
Belarus,BLR,Eastern Europe,Food,Industrial,Manufacturing,154295.24001019975,139711.7078139163,18515.17778324746,3931.6455869640276,416.278789762913,7707475.799855428,1636660.6667180832,376783.8678890859,80008.98769471797
Belarus,BLR,Eastern Europe,Health,Health care,Group treatment area,309101.97565829096,176767.23886452115,300832.78665958054,170930.16427719613,494.6359941082607,148802724.48971993,84548211.73033923,9401024.583111892,5341567.633662379
Belarus,BLR,Eastern Europe,Retail,Commercial/Retail,Retail,275396.3806511205,21184.336973163114,211843.36973163116,16295.64382551009,183.9890348898506,38976857.1447366,2998219.780364354,3410678.252679262,262359.86559071246
Belarus,BLR,Eastern Europe,Security,Commercial/Retail,Office,134349.02960789326,107479.22368631461,134349.02960789326,107479.22368631461,173.44246952421238,23301827.473374534,18641461.97869963,1444252.0682848524,1155401.654627882
Belarus,BLR,Eastern Europe,Transport,Commercial/Retail,Transportation waiting,441037.01420695987,360848.4661693309,360848.4661693309,295239.6541385434,339.7263745961499,122589741.19028823,100300697.33750854,9598569.200104201,7853374.800085255
Belarus,BLR,Eastern Europe,Manual,Industrial,Manufacturing,475629.21220430837,253935.57298357983,420265.01811376493,232429.64344754873,416.278789762913,174947413.12008676,96755530.67937097,8552393.118615117,4729943.244157617
Belarus,BLR,Eastern Europe,Cleaning,Commercial/Retail,Office,98869.49344581712,8233.894093904546,75529.66612659383,5146.18380869034,173.44246952421238,13100051.815335687,892566.8284047695,811943.9108608837,55321.47594342115
Belarus,BLR,Eastern Europe,Tech,Commercial/Retail,Office,120805.76606014596,42510.943552992634,114367.13720128116,41036.07018829708,173.44246952421238,19836118.708604626,7117397.3530271575,1229446.7249137724,441137.75452419365
Belarus,BLR,Eastern Europe,ArmedForces,Correctional facilities,Dayroom,8514.642355841232,3405.8569423364925,8514.642355841232,3405.8569423364925,155.49262375916356,1323964.0802806588,529585.6321122635,155392.22299410249,62156.88919764099
Belize,BLZ,Central America,Food,Industrial,Manufacturing,30621.10795410771,27953.426950592213,5084.640108204337,2416.9591046888463,416.278789762913,2116627.830623268,1006128.8110063267,103472.42620195825,49185.117780418026
Belize,BLZ,Central America,Health,Health care,Group treatment area,9009.911835610294,4034.6334179790933,8949.957958524217,3992.313034153628,494.6359941082607,4426971.352041766,1974741.7264399463,279686.1862038818,124759.78231730088
Belize,BLZ,Central America,Retail,Commercial/Retail,Retail,20942.66590839965,1579.6164882321164,15796.164882321165,1215.0896063323974,183.9890348898506,2906321.1316592214,223563.16397378626,254318.25460537078,19562.942661951598
Belize,BLZ,Central America,Security,Commercial/Retail,Office,7955.232659683528,6364.186127746823,7955.232659683528,6364.186127746823,173.44246952421238,1379775.1981351795,1103820.1585081436,85518.75109159792,68415.00087327835
Belize,BLZ,Central America,Transport,Commercial/Retail,Transportation waiting,7989.3604994039315,6536.749499512307,6536.749499512307,5348.24959051007,339.7263745961499,2220706.2091125133,1816941.4438193296,173877.53668702737,142263.4391075679
Belize,BLZ,Central America,Manual,Industrial,Manufacturing,12130.596144252564,5237.155945359054,9761.432387858535,4209.152250810049,416.278789762913,4063477.260770253,1752180.8048950483,198645.1490929212,85656.2483039845
Belize,BLZ,Central America,Cleaning,Commercial/Retail,Office,6199.328412993609,593.9744323093093,4671.128317236917,371.2340201933184,173.44246952421238,810172.0308060494,64387.745233730464,50214.62941029685,3990.7657170781727
Belize,BLZ,Central America,Tech,Commercial/Retail,Office,6448.432113301373,1078.1777668823909,6217.546863407388,1048.6281463698049,173.44246952421238,1078386.682371898,181876.6553189762,66838.62878162942,11272.752573475402
Belize,BLZ,Central America,ArmedForces,Correctional facilities,Dayroom,533.8019828237885,213.52079312951543,533.8019828237885,213.52079312951543,155.49262375916356,83002.27087711485,33200.90835084594,9741.88618653414,3896.7544746136564
Bolivia,BOL,South America,Food,Industrial,Manufacturing,1484066.2461926262,1392378.4388072502,98807.32787515101,7119.520489774944,416.278789762913,41131394.8675752,2963705.373175775,2010729.1222593233,144882.24196692012
Bolivia,BOL,South America,Health,Health care,Group treatment area,194557.25751621026,108744.77931132457,190700.7700657815,106022.55287572775,494.6359941082607,94327464.97869867,52442570.83958123,5959399.064555671,3313204.777366492
Bolivia,BOL,South America,Retail,Commercial/Retail,Retail,880970.3139792638,67639.33384555574,676393.3384555574,52030.256804273646,183.9890348898506,124448957.54836206,9572996.734489389,10889932.749134474,837687.1345488058
Bolivia,BOL,South America,Security,Commercial/Retail,Office,43472.93439215395,34778.34751372316,43472.93439215395,34778.34751372316,173.44246952421238,7540053.0984392455,6032042.478751397,467334.0447156549,373867.23577252397
Bolivia,BOL,South America,Transport,Commercial/Retail,Transportation waiting,423788.4514996449,346736.00577243674,346736.00577243674,283693.0956319937,339.7263745961499,117795366.18301964,96378026.87701608,9223177.753546817,7546236.343811033
Bolivia,BOL,South America,Manual,Industrial,Manufacturing,493674.5399471257,182639.0459509314,431479.7304678845,163417.84800023635,416.278789762913,179615860.00639886,68027383.99119806,8780612.51502145,3325553.20680481
Bolivia,BOL,South America,Cleaning,Commercial/Retail,Office,138193.56969886948,7425.819752892796,108973.12495498057,4641.137345557997,173.44246952421238,18900567.903962404,804970.3226146268,1171461.093266041,49892.22646474847
Bolivia,BOL,South America,Tech,Commercial/Retail,Office,191785.15534278055,34283.81304364077,182207.3057503088,33302.88378516294,173.44246952421238,31602485.07468678,5776134.405976511,1958728.5368158196,358006.00069050165
Bolivia,BOL,South America,ArmedForces,Correctional facilities,Dayroom,7555.531431324861,3022.2125725299447,7555.531431324861,3022.2125725299447,155.49262375916356,1174829.4061515313,469931.7624606125,137888.44862167872,55155.37944867149
Brazil,BRA,South America,Food,Industrial,Manufacturing,6412755.517212726,5680832.273963518,1043811.8670319098,311888.6237827025,416.278789762913,434516740.7482101,129832618.84908387,21241571.494099364,6346933.4939779965
Brazil,BRA,South America,Health,Health care,Group treatment area,5594000.968453916,3050230.267505642,5485523.880666333,2973658.2055379367,494.6359941082607,2713337557.917996,1470878382.634444,171422621.2708229,92926818.92306052
Brazil,BRA,South America,Retail,Commercial/Retail,Retail,10241405.30145433,770894.4171183566,7708944.171183564,592995.7054756589,183.9890348898506,1418361198.075803,109104707.54429257,124114001.15605539,9547230.858158108
Brazil,BRA,South America,Security,Commercial/Retail,Office,1354440.7987694875,1083552.6390155898,1354440.7987694875,1083552.6390155898,173.44246952421238,234917556.96292672,187934045.57034135,14560238.586771991,11648190.869417591
Brazil,BRA,South America,Transport,Commercial/Retail,Transportation waiting,5610995.248495312,4590814.294223439,4590814.294223439,3756120.7861828143,339.7263745961499,1559620696.6207116,1276053297.235128,122115660.22634348,99912812.91246286
Brazil,BRA,South America,Manual,Industrial,Manufacturing,6362458.486620109,3022295.5670406236,5321525.712992345,2585770.556799837,416.278789762913,2215238283.496676,1076401437.98921,108293048.25939423,52620430.830876686
Brazil,BRA,South America,Cleaning,Commercial/Retail,Office,3652042.820235046,99957.90175150453,2960070.765402952,62473.688594690335,173.44246952421238,513401983.5179136,10835590.830149714,31820760.728081737,671592.1523929212
Brazil,BRA,South America,Tech,Commercial/Retail,Office,2387148.216962975,576223.2689609638,2334417.750104592,558180.4510068658,173.44246952421238,404887179.47929615,96812195.86276945,25094990.813624367,6000439.848323808
Brazil,BRA,South America,ArmedForces,Correctional facilities,Dayroom,347588.45007748826,139035.38003099535,347588.45007748826,139035.38003099535,155.49262375916356,54047440.09092969,21618976.036371883,6343489.213914161,2537395.6855656654
Barbados,BRB,Caribbean,Food,Industrial,Manufacturing,4552.171306740808,3872.6488449190974,717.4484839964299,37.926022174719925,416.278789762913,298658.5866352705,15787.798611413811,14600.07664932735,771.7945512555506
Barbados,BRB,Caribbean,Health,Health care,Group treatment area,6685.524553500601,3557.6277282730252,6616.3205488856365,3508.7778426624623,494.6359941082607,3272670.29203696,1735567.8163103855,206760.01715267616,109649.30758320194
Barbados,BRB,Caribbean,Retail,Commercial/Retail,Retail,11643.30032907304,792.5263690953888,7925.263690953887,609.6356685349145,183.9890348898506,1458161.6177461806,112166.27828816778,127596.74542435759,9815.134263412125
Barbados,BRB,Caribbean,Security,Commercial/Retail,Office,5434.935379699457,4347.9483037595655,5434.935379699457,4347.9483037595655,173.44246952421238,942648.6139595868,754118.8911676693,58425.55533176917,46740.44426541533
Barbados,BRB,Caribbean,Transport,Commercial/Retail,Transportation waiting,4974.838824078385,4070.322674245953,4070.322674245953,3330.264006201234,339.7263745961499,1382795.9655580833,1131378.5172747956,108270.58313494235,88585.02256495283
Barbados,BRB,Caribbean,Manual,Industrial,Manufacturing,7406.2687534625475,3152.008499343671,6010.160080704257,2632.4244458555872,416.278789762913,2501902.1646769396,1095822.4624630706,122306.75764233163,53569.837473161206
Barbados,BRB,Caribbean,Cleaning,Commercial/Retail,Office,4897.269500224251,944.8752450101963,3293.6618793450452,590.5470281313727,173.44246952421238,571260.8501313631,102425.93492928981,35406.865202959234,6348.380552412256
Barbados,BRB,Caribbean,Tech,Commercial/Retail,Office,6165.802819316103,1152.4511822488378,5467.317823873799,1117.2161850548998,173.44246952421238,948265.1050464145,193772.73412834128,58773.66660664334,12010.073989340173
Barbados,BRB,Caribbean,ArmedForces,Correctional facilities,Dayroom,259.61863452288003,103.84745380915203,259.61863452288003,103.84745380915203,155.49262375916356,40368.78265873398,16147.513063493594,4738.0400800425605,1895.2160320170244
Brunei Darussalam,BRN,South-eastern Asia,Food,Industrial,Manufacturing,5772.216942479324,3330.0588483867423,2704.7928155893005,262.63472149671946,416.278789762913,1125947.879832936,109329.26401437409,55042.53379724227,5344.616582458241
Brunei Darussalam,BRN,South-eastern Asia,Health,Health care,Group treatment area,7287.289527288374,4233.575272388301,7113.373851955816,4110.811266271201,494.6359941082607,3518530.7467258726,2033355.2172834936,222292.93287361923,128462.85207097503
Brunei Darussalam,BRN,South-eastern Asia,Retail,Commercial/Retail,Retail,15023.62172579331,1155.6632096764083,11556.632096764088,888.9716997510835,183.9890348898506,2126293.586060695,163561.04508159187,186061.77675790183,14312.444365992445
Brunei Darussalam,BRN,South-eastern Asia,Security,Commercial/Retail,Office,9593.97449148592,7675.179593188736,9593.97449148592,7675.179593188736,173.44246952421238,1664002.6283556176,1331202.102684494,103135.22578347364,82508.18062677892
Brunei Darussalam,BRN,South-eastern Asia,Transport,Commercial/Retail,Transportation waiting,5706.646071349705,4669.074058377032,4669.074058377032,3820.151502308481,339.7263745961499,1586207.6025733615,1297806.220287296,124197.36995282906,101616.0299614056
Brunei Darussalam,BRN,South-eastern Asia,Manual,Industrial,Manufacturing,10887.935372047761,5505.438682894396,8459.046676723123,4369.418615642937,416.278789762913,3521321.7131342925,1818896.2932873846,172141.59987131556,88917.66882833377
Brunei Darussalam,BRN,South-eastern Asia,Cleaning,Commercial/Retail,Office,6453.5219683010355,316.2529404661456,5114.390856529075,197.658087791341,173.44246952421238,887052.5802684545,34282.30686796376,54979.701707687556,2124.8244437569156
Brunei Darussalam,BRN,South-eastern Asia,Tech,Commercial/Retail,Office,9862.888456877161,4018.26515914883,8812.849856197912,3873.2544367037085,173.44246952421238,1528522.4426050659,671786.8145975034,94738.13595412756,41637.48519456487
Brunei Darussalam,BRN,South-eastern Asia,ArmedForces,Correctional facilities,Dayroom,2950.000944635503,1180.0003778542016,2950.000944635503,1180.0003778542016,155.49262375916356,458703.38697338535,183481.3547893542,53837.51723959793,21535.00689583918
Bhutan,BTN,Southern Asia,Food,Industrial,Manufacturing,153859.35387312702,152348.96671596647,1791.695122027687,281.3079648671497,416.278789762913,745844.6770218002,117102.53916556512,36460.99573326343,5724.617085046496
Bhutan,BTN,Southern Asia,Health,Health care,Group treatment area,4687.696950412385,2750.874078126345,4574.978249118676,2671.3079360366687,494.6359941082607,2262948.9142764863,1321325.0565107837,142968.07028495864,83478.3730011459
Bhutan,BTN,Southern Asia,Retail,Commercial/Retail,Retail,10806.618855247307,818.7338565488526,8187.338565488525,629.7952742683481,183.9890348898506,1506380.5209806876,115875.42469082211,131816.15090436526,10139.703915720405
Bhutan,BTN,Southern Asia,Security,Commercial/Retail,Office,8491.620125250234,6793.2961002001875,8491.620125250234,6793.2961002001875,173.44246952421238,1472807.5647849024,1178246.0518279218,91284.91634644002,73027.93307715202
Bhutan,BTN,Southern Asia,Transport,Commercial/Retail,Transportation waiting,23363.64835877166,19115.712293540448,19115.712293540448,15640.128240169459,339.7263745961499,6494111.63530755,5313364.065251633,508477.94700817595,416027.4111885076
Bhutan,BTN,Southern Asia,Manual,Industrial,Manufacturing,16165.341712153726,5589.439825986416,13429.444484548658,4503.211511965185,416.278789762913,5590392.897216142,1874591.4382472849,273289.1952605652,91640.35426849153
Bhutan,BTN,Southern Asia,Cleaning,Commercial/Retail,Office,2349.117216379741,156.26945321607326,1827.373135969723,97.66840826004581,173.44246952421238,316944.1094447931,16939.849923121328,19644.261211674522,1049.9353887954924
Bhutan,BTN,Southern Asia,Tech,Commercial/Retail,Office,6631.894388568542,2447.909297178964,6378.841611253304,2362.6965941400663,173.44246952421238,1106362.041759579,409791.9320240988,68572.54732097303,25398.988387005713
Bhutan,BTN,Southern Asia,ArmedForces,Correctional facilities,Dayroom,1460.2223081027523,584.0889232411012,1460.2223081027523,584.0889232411012,155.49262375916356,227053.7979585587,90821.51918342352,26649.05712287523,10659.622849150097
Botswana,BWA,Southern Africa,Food,Industrial,Manufacturing,242516.93400158006,239101.44639681923,14897.982178680053,11482.494573919193,416.278789762913,6201713.991250378,4779918.944690297,303173.9373361391,233668.7645792556
Botswana,BWA,Southern Africa,Health,Health care,Group treatment area,35542.967415107465,19788.022864348208,34673.23494788139,19174.094063953333,494.6359941082607,17150630.037394598,9484197.078448858,1083538.5921212935,599190.4394985416
Botswana,BWA,Southern Africa,Retail,Commercial/Retail,Retail,76889.67084026104,5914.590064635465,59145.90064635465,4549.684665104203,183.9890348898506,10882197.177613782,837092.0905856754,952249.0004063098,73249.92310817768
Botswana,BWA,Southern Africa,Security,Commercial/Retail,Office,58951.937300959486,47161.5498407676,58951.937300959486,47161.5498407676,173.44246952421238,10224769.588714944,8179815.670971958,633733.3259853144,506986.66078825167
Botswana,BWA,Southern Africa,Transport,Commercial/Retail,Transportation waiting,33318.45008059193,27260.550065938853,27260.550065938853,22304.086417586335,339.7263745961499,9261127.843398241,7577286.417325835,725130.6317539735,593288.6987077965
Botswana,BWA,Southern Africa,Manual,Industrial,Manufacturing,47385.89006459303,21374.32457736732,38496.39335745208,17569.5330798054,416.278789762913,16025232.037077194,7313823.967160856,783401.6048241499,357539.9981740399
Botswana,BWA,Southern Africa,Cleaning,Commercial/Retail,Office,81550.02607319636,8888.806475269032,60551.016331606115,5555.504047043145,173.44246952421238,10502117.80475468,963560.3413709193,650923.4255647657,59721.66850571381
Botswana,BWA,Southern Africa,Tech,Commercial/Retail,Office,18200.079325600807,3921.8994466595245,17293.757915053837,3801.4886654352067,173.44246952421238,2999472.080140832,659339.5820013847,185907.89758682874,40866.00315342847
Botswana,BWA,Southern Africa,ArmedForces,Correctional facilities,Dayroom,2309.234738085322,923.6938952341292,2309.234738085322,923.6938952341292,155.49262375916356,359068.9683006916,143627.58732027668,42143.53397005713,16857.413588022857
Switzerland,CHE,Western Europe,Food,Industrial,Manufacturing,147413.89711101344,117995.69994708707,33325.423789643435,3907.2266257170695,416.278789762913,13872667.083488958,1626495.571082932,678172.3741192439,79512.06183334238
Switzerland,CHE,Western Europe,Health,Health care,Group treatment area,507024.55710232985,277674.0705849966,498421.48960009,271601.3170540038,494.6359941082607,246537208.99326065,134343787.4621201,15575671.550002813,8487541.15793762
Switzerland,CHE,Western Europe,Retail,Commercial/Retail,Retail,167872.26622250283,12913.251247884835,129132.51247884834,9933.270190680641,183.9890348898506,23758966.343884893,1827612.7956834533,2079033.4509094583,159925.65006995836
Switzerland,CHE,Western Europe,Security,Commercial/Retail,Office,38898.53852495477,31118.830819963812,38898.53852495477,31118.830819963812,173.44246952421238,6746658.582650869,5397326.866120694,418159.28914326377,334527.431314611
Switzerland,CHE,Western Europe,Transport,Commercial/Retail,Transportation waiting,99385.00026118926,81315.0002137003,81315.0002137003,66530.45472030026,339.7263745961499,27624850.22288556,22602150.182360917,2162979.0056844284,1769710.095559987
Switzerland,CHE,Western Europe,Manual,Industrial,Manufacturing,271228.98296884296,138863.463241818,235660.48758140582,124895.65840539787,416.278789762913,98100462.5653256,51991413.52764122,4795690.922281609,2541626.648549847
Switzerland,CHE,Western Europe,Cleaning,Commercial/Retail,Office,81592.26957943707,1870.306932105943,66434.96887277595,1168.941832566214,173.44246952421238,11522645.064058442,202744.15817044256,714175.9153823415,12566.1247000868
Switzerland,CHE,Western Europe,Tech,Commercial/Retail,Office,268988.7234520251,111883.90636853885,245079.00504613153,107855.13036166712,173.44246952421238,42507107.86373796,18706660.160783403,2634599.304245914,1159442.6513879215
Switzerland,CHE,Western Europe,ArmedForces,Correctional facilities,Dayroom,2460.578195967527,984.2312783870109,2460.578195967527,984.2312783870109,155.49262375916356,382601.7596555801,153040.70386223207,44905.552076407366,17962.22083056295
Chile,CHL,South America,Food,Industrial,Manufacturing,655381.6716268453,562215.986629074,144593.9033829081,51428.218385136664,416.278789762913,60191375.10733255,21408476.50902748,2942485.93384218,1046564.2441375311
Chile,CHL,South America,Health,Health care,Group treatment area,547933.1262816628,302455.8573402904,537606.5682295874,295166.52224470774,494.6359941082607,265919559.31537247,145999986.15798905,16800205.257174607,9223953.820147118
Chile,CHL,South America,Retail,Commercial/Retail,Retail,1058367.429019201,76949.38859792387,769493.8859792387,59191.83738301836,183.9890348898506,141578437.43496084,10890649.033458527,12388851.564265743,952988.5818665958
Chile,CHL,South America,Security,Commercial/Retail,Office,226750.25237507705,181400.20190006166,226750.25237507705,181400.20190006166,173.44246952421238,39328123.73717177,31462498.989737418,2437565.2130320785,1950052.1704256628
Chile,CHL,South America,Transport,Commercial/Retail,Transportation waiting,608359.5152002628,497748.6942547605,497748.6942547605,407248.9316629859,339.7263745961499,169098359.35913727,138353203.11202142,13240115.26717663,10832821.582235426
Chile,CHL,South America,Manual,Industrial,Manufacturing,648148.4028641452,301758.85899588827,551637.4493161945,263738.6786948357,416.278789762913,229634969.7892457,109788817.98075597,11225822.09358456,5367082.111439907
Chile,CHL,South America,Cleaning,Commercial/Retail,Office,326975.82440824783,12377.90835248457,262164.93004646944,7736.192720302856,173.44246952421238,45470532.88990205,1341784.370124562,2818272.9979995466,83164.0717432557
Chile,CHL,South America,Tech,Commercial/Retail,Office,239613.562641358,71769.05385058209,226577.2163774391,69355.76645286428,173.44246952421238,39298111.94642486,12029235.409329304,2435705.0760574704,745574.489368291
Chile,CHL,South America,ArmedForces,Correctional facilities,Dayroom,9907.210705516994,3962.884282206798,9907.210705516994,3962.884282206798,155.49262375916356,1540498.1867357115,616199.2746942847,180806.59537568514,72322.63815027407
Côte d'Ivoire,CIV,Western Africa,Food,Industrial,Manufacturing,5084869.479994411,5084869.479994411,8190.098440474435,8190.098440474435,416.278789762913,3409364.266839819,3409364.266839819,166668.50326365477,166668.50326365477
Côte d'Ivoire,CIV,Western Africa,Health,Health care,Group treatment area,145967.74302343943,89723.9890021,140393.1565606103,85788.98679304415,494.6359941082607,69443508.56135416,42434320.765917845,4387286.142519073,2680905.8372826297
Côte d'Ivoire,CIV,Western Africa,Retail,Commercial/Retail,Retail,2790219.8627126534,209580.902997001,2095809.0299700093,161216.07922846227,183.9890348898506,385605880.73761594,29661990.82597046,33742525.38251715,2595578.875578243
Côte d'Ivoire,CIV,Western Africa,Security,Commercial/Retail,Office,82200.34830632125,65760.27864505698,82200.34830632125,65760.27864505698,173.44246952421238,14257031.405998766,11405625.124799011,883653.7442929534,706922.9954343626
Côte d'Ivoire,CIV,Western Africa,Transport,Commercial/Retail,Transportation waiting,471204.5839517633,385531.0232332609,385531.0232332609,315434.47355448623,339.7263745961499,130975056.81737977,107161410.12331073,10255125.21800474,8390556.996549334
Côte d'Ivoire,CIV,Western Africa,Manual,Industrial,Manufacturing,725042.7653739926,332055.7974508369,632310.9207217733,295736.4619800129,416.278789762913,263217624.83193302,123108816.48180549,12867527.236688087,6018237.0012932625
Côte d'Ivoire,CIV,Western Africa,Cleaning,Commercial/Retail,Office,278097.1543567308,31854.678564243306,205202.06316040628,19909.174102652065,173.44246952421238,35590752.58600427,3453096.3225514693,2205922.1789743677,214023.6216035097
Côte d'Ivoire,CIV,Western Africa,Tech,Commercial/Retail,Office,206985.3239091186,35013.60979307005,203864.51368180377,34066.58107332052,173.44246952421238,35358764.70132463,5908591.949603505,2191543.5220793905,366215.7465381956
Côte d'Ivoire,CIV,Western Africa,ArmedForces,Correctional facilities,Dayroom,17900.181560523062,7160.072624209226,17900.18156052306,7160.072624209226,155.49262375916356,2783346.196611129,1113338.478644452,326678.3134795458,130671.32539181838
DR Congo,COD,Middle Africa,Food,Industrial,Manufacturing,25495251.70796494,25480123.43682413,18540.409115850056,3412.137975038002,416.278789762913,7717979.068455341,1420400.666752896,377297.32550754864,69437.00779202335
DR Congo,COD,Middle Africa,Health,Health care,Group treatment area,450024.3050712877,267090.0211693939,439376.46885983786,259573.9014907234,494.6359941082607,217331416.46226317,128394594.8084237,13730514.651869932,8111684.421585106
DR Congo,COD,Middle Africa,Retail,Commercial/Retail,Retail,2641601.4016966606,195029.3275207196,1950293.275207196,150022.55963132277,183.9890348898506,358832577.4575377,27602505.958272137,31399721.730835855,2415363.210064297
DR Congo,COD,Middle Africa,Security,Commercial/Retail,Office,157449.23873667285,125959.3909893383,157449.23873667285,125959.3909893383,173.44246952421238,27308384.79119582,21846707.83295666,1692579.316419233,1354063.4531353866
DR Congo,COD,Middle Africa,Transport,Commercial/Retail,Transportation waiting,404901.7513530487,331283.25110703986,331283.25110703986,271049.93272394175,339.7263745961499,112545657.86302063,92082810.97883508,8812134.47944726,7209928.210456851
DR Congo,COD,Middle Africa,Manual,Industrial,Manufacturing,428825.7072889663,183900.36710294397,368432.89433930995,159150.97957024872,416.278789762913,153370799.36441514,66251177.16508523,7497609.399804958,3238722.4342545616
DR Congo,COD,Middle Africa,Cleaning,Commercial/Retail,Office,209092.9803123651,23937.688915222698,154296.07616428533,14961.055572014184,173.44246952421238,26761492.48782961,2594882.425099118,1658682.8187660673,160831.34739915247
DR Congo,COD,Middle Africa,Tech,Commercial/Retail,Office,299980.7614860336,157807.70381924167,293743.19550843915,152049.9506091545,173.44246952421238,50947545.234917216,26371918.92468628,3157739.3517157207,1634536.969048411
DR Congo,COD,Middle Africa,ArmedForces,Correctional facilities,Dayroom,42897.117461497495,17158.846984599,42897.117461497495,17158.846984599,155.49262375916356,6670185.345793275,2668074.1383173107,782872.3936723293,313148.95746893174
Colombia,COL,South America,Food,Industrial,Manufacturing,3507229.8024206404,3114038.5871264953,696172.1701407691,302980.95484662394,416.278789762913,289801708.4528201,126124545.2047644,14167103.662364652,6165662.431128797
Colombia,COL,South America,Health,Health care,Group treatment area,867894.4030136267,420280.2350780806,861479.9680735408,415752.39864978485,494.6359941082607,426119000.4124086,205646101.00903025,26921249.00229815,12992262.457805777
Colombia,COL,South America,Retail,Commercial/Retail,Retail,2898937.1578866974,205190.83606645797,2051908.3606645796,157839.10466650614,183.9890348898506,377528638.96109146,29040664.53546858,33035724.606699735,2541209.5851307493
Colombia,COL,South America,Security,Commercial/Retail,Office,589305.9287243969,471444.7429795175,589305.9287243969,471444.7429795175,173.44246952421238,102210675.58321887,81768540.4665751,6335038.733787267,5068030.987029813
Colombia,COL,South America,Transport,Commercial/Retail,Transportation waiting,1485848.1192535304,1215693.9157528887,1215693.9157528887,994658.6583432725,339.7263745961499,413003286.6173262,337911779.9596305,32337458.15902684,26457920.31193105
Colombia,COL,South America,Manual,Industrial,Manufacturing,1650719.0642628232,802776.0417309513,1348035.2292454236,658131.507511033,416.278789762913,561158473.7880559,273966187.4515343,27432516.915144373,13392976.177849522
Colombia,COL,South America,Cleaning,Commercial/Retail,Office,1057370.5993365762,54256.55690677943,835928.3686914971,33910.34806673715,173.44246952421238,144985480.61119956,5881494.511120492,8986229.963433594,364536.24171742436
Colombia,COL,South America,Tech,Commercial/Retail,Office,646598.4713262958,153985.79198143378,623046.2835045904,149145.1974732799,173.44246952421238,108062686.0389187,25868111.367441986,6697747.547674347,1603310.8728377589
Colombia,COL,South America,ArmedForces,Correctional facilities,Dayroom,8600.130938744398,3440.05237549776,8600.130938744398,3440.05237549776,155.49262375916356,1337256.924337725,534902.7697350901,156952.38963208525,62780.955852834115
Costa Rica,CRI,Central America,Food,Industrial,Manufacturing,200777.2988618541,178354.5173251659,42698.49207200644,20275.710535318252,416.278789762913,17774476.604436178,8440348.243225427,868914.3136653311,412610.7093937265
Costa Rica,CRI,Central America,Health,Health care,Group treatment area,93363.11155244644,49937.49510696688,91876.14123832309,48887.86900287982,494.6359941082607,45445246.45624891,24181699.684073884,2871129.4136975966,1527745.9063399944
Costa Rica,CRI,Central America,Retail,Commercial/Retail,Retail,218816.28373344653,15981.661139338928,159816.6113933893,12293.585491799176,183.9890348898506,29404504.089635994,2261884.9299719995,2573047.443433568,197926.72641796677
Costa Rica,CRI,Central America,Security,Commercial/Retail,Office,71622.01979516874,57297.615836135,71622.01979516874,57297.615836135,173.44246952421238,12422299.985586092,9937839.988468874,769936.712798064,615949.3702384513
Costa Rica,CRI,Central America,Transport,Commercial/Retail,Transportation waiting,148828.39793688236,121768.68922108562,121768.68922108562,99628.9275445246,339.7263745961499,41368035.328404695,33846574.359603845,3239047.1332808775,2650129.4726843545
Costa Rica,CRI,Central America,Manual,Industrial,Manufacturing,154758.22839797902,78008.07554924111,125048.78439220368,63664.60513754524,416.278789762913,52055156.62810999,26502224.777391065,2544742.762381345,1295574.7145490458
Costa Rica,CRI,Central America,Cleaning,Commercial/Retail,Office,102296.44748988346,6506.883172710178,79824.63693097774,4066.8019829438613,173.44246952421238,13844982.158182424,705356.1789877472,858114.8470080107,43718.12131664651
Costa Rica,CRI,Central America,Tech,Commercial/Retail,Office,43576.273477601775,9633.369786112768,42537.231435495225,9339.88704243549,173.44246952421238,7377762.46689525,1619933.0737172037,457275.23793157365,100403.78570618152
Costa Rica,CRI,Central America,ArmedForces,Correctional facilities,Dayroom,4169.23298385175,1667.6931935407,4169.23298385175,1667.6931935407,155.49262375916356,648284.975722355,259313.990288942,76088.50195529443,30435.400782117773
Cyprus,CYP,Western Asia,Food,Industrial,Manufacturing,24844.72671351115,15729.863672710226,10135.456979937144,1020.5939391362178,416.278789762913,4219175.765302303,424851.60982298886,206256.5495417209,20769.086661422036
Cyprus,CYP,Western Asia,Health,Health care,Group treatment area,31884.157825519935,16597.475567633363,31654.083763125895,16435.070347119923,494.6359941082607,15657249.18975993,8129377.35938686,989190.1175976843,513595.9483474976
Cyprus,CYP,Western Asia,Retail,Commercial/Retail,Retail,43968.852235063096,3382.2194026971615,33822.194026971614,2601.7072328439704,183.9890348898506,6222912.836879777,478685.60283690586,544537.323834243,41887.486448787924
Cyprus,CYP,Western Asia,Security,Commercial/Retail,Office,13435.962639347865,10748.770111478292,13435.962639347865,10748.770111478292,173.44246952421238,2330366.5406035483,1864293.2324828387,144436.59837298954,115549.27869839164
Cyprus,CYP,Western Asia,Transport,Commercial/Retail,Transportation waiting,24460.75995064061,20013.34905052414,20013.34905052414,16374.558314065203,339.7263745961499,6799062.516461865,5562869.331650617,532355.0847439421,435563.25115413446
Cyprus,CYP,Western Asia,Manual,Industrial,Manufacturing,29250.269377841858,12927.284097560076,24691.709539625004,11403.88062458536,416.278789762913,10278634.96433247,4747193.6250031255,502476.28913136886,232068.97071031207
Cyprus,CYP,Western Asia,Cleaning,Commercial/Retail,Office,28856.729636124703,764.9388089622623,23409.825689302037,478.08675560141387,173.44246952421238,4060257.9786838926,82920.5475383278,251655.6261599969,5139.432622715199
Cyprus,CYP,Western Asia,Tech,Commercial/Retail,Office,20696.708017488985,5045.227957689298,19884.540223678436,4885.283777117256,173.44246952421238,3448823.7617483223,847315.6826297889,213758.8074045432,52516.8006040105
Cyprus,CYP,Western Asia,ArmedForces,Correctional facilities,Dayroom,4320.233604461813,1728.0934417847252,4320.233604461813,1728.0934417847252,155.49262375916356,671764.4584102758,268705.7833641103,78844.2632814281,31537.705312571234
Czechia,CZE,Eastern Europe,Food,Industrial,Manufacturing,86230.83908705362,77135.7082185112,10598.281585471404,1503.1507169289764,416.278789762913,4411839.831966603,625729.7612744493,215675.0302643431,30589.11708950467
Czechia,CZE,Eastern Europe,Health,Health care,Group treatment area,344242.14800940215,180105.51210118175,339092.63390740496,176470.56097036027,494.6359941082607,167727422.06757778,87288691.35641658,10596644.809606405,5514705.030323759
Czechia,CZE,Eastern Europe,Retail,Commercial/Retail,Retail,249786.02403589,19214.309541222312,192143.09541222308,14780.238108632544,183.9890348898506,35352222.685643405,2719401.7450494925,3093503.836136792,237961.83354898397
Czechia,CZE,Eastern Europe,Security,Commercial/Retail,Office,92198.30843193192,73758.64674554556,92198.30843193192,73758.64674554556,173.44246952421238,15991102.300389286,12792881.840311432,991131.815643268,792905.4525146147
Czechia,CZE,Eastern Europe,Transport,Commercial/Retail,Transportation waiting,342765.6750329363,280444.64320876607,280444.64320876607,229454.70807989954,339.7263745961499,95274441.91222487,77951816.11000217,7459827.509353178,6103495.234925328
Czechia,CZE,Eastern Europe,Manual,Industrial,Manufacturing,439512.88668110233,253629.6703836627,394495.551519929,236591.6187596238,416.278789762913,164220130.75356895,98488072.7253047,8027984.473430556,4814639.441758344
Czechia,CZE,Eastern Europe,Cleaning,Commercial/Retail,Office,63735.90035670587,3770.2834736474115,49971.347402548716,2356.4271710296325,173.44246952421238,8667153.898950385,408704.54779733304,537191.9845773987,25331.59208856855
Czechia,CZE,Eastern Europe,Tech,Commercial/Retail,Office,177557.06947677885,84388.02163927534,168201.02547050436,81324.9400046329,173.44246952421238,29173201.234109223,14105198.428311942,1808161.023807922,874243.1050498036
Czechia,CZE,Eastern Europe,ArmedForces,Correctional facilities,Dayroom,6277.297310793424,2510.9189243173705,6277.297310793424,2510.9189243173705,155.49262375916356,976073.4289716111,390429.3715886446,114560.67592197999,45824.270368792015
Germany,DEU,Western Europe,Food,Industrial,Manufacturing,972015.715133299,640785.3204747852,352464.2611605215,21233.86650200759,416.278789762913,146723396.07058117,8839208.249442978,7172647.7146166125,432109.18331585446
Germany,DEU,Western Europe,Health,Health care,Group treatment area,3920169.968427409,2389333.0692076855,3785804.826613363,2294487.086750712,494.6359941082607,1872595333.9117525,1134935901.1235054,118306400.83166759,71702721.46095975
Germany,DEU,Western Europe,Retail,Commercial/Retail,Retail,2221954.295085643,170788.0983258208,1707880.9832582083,131375.4602506314,183.9890348898506,314231373.8164068,24171644.139723603,27496883.830457155,2115144.910035166
Germany,DEU,Western Europe,Security,Commercial/Retail,Office,474226.49787979363,379381.1983038349,474226.49787979363,379381.1983038349,173.44246952421238,82251014.90609008,65800811.924872056,5097934.852207782,4078347.881766225
Germany,DEU,Western Europe,Transport,Commercial/Retail,Transportation waiting,1160726.2023499778,949685.0746499819,949685.0746499819,777015.061077258,339.7263745961499,322633067.41891235,263972509.70638284,25261622.98568952,20668600.624655064
Germany,DEU,Western Europe,Manual,Industrial,Manufacturing,2390358.4128414514,1407417.1273175327,2099929.0635828716,1278300.654592304,416.278789762913,874155929.176245,532129449.4468238,42733556.44391144,26013418.320953388
Germany,DEU,Western Europe,Cleaning,Commercial/Retail,Office,695277.4245149506,31101.267495006105,553480.1308499539,19438.292184378817,173.44246952421238,95996960.72720021,3371425.3997918586,5949911.406637004,208961.64098207228
Germany,DEU,Western Europe,Tech,Commercial/Retail,Office,1420736.6621771012,601626.9462587392,1313932.403518949,579993.0807568643,173.44246952421238,227891680.85421044,100595432.23342648,14124773.337828701,6234925.618136291
Germany,DEU,Western Europe,ArmedForces,Correctional facilities,Dayroom,68577.85716988337,27431.14286795335,68577.85716988337,27431.14286795335,155.49262375916356,10663350.943126332,4265340.377250534,1251545.8933503714,500618.35734014865
Denmark,DNK,Northern Europe,Food,Industrial,Manufacturing,119816.48905270104,60152.29437519774,62458.861119508765,2794.6664420054512,416.278789762913,26000299.11679897,1163360.3642690554,1271037.8237820035,56871.46209481094
Denmark,DNK,Northern Europe,Health,Health care,Group treatment area,365118.3687232827,172865.02315855888,363342.54842084344,171611.5029450724,494.6359941082607,179722302.63997275,84885226.3596486,11354454.638151357,5362859.467033512
Denmark,DNK,Northern Europe,Retail,Commercial/Retail,Retail,185248.69989325883,14249.899991789143,142498.9999178914,10961.461532145495,183.9890348898506,26218253.46766174,2016788.7282816726,2294233.898678052,176479.53066754248
Denmark,DNK,Northern Europe,Security,Commercial/Retail,Office,26846.879459079813,21477.503567263855,26846.879459079813,21477.503567263855,173.44246952421238,4656389.072401654,3725111.257921324,288603.954185108,230883.16334808644
Denmark,DNK,Northern Europe,Transport,Commercial/Retail,Transportation waiting,74119.63973750998,60643.34160341725,60643.34160341725,49617.27949370502,339.7263745961499,20602142.58632481,16856298.4797203,1613112.886650899,1319819.6345325536
Denmark,DNK,Northern Europe,Manual,Industrial,Manufacturing,139498.6750273734,74212.57592776482,112380.64273901549,61707.87635759225,416.278789762913,46781677.95217566,25687680.088977974,2286946.0797389653,1255755.2838770023
Denmark,DNK,Northern Europe,Cleaning,Commercial/Retail,Office,53608.990897431526,4541.595694193974,40889.49600269796,2838.497308871234,173.44246952421238,7091975.164308345,492315.9829884579,439562.08202900307,30513.846070365766
Denmark,DNK,Northern Europe,Tech,Commercial/Retail,Office,95436.64549977615,45448.512042336944,89331.15181506376,43793.894737798066,173.44246952421238,15493815.576246986,7595721.253407106,960309.8820119353,470784.3684313292
Denmark,DNK,Northern Europe,ArmedForces,Correctional facilities,Dayroom,5585.629274227165,2234.2517096908664,5585.629274227165,2234.2517096908664,155.49262375916356,868524.1511955744,347409.6604782298,101937.73425464577,40775.09370185831
Dominican Republic,DOM,Caribbean,Food,Industrial,Manufacturing,373870.5620627053,274180.30989875365,116436.2867426982,16746.03457874652,416.278789762913,48469956.52973792,6971019.007768493,2369478.4352139086,340781.80367749167
Dominican Republic,DOM,Caribbean,Health,Health care,Group treatment area,141624.74508644006,76232.01633725835,139161.1600031678,74493.01510200737,494.6359941082607,68834118.71942563,36846926.57910309,4348786.250098994,2327906.7219377304
Dominican Republic,DOM,Caribbean,Retail,Commercial/Retail,Retail,559214.15554752,41793.871526002156,417938.71526002156,32149.13194307858,183.9890348898506,76896140.86379544,5915087.758753495,6728813.315686348,517601.0242835652
Dominican Republic,DOM,Caribbean,Security,Commercial/Retail,Office,122788.59048944405,98230.87239155524,122788.59048944405,98230.87239155524,173.44246952421238,21296756.363886394,17037405.091109116,1319977.3477615234,1055981.8782092188
Dominican Republic,DOM,Caribbean,Transport,Commercial/Retail,Transportation waiting,313342.2133560113,256370.90183673656,256370.90183673656,209758.01059369356,339.7263745961499,87095957.03293994,71260328.48149632,6819465.988857193,5579563.081792249
Dominican Republic,DOM,Caribbean,Manual,Industrial,Manufacturing,312881.3751484861,149533.10441826106,266223.1025139486,132060.10716978266,416.278789762913,110823030.92143443,54973821.588597715,5417640.136158854,2687423.180905077
Dominican Republic,DOM,Caribbean,Cleaning,Commercial/Retail,Office,200125.65406178165,4922.488937112764,162669.30427055742,3076.555585695478,173.44246952421238,28213765.848470986,533605.3984115333,1748695.0209084922,33072.97254622639
Dominican Republic,DOM,Caribbean,Tech,Commercial/Retail,Office,126383.7711268477,20849.56370346709,123678.21399319997,20289.599295190124,173.44246952421238,21451054.861324605,3519078.2074144944,1329540.8004268997,218113.19242329383
Dominican Republic,DOM,Caribbean,ArmedForces,Correctional facilities,Dayroom,17555.93312076321,7022.373248305286,17555.93312076321,7022.373248305286,155.49262375916356,2729818.103487872,1091927.2413951491,320395.7794539286,128158.31178157148
Ecuador,ECU,South America,Food,Industrial,Manufacturing,2617185.4072720385,2453229.5554738212,302642.0811467991,138686.22934858166,416.278789762913,125983479.27111883,57732135.71000936,6158766.351337362,2822264.7672436372
Ecuador,ECU,South America,Health,Health care,Group treatment area,159093.59115720054,85264.90128414231,156834.8833170567,83670.5192793349,494.6359941082607,77576178.4203854,41386450.48128821,4901090.103658021,2614703.7274792157
Ecuador,ECU,South America,Retail,Commercial/Retail,Retail,959473.2503063371,64431.28010347616,644312.8010347615,49562.523156520125,183.9890348898506,118546490.42956209,9118960.80227401,10373436.09665966,797956.6228199741
Ecuador,ECU,South America,Security,Commercial/Retail,Office,145590.52037180794,116472.41629744637,145590.52037180794,116472.41629744637,173.44246952421238,25251579.39260152,20201263.51408122,1565098.0939969353,1252078.4751975485
Ecuador,ECU,South America,Transport,Commercial/Retail,Transportation waiting,398621.8493241502,326145.1494470321,326145.1494470321,266846.0313657535,339.7263745961499,110800109.21375972,90654634.81125794,8675460.975291053,7098104.434329043
Ecuador,ECU,South America,Manual,Industrial,Manufacturing,495060.99075186497,234321.49735458175,395913.27580511215,188233.7484430561,416.278789762913,164810299.30322248,78357716.994412,8056835.162634033,3830556.780816192
Ecuador,ECU,South America,Cleaning,Commercial/Retail,Office,229796.2211528716,12585.859541349719,181008.63467626827,7866.162213343574,173.44246952421238,31394584.60345795,1364326.599960354,1945842.8227698838,84561.24379344343
Ecuador,ECU,South America,Tech,Commercial/Retail,Office,169498.42518157882,32652.489103034462,162828.70131069256,31696.900854248957,173.44246952421238,28241412.064746875,5497588.760425056,1750408.539089945,340741.6841831763
Ecuador,ECU,South America,ArmedForces,Correctional facilities,Dayroom,13276.5305600435,5310.612224017401,13276.5305600435,5310.612224017401,155.49262375916356,2064402.5711998811,825761.0284799526,242296.68272079388,96918.67308831756
Egypt,EGY,Northern Africa,Food,Industrial,Manufacturing,5065544.596373283,4973456.138802839,106037.86596114295,13949.40839069805,416.278789762913,44141314.51134657,5806842.8427884085,2157870.5723092593,283870.46075070533
Egypt,EGY,Northern Africa,Health,Health care,Group treatment area,758363.9120546283,460869.1753132471,735682.0443031042,444858.4451357007,494.6359941082607,363894819.33146346,220042999.24715248,22990063.884472005,13901826.410490647
Egypt,EGY,Northern Africa,Retail,Commercial/Retail,Retail,3410931.1731101726,245089.65754613167,2450896.575461316,188530.5058047166,183.9890348898506,450938095.5339674,34687545.810305186,39459434.86492719,3035341.1434559375
Egypt,EGY,Northern Africa,Security,Commercial/Retail,Office,501051.71776908176,400841.37421526544,501051.71776908176,400841.37421526544,173.44246952421238,86903647.28921823,69522917.83137459,5386305.966017629,4309044.772814103
Egypt,EGY,Northern Africa,Transport,Commercial/Retail,Transportation waiting,2480193.8385412623,2029249.504261033,2029249.504261033,1660295.048940846,339.7263745961499,689389577.2336352,564046017.7366109,53978036.81334348,44163848.30182651
Egypt,EGY,Northern Africa,Manual,Industrial,Manufacturing,2524169.5074333753,908280.0300274966,2197632.5315379743,831668.0411878199,416.278789762913,914827810.5722346,346205765.67015815,44721822.01679778,16924444.638172135
Egypt,EGY,Northern Africa,Cleaning,Commercial/Retail,Office,537805.1424205658,82603.78229743085,379334.4667692792,51627.36393589429,173.44246952421238,65792706.69211406,8954377.496066768,4077845.5177697516,554994.1623108636
Egypt,EGY,Northern Africa,Tech,Commercial/Retail,Office,1005219.9951792534,247175.9760364858,829168.2805880967,238745.33806591076,173.44246952421238,143812994.23634455,41408581.02154451,8913559.016322039,2566512.384208541
Egypt,EGY,Northern Africa,ArmedForces,Correctional facilities,Dayroom,59518.39816419546,23807.359265678188,59518.39816419546,23807.359265678188,155.49262375916356,9254671.892493336,3701868.756997335,1086210.766496567,434484.30659862695
Spain,ESP,Southern Europe,Food,Industrial,Manufacturing,1009702.4230101453,771837.0692898997,293886.3121080805,56020.958387834704,416.278789762913,122338638.33223747,23320336.75904634,5980586.451399438,1140026.5031924364
Spain,ESP,Southern Europe,Health,Health care,Group treatment area,1813248.9615077048,906533.5080660027,1797263.8149288115,895249.8751867838,494.6359941082607,888991373.7721177,442822811.9883112,56164494.21652536,27976558.599586993
Spain,ESP,Southern Europe,Retail,Commercial/Retail,Retail,2095899.977999336,161005.459242438,1610054.5924243801,123850.35326341385,183.9890348898506,296232390.58013344,22787106.96770257,25921878.938032523,1993990.6875409633
Spain,ESP,Southern Europe,Security,Commercial/Retail,Office,471445.82566496596,377156.66053197277,471445.82566496596,377156.66053197277,173.44246952421238,81768728.250213,65414982.6001704,5068042.6258983845,4054434.1007187073
Spain,ESP,Southern Europe,Transport,Commercial/Retail,Transportation waiting,1058603.8715811458,866130.440384574,866130.440384574,708652.1784964696,339.7263745961499,294247354.4392181,240747835.45026934,23039069.71422967,18850147.948006094
Spain,ESP,Southern Europe,Manual,Industrial,Manufacturing,1365090.0997381904,698805.5417850105,1146297.4564446693,608556.5773439411,416.278789762913,477179317.8770924,253329195.51899636,23327153.23864902,12384126.348949201
Spain,ESP,Southern Europe,Cleaning,Commercial/Retail,Office,748763.0041749538,22598.330914368653,605137.2277171544,14123.956821480406,173.44246952421238,104956495.17629893,2449693.950570907,6505225.19795941,151832.53583091436
Spain,ESP,Southern Europe,Tech,Commercial/Retail,Office,577907.0227190567,187987.45248587013,556102.3759679713,181598.58681485808,173.44246952421238,96451769.39616695,31496907.35927606,5978100.541655691,1952184.8082597244
Spain,ESP,Southern Europe,ArmedForces,Correctional facilities,Dayroom,43171.561029305965,17268.624411722387,43171.561029305965,17268.624411722387,155.49262375916356,6712859.296225641,2685143.7184902565,787880.9887848338,315152.39551393356
Estonia,EST,Northern Europe,Food,Industrial,Manufacturing,18441.90297038987,11952.05273305136,6977.878771949018,488.02853461050483,416.278789762913,2904742.930299259,203155.92775742884,141999.83300916254,9931.380679323775
Estonia,EST,Northern Europe,Health,Health care,Group treatment area,41748.11445100995,21257.87953294328,41347.70230996894,20975.235668679037,494.6359941082607,20452061.836183913,10375106.546632104,1292115.6971865294,655476.1146462199
Estonia,EST,Northern Europe,Retail,Commercial/Retail,Retail,30015.939054936658,2308.9183888412813,23089.183888412812,1776.0910683394472,183.9890348898506,4248156.6600233605,326781.28154025855,371735.8606034463,28595.066200265104
Estonia,EST,Northern Europe,Security,Commercial/Retail,Office,6819.689335892601,5455.751468714082,6819.689335892601,5455.751468714082,173.44246952421238,1182823.7598051487,946259.0078441191,73311.66036084546,58649.328288676385
Estonia,EST,Northern Europe,Transport,Commercial/Retail,Transportation waiting,38211.13428344513,31263.65532281874,31263.65532281874,25579.354355033516,339.7263745961499,10621088.279444836,8689981.319545776,831613.2315869785,680410.8258438916
Estonia,EST,Northern Europe,Manual,Industrial,Manufacturing,51240.16588832517,27891.898221870993,45303.66282608841,25710.28796586644,416.278789762913,18858953.933071155,10702647.558886867,921929.5385108992,523204.36010538205
Estonia,EST,Northern Europe,Cleaning,Commercial/Retail,Office,18441.172584382686,2258.7831730475514,13485.324509445945,1411.7394831547197,173.44246952421238,2338927.9852536926,244855.5822831898,144967.23847654392,15176.199443913236
Estonia,EST,Northern Europe,Tech,Commercial/Retail,Office,19835.565399866733,7464.550436831041,18481.953807487225,7201.324709393287,173.44246952421238,3205555.710003004,1249015.5414429028,198681.00343048768,77414.24062597784
Estonia,EST,Northern Europe,ArmedForces,Correctional facilities,Dayroom,1213.943200603275,485.57728024131006,1213.943200603275,485.57728024131006,155.49262375916356,188759.21335639988,75503.68534255995,22154.46341100977,8861.785364403908
Ethiopia,ETH,Eastern Africa,Food,Industrial,Manufacturing,32756164.80281232,32041085.483454503,1729529.5218616521,1014450.2025038335,416.278789762913,719966456.2197981,422294102.5730378,35195925.76988462,20644061.620953012
Ethiopia,ETH,Eastern Africa,Health,Health care,Group treatment area,365053.6273856687,219323.53014641206,355159.71844486566,212339.59442349218,494.6359941082607,175674780.40018612,105030806.37620895,11098741.201402051,6635612.32573413
Ethiopia,ETH,Eastern Africa,Retail,Commercial/Retail,Retail,5318713.541595389,310574.1227735573,3105741.2277355725,238903.17136427484,183.9890348898506,571422331.1086876,43955563.931437515,50002433.766542725,3846341.0589648252
Ethiopia,ETH,Eastern Africa,Security,Commercial/Retail,Office,302721.2459112791,242176.9967290233,302721.2459112791,242176.9967290233,173.44246952421238,52504720.46829863,42003776.37463891,3254253.3935462506,2603402.7148370002
Ethiopia,ETH,Eastern Africa,Transport,Commercial/Retail,Transportation waiting,491890.0507036033,402455.4960302209,402455.4960302209,329281.76947927166,339.7263745961499,136724746.60264215,111865701.76579814,10705316.194403876,8758895.068148626
Ethiopia,ETH,Eastern Africa,Manual,Industrial,Manufacturing,1641316.6917687135,699321.1263786715,1303025.9131675556,528207.842908793,416.278789762913,542422050.1631045,219881721.5893512,26516577.332959756,10749029.603193939
Ethiopia,ETH,Eastern Africa,Cleaning,Commercial/Retail,Office,3088306.414278237,695360.8259663214,1994121.3235932628,434600.51622895093,173.44246952421238,345865326.8949065,75378186.79124679,21436804.228627574,4671955.549461222
Ethiopia,ETH,Eastern Africa,Tech,Commercial/Retail,Office,1026018.0282125724,104796.42333471884,1002570.5838297595,102880.3821713471,173.44246952421238,173888317.93176487,17843827.549393192,10777633.776169915,1105964.1083419812
Ethiopia,ETH,Eastern Africa,ArmedForces,Correctional facilities,Dayroom,41693.231561855355,16677.292624742146,41693.231561855355,16677.292624742146,155.49262375916356,6482989.968551259,2593195.987420504,760901.4760038602,304360.5904015442
Finland,FIN,Northern Europe,Food,Industrial,Manufacturing,100763.39985087211,72025.03755375012,29639.540819411875,901.1785222898889,416.278789762913,12338312.181433234,375141.50461916527,603164.6556750317,18338.98292859924
Finland,FIN,Northern Europe,Health,Health care,Group treatment area,334775.4915100567,170291.27894629282,328865.0579940037,166119.20822907888,494.6359941082607,162668494.88833484,82168539.7028676,10277033.062312616,5191225.257158715
Finland,FIN,Northern Europe,Retail,Commercial/Retail,Retail,156833.5207934793,11767.028564363462,117670.2856436346,9051.56043412574,183.9890348898506,21650042.290785372,1665387.868521952,1894491.5988625174,145730.12298942445
Finland,FIN,Northern Europe,Security,Commercial/Retail,Office,21797.814322441747,17438.2514579534,21797.814322441747,17438.2514579534,173.44246952421238,3780666.746314543,3024533.3970516347,234326.50396624877,187461.20317299906
Finland,FIN,Northern Europe,Transport,Commercial/Retail,Transportation waiting,111308.06203352415,91070.2325728834,91070.2325728834,74512.00846872278,339.7263745961499,30938959.94561388,25313694.50095681,2422468.1864386983,1982019.425268026
Finland,FIN,Northern Europe,Manual,Industrial,Manufacturing,145465.5087859664,80344.81864371974,126440.1521657092,72738.5561401863,416.278789762913,52634353.520979986,30279518.119138453,2573057.096572182,1480229.6174527912
Finland,FIN,Northern Europe,Cleaning,Commercial/Retail,Office,42154.01547861898,1763.3283259939626,33658.90596052084,1102.0802037462267,173.44246952421238,5837883.771275966,191147.5121514927,361833.239075599,11847.362190271937
Finland,FIN,Northern Europe,Tech,Commercial/Retail,Office,90021.19847499629,36696.298639290675,84152.53216709699,35387.547442461575,173.44246952421238,14595622.995777022,6137703.618825762,904639.7207962926,380416.13500646193
Finland,FIN,Northern Europe,ArmedForces,Correctional facilities,Dayroom,6084.006721833874,2433.6026887335506,6084.006721833874,2433.6026887335506,155.49262375916356,946018.1681463366,378407.26725853485,111033.1226734682,44413.2490693873
Fiji,FJI,Melanesia,Food,Industrial,Manufacturing,95567.98300109952,95567.98300109952,1645.0981636112656,1645.0981636112656,416.278789762913,684819.4725892883,684819.4725892883,33477.747629489255,33477.747629489255
Fiji,FJI,Melanesia,Health,Health care,Group treatment area,6665.071159261495,4055.3047065916217,6494.412038243716,3934.8394446967172,494.6359941082607,3212369.954685336,1946313.2203839573,202950.3761951161,122963.73264677242
Fiji,FJI,Melanesia,Retail,Commercial/Retail,Retail,23358.814864552685,1796.831912657899,17968.31912657899,1382.1783943522298,183.9890348898506,3305973.6946921116,254305.66882247006,289289.9379379218,22253.0721490709
Fiji,FJI,Melanesia,Security,Commercial/Retail,Office,6907.04146178659,5525.633169429272,6907.04146178659,5525.633169429272,173.44246952421238,1197974.328238392,958379.4625907136,74250.69571420584,59400.55657136467
Fiji,FJI,Melanesia,Transport,Commercial/Retail,Transportation waiting,20727.69843632829,16959.02599335951,16959.02599335951,13875.566721839601,339.7263745961499,5761428.417405897,4713895.977877553,451110.091423363,369090.0748009334
Fiji,FJI,Melanesia,Manual,Industrial,Manufacturing,28744.18512379214,16118.706143801706,24470.017964914492,14504.180702511116,416.278789762913,10186349.463911343,6037782.789343924,497964.8655860099,295160.0772961012
Fiji,FJI,Melanesia,Cleaning,Commercial/Retail,Office,12071.627954065581,25.262698015958904,10038.637713374686,15.789186259974315,173.44246952421238,1741126.115666598,2738.515456707708,107915.35541877788,169.7337522947239
Fiji,FJI,Melanesia,Tech,Commercial/Retail,Office,21271.66799829454,4166.15735630365,21141.94808452787,4046.41589744211,173.44246952421238,3666911.6863332056,701820.3659743916,227275.9419086746,43498.97089750268
Fiji,FJI,Melanesia,ArmedForces,Correctional facilities,Dayroom,685.5100008191315,274.2040003276526,685.5100008191315,274.2040003276526,155.49262375916356,106591.74864051312,42636.69945620524,12510.55751494915,5004.223005979659
France,FRA,Western Europe,Food,Industrial,Manufacturing,1124692.3648974411,877464.2369632925,271932.0434701868,24703.91553603808,416.278789762913,113199541.95352522,10283716.061747156,5533817.084618302,502724.68115837494
France,FRA,Western Europe,Health,Health care,Group treatment area,3152978.7391758496,1660728.9312497943,3098651.6357799275,1622380.3876762022,494.6359941082607,1532704632.2591927,802487735.8799638,96832863.61812273,50699387.11488132
France,FRA,Western Europe,Retail,Commercial/Retail,Retail,1246181.7022751595,95860.13094424305,958601.3094424306,73738.56226480234,183.9890348898506,176372129.76845983,13567086.905266138,15433481.082023134,1187190.8524633178
France,FRA,Western Europe,Security,Commercial/Retail,Office,445040.7147147893,356032.5717718315,445040.7147147893,356032.5717718315,173.44246952421238,77188960.59895355,61751168.47916284,4784187.683183985,3827350.1465471885
France,FRA,Western Europe,Transport,Commercial/Retail,Transportation waiting,1101655.7287339724,901354.6871459774,901354.6871459774,737472.0167557998,339.7263745961499,306213960.08934987,250538694.61855897,23976034.678083,19616755.645704273
France,FRA,Western Europe,Manual,Industrial,Manufacturing,2352249.3042186294,1190655.8479316342,2022736.7274198006,1058521.8103780034,416.278789762913,842022396.8993099,440640178.16180295,41162692.40299294,21540918.841192372
France,FRA,Western Europe,Cleaning,Commercial/Retail,Office,949172.916808814,40704.21844813877,757057.248633896,25440.136530086726,173.44246952421238,131305878.77426858,4412400.104811369,8138365.422814382,273481.4676984323
France,FRA,Western Europe,Tech,Commercial/Retail,Office,1277600.9871101894,537342.1874973426,1173532.56275372,518004.2709219237,173.44246952421238,203540385.75108293,89843939.9727876,12615475.04960249,5568545.912410679
France,FRA,Western Europe,ArmedForces,Correctional facilities,Dayroom,84078.1670193489,33631.266807739565,84078.1670193489,33631.266807739565,155.49262375916356,13073534.790699733,5229413.916279894,1534426.5481031174,613770.6192412471
Gabon,GAB,Middle Africa,Food,Industrial,Manufacturing,111769.40251068403,106798.43385125656,6416.121524189177,1445.1528647617006,416.278789762913,2670895.3030612473,601586.4855654074,130568.07301724976,29408.86079790061
Gabon,GAB,Middle Africa,Health,Health care,Group treatment area,24196.927424758196,14647.24162085382,23503.807058650113,14157.980185953998,494.6359941082607,11625828.969784154,7003046.6038444135,734493.970582816,442436.88081106247
Gabon,GAB,Middle Africa,Retail,Commercial/Retail,Retail,138101.60538253374,9738.685467882155,97386.85467882153,7491.296513755503,183.9890348898506,17918113.403314505,1378316.4156395772,1567928.3603290268,120609.87387146361
Gabon,GAB,Middle Africa,Security,Commercial/Retail,Office,12680.545525024694,10144.436420019756,12680.545525024694,10144.436420019756,173.44246952421238,2199345.130774483,1759476.1046195866,136315.86439401546,109052.69151521238
Gabon,GAB,Middle Africa,Transport,Commercial/Retail,Transportation waiting,28765.713038743772,23535.58339533582,23535.58339533582,19256.386414365672,339.7263745961499,7995658.420902783,6541902.344375005,626046.5183159328,512219.8786221269
Gabon,GAB,Middle Africa,Manual,Industrial,Manufacturing,67960.99412061207,30141.971996239557,56563.874392727594,25475.570204679574,416.278789762913,23546341.17650607,10604939.53332414,1151074.8438920067,518427.85366522934
Gabon,GAB,Middle Africa,Cleaning,Commercial/Retail,Office,40927.672477325854,3360.1318571600555,31306.28385013816,2100.0824107250346,173.44246952421238,5429839.1825939305,364243.4795205113,336542.5513889852,22575.885915294122
Gabon,GAB,Middle Africa,Tech,Commercial/Retail,Office,47330.99570405235,5183.793838688846,42547.313859371185,5065.531886620252,173.44246952421238,7379511.187391086,878578.3598690592,457383.62398824026,54454.46778116771
Gabon,GAB,Middle Africa,ArmedForces,Correctional facilities,Dayroom,19753.508572859522,7901.40342914381,19753.508572859522,7901.40342914381,155.49262375916356,3071524.876443058,1228609.9505772232,360501.5314546863,144200.61258187453
United Kingdom,GBR,Northern Europe,Food,Industrial,Manufacturing,1452542.0694136466,663532.5529100624,844736.8089585312,55727.29245494712,416.278789762913,351646016.50144243,23198089.8599093,17190394.062306114,1134050.401458174
United Kingdom,GBR,Northern Europe,Health,Health care,Group treatment area,3659346.5785039277,1776188.426567014,3632714.084032726,1757389.01870499,494.6359941082607,1796871142.2666073,869267864.3020835,113522315.12602268,54918406.834530935
United Kingdom,GBR,Northern Europe,Retail,Commercial/Retail,Retail,1400555.1812172486,105016.93773362486,1050169.3773362485,80782.25979509603,183.9890348898506,193219650.2069717,14863050.015920898,16907726.975113604,1300594.3827010463
United Kingdom,GBR,Northern Europe,Security,Commercial/Retail,Office,564861.2980999663,451889.03847997315,564861.2980999663,451889.03847997315,173.44246952421238,97970938.48111044,78376750.78488839,6072258.954574637,4857807.163659711
United Kingdom,GBR,Northern Europe,Transport,Commercial/Retail,Transportation waiting,1006544.8754291579,823536.71626022,823536.71626022,673802.7678492711,339.7263745961499,279777142.96190274,228908571.5142841,21906076.652521852,17923153.624790613
United Kingdom,GBR,Northern Europe,Manual,Industrial,Manufacturing,1200916.4279837925,600994.7811516566,981809.6720533023,506438.39968018135,416.278789762913,408706542.0598712,210819564.1083323,19979826.826284703,10306021.433491692
United Kingdom,GBR,Northern Europe,Cleaning,Commercial/Retail,Office,491679.06136037747,42775.70215323946,374086.132672615,26734.81384577466,173.44246952421238,64882422.6655005,4636952.135681263,4021425.9262306113,287399.2488420776
United Kingdom,GBR,Northern Europe,Tech,Commercial/Retail,Office,763077.5976203339,217713.18289593025,585119.0766265794,209896.85875056425,173.44246952421238,101484497.6158408,36405029.52707265,6290030.073735729,2256391.2315685656
United Kingdom,GBR,Northern Europe,ArmedForces,Correctional facilities,Dayroom,59378.92431992015,23751.569727968064,59378.92431992015,23751.569727968064,155.49262375916356,9232984.738501191,3693193.895400477,1083665.3688385428,433466.14753541717
Georgia,GEO,Western Asia,Food,Industrial,Manufacturing,576889.8114936247,570142.5517950929,10662.479591518551,3915.2198929867873,416.278789762913,4438564.100229101,1629822.9987082216,216981.45968740253,79674.72482228113
Georgia,GEO,Western Asia,Health,Health care,Group treatment area,70823.18540169639,41382.616525627804,68808.17143436403,39960.253725157905,494.6359941082607,34034998.28020828,19765779.82616181,2150255.357323876,1248757.9289111844
Georgia,GEO,Western Asia,Retail,Commercial/Retail,Retail,114933.3963042632,8771.598660264555,87715.98660264554,6747.383584818887,183.9890348898506,16138779.719431818,1241444.5938024474,1412227.3843025933,108632.8757155841
Georgia,GEO,Western Asia,Security,Commercial/Retail,Office,43520.13776069049,34816.110208552396,43520.13776069049,34816.110208552396,173.44246952421238,7548240.167248085,6038592.133798469,467841.4809274228,374273.18474193825
Georgia,GEO,Western Asia,Transport,Commercial/Retail,Transportation waiting,73813.81177582355,60393.11872567382,60393.11872567382,49412.551684642225,339.7263745961499,20517135.27522802,16786747.043368384,1606456.9581029236,1314373.8748114833
Georgia,GEO,Western Asia,Manual,Industrial,Manufacturing,74449.43314243399,32603.19045610451,61449.30695567404,27585.619980466246,416.278789762913,25580043.13127774,11483308.50032812,1250493.3965479666,561367.3666024882
Georgia,GEO,Western Asia,Cleaning,Commercial/Retail,Office,39392.935355189205,4248.108334718038,29287.355850392636,2655.0677091987745,173.44246952421238,5079671.324526488,460501.5002374288,314839.07539172086,28541.977873886826
Georgia,GEO,Western Asia,Tech,Commercial/Retail,Office,26434.24896850689,7707.811590024909,23353.360902231758,7443.240058852815,173.44246952421238,4050464.5865732646,1290973.9370689762,251048.6296989914,80014.83063266777
Georgia,GEO,Western Asia,ArmedForces,Correctional facilities,Dayroom,4177.039797771711,1670.815919108685,4177.039797771711,1670.815919108685,155.49262375916356,649498.8777019694,259799.55108078782,76230.97630933372,30492.390523733502
Ghana,GHA,Western Africa,Food,Industrial,Manufacturing,5291030.062323395,5262961.547974052,50894.34342741189,22825.829078068127,416.278789762913,21186235.687741086,9501908.503953308,1035699.888747832,464505.6217386864
Ghana,GHA,Western Africa,Health,Health care,Group treatment area,144595.66358848484,85205.87304391693,141282.4798542704,82867.15511388324,494.6359941082607,69883399.87279736,40989077.64867908,4415077.49544595,2589598.5973088513
Ghana,GHA,Western Africa,Retail,Commercial/Retail,Retail,2183494.2831389736,159351.521629135,1593515.2162913494,122578.09356087305,183.9890348898506,293189326.7277369,22553025.132902842,25655594.982290726,1973507.3063300564
Ghana,GHA,Western Africa,Security,Commercial/Retail,Office,134304.2992282301,107443.43938258411,134304.2992282301,107443.43938258411,173.44246952421238,23294069.325863004,18635255.460690405,1443771.2167034738,1155016.9733627792
Ghana,GHA,Western Africa,Transport,Commercial/Retail,Transportation waiting,425555.5926336499,348181.84851844073,348181.84851844073,284876.0578787243,339.7263745961499,118286557.09735572,96779910.35238197,9261637.170590524,7577703.139574067
Ghana,GHA,Western Africa,Manual,Industrial,Manufacturing,1029615.9383267716,417536.7235492842,916383.3810253462,379039.6579847501,416.278789762913,381470964.8120775,157786170.09804022,18648401.803865798,7713457.039989665
Ghana,GHA,Western Africa,Cleaning,Commercial/Retail,Office,99887.0294411109,14216.394041779464,71392.19616610954,8885.246276112164,173.44246952421238,12382438.807807047,1541079.0564597056,767466.1087856776,95516.39746820576
Ghana,GHA,Western Africa,Tech,Commercial/Retail,Office,172802.155290144,25190.972629084055,171327.18487053123,24570.3147625517,173.44246952421238,29715410.040576212,4261536.069404179,1841767.2373582106,264130.8836974308
Ghana,GHA,Western Africa,ArmedForces,Correctional facilities,Dayroom,24549.506505772435,9819.802602308977,24549.506505772435,9819.802602308977,155.49262375916356,3817267.178575211,1526906.871430085,448028.49373034696,179211.39749213884
Guinea,GIN,Western Africa,Food,Industrial,Manufacturing,1612907.1192003663,1605031.9685824215,9679.210545623402,1804.059927678303,416.278789762913,4029250.0517925345,750991.8833536924,196971.93460343624,36712.61952825347
Guinea,GIN,Western Africa,Health,Health care,Group treatment area,52171.2435280923,30796.516274097095,51114.38363838215,30050.49752841934,494.6359941082607,25283013.96420217,14864057.71841753,1597324.488699442,939078.0477631043
Guinea,GIN,Western Africa,Retail,Commercial/Retail,Retail,1082996.3460768473,79212.86095673904,792128.6095673904,60932.96996672234,183.9890348898506,145742978.38294342,11210998.337149495,12753270.614034986,981020.8164642297
Guinea,GIN,Western Africa,Security,Commercial/Retail,Office,17017.253788454804,13613.803030763846,17017.253788454804,13613.803030763846,173.44246952421238,2951514.52158986,2361211.6172718885,182935.47822588915,146348.38258071133
Guinea,GIN,Western Africa,Transport,Commercial/Retail,Transportation waiting,94738.52816285142,77513.34122415118,77513.34122415118,63420.006456123694,339.7263745961499,26333326.396915175,21545448.870203324,2061854.8765624217,1686972.1717328904
Guinea,GIN,Western Africa,Manual,Industrial,Manufacturing,197591.76554488504,87681.27949368028,173864.7486013576,78642.78411269184,416.278789762913,72376207.13020626,32737322.9940174,3538147.6340376274,1600380.656693279
Guinea,GIN,Western Africa,Cleaning,Commercial/Retail,Office,47939.04062600627,7562.2250468040465,33647.34631600186,4726.390654252528,173.44246952421238,5835878.837983772,819756.8670097163,361708.97289702,50808.699533214676
Guinea,GIN,Western Africa,Tech,Commercial/Retail,Office,82347.41341604164,6463.664156638444,79995.75796248497,6387.532201441965,173.44246952421238,13874661.812474571,1107869.3591835233,859954.3980967135,68665.97116550113
Guinea,GIN,Western Africa,ArmedForces,Correctional facilities,Dayroom,18492.920682230706,7397.168272892283,18492.920682230706,7397.168272892283,155.49262375916356,2875512.7578501534,1150205.1031400615,337495.8024507104,134998.32098028416
Gambia,GMB,Western Africa,Food,Industrial,Manufacturing,178611.1090795543,177702.04448380464,2679.626453750468,1770.5618580008022,416.278789762913,1115471.6571839312,737047.3474489485,54530.39833382203,36030.933810316325
Gambia,GMB,Western Africa,Health,Health care,Group treatment area,9211.622475258657,5186.988761628729,9063.598153464873,5082.501005068411,494.6359941082607,4483181.882836893,2513987.9371982478,283237.44229577726,158828.15640838785
Gambia,GMB,Western Africa,Retail,Commercial/Retail,Retail,202483.92994230188,14469.286934741978,144692.86934741976,11130.22071903229,183.9890348898506,26621901.386675008,2047838.5682057699,2329555.1964934585,179196.5535764199
Gambia,GMB,Western Africa,Security,Commercial/Retail,Office,13872.695978097112,11098.15678247769,13872.695978097112,11098.15678247769,173.44246952421238,2406114.6493997723,1924891.7195198177,149131.48176454395,119305.18541163518
Gambia,GMB,Western Africa,Transport,Commercial/Retail,Transportation waiting,35010.140544903814,28644.660445830395,28644.660445830395,23436.540364770328,339.7263745961499,9731346.644799696,7962010.891199753,761947.9678590886,623411.9737028908
Gambia,GMB,Western Africa,Manual,Industrial,Manufacturing,78821.87664405878,31067.408823073438,65445.19021249939,26221.835897688317,416.278789762913,27243444.57746288,10915594.1128514,1331809.6208243626,533614.3605179572
Gambia,GMB,Western Africa,Cleaning,Commercial/Retail,Office,15493.72274202483,866.8327147432112,12189.075022734682,541.770446714507,173.44246952421238,2114103.273158998,93966.00419339981,131032.55649439782,5824.03230218095
Gambia,GMB,Western Africa,Tech,Commercial/Retail,Office,16072.744519025353,2982.5316752129133,15780.161962870085,2897.9999265395204,173.44246952421238,2736950.26033223,502636.2639400005,169636.7411008534,31153.499210299844
Gambia,GMB,Western Africa,ArmedForces,Correctional facilities,Dayroom,1106.0580747754063,442.4232299101625,1106.0580747754063,442.4232299101625,155.49262375916356,171983.87207683705,68793.54883073481,20185.559864651164,8074.223945860465
Guinea-Bissau,GNB,Western Africa,Food,Industrial,Manufacturing,475251.1037397249,473506.3665369059,30761.49245616181,29016.75525334278,416.278789762913,12805356.850952016,12079059.759708181,625996.3714828929,590490.9694055256
Guinea-Bissau,GNB,Western Africa,Health,Health care,Group treatment area,6734.632501486694,3829.2374641847136,6635.336247513181,3759.1459907916446,494.6359941082607,3282076.1410312583,1859408.914153308,207354.2577347869,117473.31221223889
Guinea-Bissau,GNB,Western Africa,Retail,Commercial/Retail,Retail,103580.5784827691,7479.834502304906,74798.34502304906,5753.718847926851,183.9890348898506,13762075.312148854,1058621.1778576043,1204253.3548710898,92634.8734516223
Guinea-Bissau,GNB,Western Africa,Security,Commercial/Retail,Office,7420.96624673665,5936.772997389321,7420.96624673665,5936.772997389321,173.44246952421238,1287110.71208983,1029688.5696718643,79775.38715241899,63820.3097219352
Guinea-Bissau,GNB,Western Africa,Transport,Commercial/Retail,Transportation waiting,16126.013314888465,13194.010893999653,13194.010893999653,10795.099822363354,339.7263745961499,4482353.487400609,3667380.1260550446,350960.6897803908,287149.6552748652
Guinea-Bissau,GNB,Western Africa,Manual,Industrial,Manufacturing,23903.278040907677,9679.92312402986,20193.724325845807,8147.552483610806,416.278789762913,8406219.123168988,3391653.2874073223,410942.2900309622,165802.6930414799
Guinea-Bissau,GNB,Western Africa,Cleaning,Commercial/Retail,Office,7566.657704316971,918.2487410534662,5540.340802719587,573.9054631584163,173.44246952421238,960930.3908294424,99539.5808036326,59558.66362923556,6169.483728952975
Guinea-Bissau,GNB,Western Africa,Tech,Commercial/Retail,Office,6904.559340596,477.9255611009793,6005.133955245088,471.2044314653357,173.44246952421238,1041545.2630214092,81726.8602441003,64555.1900188847,5065.447638252359
Guinea-Bissau,GNB,Western Africa,ArmedForces,Correctional facilities,Dayroom,3396.5885430944913,1358.635417237797,3396.5885430944913,1358.635417237797,155.49262375916356,528144.4643960772,211257.78575843095,61987.740911474466,24795.096364589794
Greece,GRC,Southern Europe,Food,Industrial,Manufacturing,430557.40200818103,386572.78866243456,49838.5369632924,5853.923617545881,416.278789762913,20746725.850633565,2436864.2388765328,1014214.2272030003,119127.34561705869
Greece,GRC,Southern Europe,Health,Health care,Group treatment area,213791.03776478174,113961.73469308032,212149.44936213884,112802.96640886176,494.6359941082607,104936753.78476167,55796407.42800808,6629670.292566839,3525092.70027693
Greece,GRC,Southern Europe,Retail,Commercial/Retail,Retail,550575.912134893,42287.753415685955,422877.53415685956,32529.0410889892,183.9890348898506,77804829.38612042,5984986.875855417,6808328.29992544,523717.56153272616
Greece,GRC,Southern Europe,Security,Commercial/Retail,Office,100083.09459204608,80066.47567363686,100083.09459204608,80066.47567363686,173.44246952421238,17358659.08366982,13886927.266935853,1075893.2668644954,860714.6134915962
Greece,GRC,Southern Europe,Transport,Commercial/Retail,Transportation waiting,226178.8520348146,185055.42439212106,185055.42439212106,151408.98359355357,339.7263745961499,62868208.42808722,51437625.0775259,4922474.28883042,4027478.963588525
Greece,GRC,Southern Europe,Manual,Industrial,Manufacturing,259233.92828447948,129807.33879952192,225969.00284534573,117545.19372596017,416.278789762913,94066103.02839276,48931570.98668985,4598469.207902786,2392044.69232329
Greece,GRC,Southern Europe,Cleaning,Commercial/Retail,Office,95693.08500769311,7629.202501778527,73386.56875492884,4768.2515636115795,173.44246952421238,12728347.714763263,827017.3265054794,788905.614115485,51258.70430882448
Greece,GRC,Southern Europe,Tech,Commercial/Retail,Office,159570.13817321806,30040.238087748225,153165.1631811282,29168.702856145937,173.44246952421238,26565344.147213846,5059091.856187899,1646525.5041971283,313563.55570356885
Greece,GRC,Southern Europe,ArmedForces,Correctional facilities,Dayroom,8214.96417584711,3285.985670338845,8214.96417584711,3285.985670338845,155.49262375916356,1277366.333790002,510946.5335160009,149923.09620920976,59969.23848368392
Grenada,GRD,Caribbean,Food,Industrial,Manufacturing,6878.2400929051455,6878.2400929051455,289.67351398350627,289.67351398350627,416.278789762913,120584.93982742424,120584.93982742424,5894.856009564353,5894.856009564353
Grenada,GRD,Caribbean,Health,Health care,Group treatment area,2825.6350999442398,1392.8359300118416,2790.9421265067895,1368.3467722912874,494.6359941082607,1380500.433243309,676833.5659971308,87216.94145333717,42760.83663410273
Grenada,GRD,Caribbean,Retail,Commercial/Retail,Retail,5627.067467070875,399.6216852763853,3996.216852763852,307.4012963664502,183.9890348898506,735260.0819505772,56558.4678423521,64339.09132949802,4949.160871499848
Grenada,GRD,Caribbean,Security,Commercial/Retail,Office,2186.373490435449,1749.0987923483597,2186.373490435449,1749.0987923483597,173.44246952421238,379210.0174833963,303368.01398671704,23503.51502218108,18802.812017744865
Grenada,GRD,Caribbean,Transport,Commercial/Retail,Transportation waiting,1925.742888735651,1575.607818056442,1575.607818056442,1289.1336693189069,339.7263745961499,535275.5318136653,437952.7078475442,41911.16796030136,34290.955603882925
Grenada,GRD,Caribbean,Manual,Industrial,Manufacturing,3890.807417479764,1786.6718588453189,3128.610318627008,1475.9946302531882,416.278789762913,1302374.1170778126,614425.2583783554,63667.219984059615,30036.490725652384
Grenada,GRD,Caribbean,Cleaning,Commercial/Retail,Office,1669.1460758387875,169.14013568499712,1250.0049501281585,105.71258480312319,173.44246952421238,216803.94546771774,18335.051768041412,13437.553213877703,1136.4102866335743
Grenada,GRD,Caribbean,Tech,Commercial/Retail,Office,1737.9860192882268,360.26442352971185,1688.4028567252426,349.50434202985224,173.44246952421238,292840.761022161,60618.89619109255,18150.33070979636,3757.1716768209117
Grenada,GRD,Caribbean,ArmedForces,Correctional facilities,Dayroom,102.04537950986744,40.81815180394699,102.04537950986744,40.81815180394699,155.49262375916356,15867.303802488877,6346.921520995553,1862.3281760550808,744.9312704220325
Guatemala,GTM,Central America,Food,Industrial,Manufacturing,1619269.1848918425,1574173.564810432,166677.4840780169,121581.86399660644,416.278789762913,69384301.35272408,50611951.20162641,3391886.800987644,2474190.9323309413
Guatemala,GTM,Central America,Health,Health care,Group treatment area,160572.4002666148,88638.20679855341,156887.8677802558,86037.3603375941,494.6359941082607,77602386.4430122,42557175.2610365,4902745.868132994,2688667.510549816
Guatemala,GTM,Central America,Retail,Commercial/Retail,Retail,1286298.5043657664,93982.82038269423,939828.2038269424,72294.47721745711,183.9890348898506,172918084.18438092,13301391.091106225,15131234.081613773,1163941.0832010596
Guatemala,GTM,Central America,Security,Commercial/Retail,Office,126629.39669199345,101303.51735359475,126629.39669199345,101303.51735359475,173.44246952421238,21962915.276620474,17570332.221296377,1361266.0144389295,1089012.8115511436
Guatemala,GTM,Central America,Transport,Commercial/Retail,Transportation waiting,284899.17399296374,233099.3241760613,233099.3241760613,190717.62887132287,339.7263745961499,79189988.32314599,64791808.628028534,6200442.0230832305,5073088.9279771885
Guatemala,GTM,Central America,Manual,Industrial,Manufacturing,1030861.8208005587,358319.70973787573,884680.7551452077,298631.88336433604,416.278789762913,368273834.078387,124314118.9915252,18003253.36720498,6077158.826464239
Guatemala,GTM,Central America,Cleaning,Commercial/Retail,Office,333305.03560743225,11826.019951987519,267899.17971287057,7391.2624699922,173.44246952421238,46465095.31291105,1281958.815697077,2879916.1819133586,79456.07155241615
Guatemala,GTM,Central America,Tech,Commercial/Retail,Office,165416.99280643897,34437.636873412535,157903.000695557,33395.678899405546,173.44246952421238,27387086.385920834,5792229.019750529,1697457.2574772378,359003.5481686096
Guatemala,GTM,Central America,ArmedForces,Correctional facilities,Dayroom,13392.121491267726,5356.848596507091,13392.121491267726,5356.848596507091,155.49262375916356,2082376.108378701,832950.4433514805,244406.217215636,97762.48688625441
Guyana,GUY,South America,Food,Industrial,Manufacturing,32407.501729777963,31127.5676792414,2887.0813667123803,1607.1473161758213,416.278789762913,1201830.7372820864,669021.3397483845,58752.10581259694,32705.447884177964
Guyana,GUY,South America,Health,Health care,Group treatment area,8692.260854044658,4875.127873201386,8513.01844898932,4748.6038225740895,494.6359941082607,4210845.343377796,2348830.3724052217,266031.82653091627,148393.8694554403
Guyana,GUY,South America,Retail,Commercial/Retail,Retail,37638.061674504745,2709.7960389831974,27097.960389831973,2084.4584915255364,183.9890348898506,4985727.579608584,383517.50612373726,436277.1622762948,33559.78171356114
Guyana,GUY,South America,Security,Commercial/Retail,Office,17024.211029955983,13619.368823964785,17024.211029955983,13619.368823964785,173.44246952421238,2952721.2027369007,2362176.9621895207,183010.2685720268,146408.21485762144
Guyana,GUY,South America,Transport,Commercial/Retail,Transportation waiting,20199.75747165063,16527.07429498688,16527.07429498688,13522.151695898358,339.7263745961499,5614683.032917113,4593831.5723867295,439620.17624665104,359689.23511089635
Guyana,GUY,South America,Manual,Industrial,Manufacturing,27139.612312747136,12162.559607156325,20970.221845429016,9446.989899309947,416.278789762913,8729458.57087499,3932581.522187208,426744.0145544805,192246.24445095743
Guyana,GUY,South America,Cleaning,Commercial/Retail,Office,10662.985780314066,1057.587857544869,8004.498268974329,660.9924109655432,173.44246952421238,1388319.947073191,114644.15609462689,86048.35639147404,7105.6684178795895
Guyana,GUY,South America,Tech,Commercial/Retail,Office,8124.240298402721,2483.4732884693335,7786.8324756719485,2400.0409193299183,173.44246952421238,1350567.4543518792,416269.02400774206,83708.44911347344,25800.43988279662
Guyana,GUY,South America,ArmedForces,Correctional facilities,Dayroom,978.4504322631913,391.38017290527654,978.4504322631913,391.38017290527654,155.49262375916356,152141.82493089137,60856.729972356545,17856.72038880324,7142.688155521297
Honduras,HND,Central America,Food,Industrial,Manufacturing,883480.8697954986,842584.2708091339,132829.38090028538,91932.78191392074,416.278789762913,55294053.92612779,38269667.19466474,2703077.9013208076,1870832.1119482873
Honduras,HND,Central America,Health,Health care,Group treatment area,103944.17856699172,54316.88962199443,102197.06889501854,53083.6357358957,494.6359941082607,50550348.767837904,26257076.933105566,3193658.4029693296,1658863.6167467406
Honduras,HND,Central America,Retail,Commercial/Retail,Retail,661370.1409612797,48819.687223911315,488196.8722391131,37553.60555685485,183.9890348898506,89822871.35951811,6909451.643039853,7859969.643049722,604613.0494653631
Honduras,HND,Central America,Security,Commercial/Retail,Office,79961.3406845257,63969.072547620555,79961.3406845257,63969.072547620555,173.44246952421238,13868692.394791013,11094953.91583281,859584.4123586513,687667.5298869209
Honduras,HND,Central America,Transport,Commercial/Retail,Transportation waiting,131707.1834393846,107760.42281404194,107760.42281404194,88167.61866603432,339.7263745961499,36609057.76756272,29952865.446187675,2866427.246853516,2345258.6565165133
Honduras,HND,Central America,Manual,Industrial,Manufacturing,414979.61665369454,195127.0323250208,339824.49020563276,161906.7058732992,416.278789762913,141461727.51459968,67398327.5754369,6915428.375684627,3294801.4645216386
Honduras,HND,Central America,Cleaning,Commercial/Retail,Office,133616.83929729988,6977.199077498219,105533.03351650138,4360.749423436387,173.44246952421238,18303909.949483477,756339.1489770922,1134480.1103023898,46878.05630194116
Honduras,HND,Central America,Tech,Commercial/Retail,Office,106584.97173527312,20894.58194165483,102517.74743210862,20279.420475227216,173.44246952421238,17780931.2846844,3517312.7677432853,1102065.7848951677,218003.77010869258
Honduras,HND,Central America,ArmedForces,Correctional facilities,Dayroom,8669.44003250596,3467.776013002385,8669.44003250596,3467.776013002385,155.49262375916356,1348033.97717708,539213.5908708321,158217.28059323377,63286.91223729352
Croatia,HRV,Southern Europe,Food,Industrial,Manufacturing,58653.9521136843,54080.18964227246,7557.782824300012,2984.020352888176,416.278789762913,3146144.6873905393,1242184.3811281906,153800.88047450525,60724.81418127439
Croatia,HRV,Southern Europe,Health,Health care,Group treatment area,95772.29408388275,54278.49173123217,93577.99758633292,52729.57655649111,494.6359941082607,46287045.862776205,26081946.51892762,2924312.4245729037,1647799.2673903473
Croatia,HRV,Southern Europe,Retail,Commercial/Retail,Retail,115899.42220320133,8893.282829678355,88932.82829678354,6840.986792060272,183.9890348898506,16362665.248349998,1258666.5575653843,1431818.535578215,110139.8873521704
Croatia,HRV,Southern Europe,Security,Commercial/Retail,Office,33798.872304434764,27039.097843547817,33798.872304434764,27039.097843547817,173.44246952421238,5862159.879614673,4689727.903691739,363337.8772726737,290670.30181813904
Croatia,HRV,Southern Europe,Transport,Commercial/Retail,Transportation waiting,84989.85187354237,69537.15153289831,69537.15153289831,56894.03307237134,339.7263745961499,23623604.390014652,19328403.591830168,1849688.230775095,1513381.2797250778
Croatia,HRV,Southern Europe,Manual,Industrial,Manufacturing,100323.20093443281,58900.518455438556,89686.54397307879,54421.67387604074,416.278789762913,37334605.98313152,22654588.537990175,1825121.1698521536,1107481.063377429
Croatia,HRV,Southern Europe,Cleaning,Commercial/Retail,Office,29848.40411270502,1887.6861946612985,23300.598265036435,1179.8038716633114,173.44246952421238,4041313.304479498,204628.09705551167,250481.43134914167,12682.891620380597
Croatia,HRV,Southern Europe,Tech,Commercial/Retail,Office,58724.84026639783,24325.869085391456,56603.4637726446,23463.463048490048,173.44246952421238,9817444.54035177,4069560.9747202187,608487.2355559295,252232.22777126802
Croatia,HRV,Southern Europe,ArmedForces,Correctional facilities,Dayroom,6336.048143484328,2534.4192573937316,6336.048143484328,2534.4192573937316,155.49262375916356,985208.7500947553,394083.5000379022,115632.87861858898,46253.1514474356
Hungary,HUN,Eastern Europe,Food,Industrial,Manufacturing,205170.15382481256,160602.5107411386,52680.931233805575,8113.288150131592,416.278789762913,21929954.297591828,3377389.7721345625,1072056.9506079436,165105.4138551779
Hungary,HUN,Eastern Europe,Health,Health care,Group treatment area,240006.31859565977,137137.05949952942,233777.5890014275,132740.3091977184,494.6359941082607,115634810.13595349,65658134.79825134,7305549.656294609,4148134.6624287
Hungary,HUN,Eastern Europe,Retail,Commercial/Retail,Retail,264801.94345885026,20330.821859607095,203308.21859607095,15639.093738159305,183.9890348898506,37406482.92466587,2877421.763435836,3273262.3193967426,251789.40918436483
Hungary,HUN,Eastern Europe,Security,Commercial/Retail,Office,99490.41137033512,79592.32909626812,99490.41137033512,79592.32909626812,173.44246952421238,17255862.642050702,13804690.113640565,1069521.9222311026,855617.5377848822
Hungary,HUN,Eastern Europe,Transport,Commercial/Retail,Transportation waiting,230407.3324496923,188515.09018611192,188515.09018611192,154239.61924318245,339.7263745961499,64043548.145594046,52399266.66457693,5014501.398950578,4102773.871868653
Hungary,HUN,Eastern Europe,Manual,Industrial,Manufacturing,374890.0724326898,216594.76169909898,332557.2449677713,199283.96707449976,416.278789762913,138436527.46207243,82957688.63292496,6767539.935094146,4055428.7299660705
Hungary,HUN,Eastern Europe,Cleaning,Commercial/Retail,Office,87009.53291955346,5903.870945983782,67588.0516446414,3689.9193412398636,173.44246952421238,11722638.58757661,639988.7228897968,726571.555179895,39666.632918328534
Hungary,HUN,Eastern Europe,Tech,Commercial/Retail,Office,123633.79335271152,46778.7245988059,115035.62476690287,45127.04515240634,173.44246952421238,19952062.842832282,7826946.153563993,1236632.9662442058,485115.73538836814
Hungary,HUN,Eastern Europe,ArmedForces,Correctional facilities,Dayroom,9585.893474376531,3834.357389750613,9585.893474376531,3834.357389750613,155.49262375916356,1490535.7274066512,596214.2909626606,174942.5559073717,69977.02236294869
Indonesia,IDN,South-eastern Asia,Food,Industrial,Manufacturing,36401980.00277128,35761712.36121078,1988426.4846237067,1348158.8430632066,416.278789762913,827739770.5516801,561209931.5985206,40464478.96209244,27435032.456336256
Indonesia,IDN,South-eastern Asia,Health,Health care,Group treatment area,2145475.2961747786,1204442.4097177791,2103821.53568398,1175039.755253686,494.6359941082607,1040625856.7294133,581216957.4566344,65744422.99012438,36719992.35167769
Indonesia,IDN,South-eastern Asia,Retail,Commercial/Retail,Retail,24464914.78830981,1810050.137126292,18100501.371262915,1392346.259327917,183.9890348898506,3330293778.321081,256176444.48623705,291418072.077333,22416774.775179464
Indonesia,IDN,South-eastern Asia,Security,Commercial/Retail,Office,1619211.368352598,1295369.0946820786,1619211.368352598,1295369.0946820786,173.44246952421238,280840018.4087537,224672014.727003,17406522.209790427,13925217.767832344
Indonesia,IDN,South-eastern Asia,Transport,Commercial/Retail,Transportation waiting,5118136.253827892,4187566.0258591846,4187566.0258591846,3426190.384793878,339.7263745961499,1422626624.3471482,1163967238.102212,111389256.28785431,91136664.23551716
Indonesia,IDN,South-eastern Asia,Manual,Industrial,Manufacturing,10069562.629301453,4498889.142513762,8042323.209641224,3517412.5718394765,416.278789762913,3347848572.5916348,1464224248.5021925,163661277.31619892,71579345.83693334
Indonesia,IDN,South-eastern Asia,Cleaning,Commercial/Retail,Office,3450971.30570331,418372.0617543886,2527166.036624101,261482.53859649287,173.44246952421238,438317918.2898002,45352177.231635906,27167034.893709086,2810937.2899122983
Indonesia,IDN,South-eastern Asia,Tech,Commercial/Retail,Office,2694758.245984249,522280.5328288111,2564261.7315737437,506856.1165826799,173.44246952421238,444751887.23058313,87910376.5535521,27565813.614417747,5448703.253263809
Indonesia,IDN,South-eastern Asia,ArmedForces,Correctional facilities,Dayroom,221816.1784060613,88726.47136242453,221816.1784060613,88726.47136242453,155.49262375916356,34490779.572589196,13796311.829035679,4048145.255910619,1619258.1023642477
India,IND,Southern Asia,Food,Industrial,Manufacturing,223922191.9510964,223045130.64212888,7567677.012300955,6690615.703333438,416.278789762913,3150263427.9972587,2785161407.7523847,154002227.20032445,136154029.56283548
India,IND,Southern Asia,Health,Health care,Group treatment area,7365243.494721035,4359419.705081407,7165595.65221516,4218491.816253732,494.6359941082607,3544361528.811277,2086617893.170227,223924864.13172376,131827869.25792912
India,IND,Southern Asia,Retail,Commercial/Retail,Retail,51340595.86311151,3815559.3783989716,38155593.78398972,2935045.675691516,183.9890348898506,7020210875.96545,540016221.2281115,614305059.9222345,47254235.37863342
India,IND,Southern Asia,Security,Commercial/Retail,Office,5708814.82837687,4567051.862701496,5708814.82837687,4567051.862701496,173.44246952421238,990150941.890127,792120753.5121017,61369759.40505135,49095807.52404109
India,IND,Southern Asia,Transport,Commercial/Retail,Transportation waiting,23461882.402153466,19196085.60176193,19196085.60176193,15705888.219623396,339.7263745961499,6521416567.923933,5335704464.665036,510615877.00686735,417776626.6419824
India,IND,Southern Asia,Manual,Industrial,Manufacturing,48625012.70196465,22940574.316332325,36422438.7384493,16861212.04694236,416.278789762913,15161888718.255514,7018964944.837015,741196628.3274432,343125665.1552771
India,IND,Southern Asia,Cleaning,Commercial/Retail,Office,7555841.513352666,520909.8748181014,5862443.0321121365,325568.6717613134,173.44246952421238,1016796596.9345405,56467434.4299999,63021262.59520547,3499863.221434119
India,IND,Southern Asia,Tech,Commercial/Retail,Office,6751016.009080499,1406429.8923410953,6269647.377080952,1363130.8199881797,173.44246952421238,1087423124.1269212,236424775.7033145,67398709.30362023,14653656.314872932
India,IND,Southern Asia,ArmedForces,Correctional facilities,Dayroom,1074201.2361429024,429680.494457161,1074201.2361429024,429680.494457161,155.49262375916356,167030368.65319672,66812147.4612787,19604172.559607968,7841669.023843188
Ireland,IRL,Northern Europe,Food,Industrial,Manufacturing,157597.32355042943,104077.68046620261,57239.758279796275,3720.1151955694663,416.278789762913,23827697.30303527,1548605.0513902798,1164829.0809938542,75704.34422983865
Ireland,IRL,Northern Europe,Health,Health care,Group treatment area,272008.53491566295,133894.1447298794,270360.6036504161,132730.8991308816,494.6359941082607,133730085.95433302,65653480.24048689,8448768.864075502,4147840.59784005
Ireland,IRL,Northern Europe,Retail,Commercial/Retail,Retail,146135.7779367278,11241.213687440602,112412.136874406,8647.087451877387,183.9890348898506,20682600.573427744,1590969.274879058,1809835.4036779369,139218.10797522595
Ireland,IRL,Northern Europe,Security,Commercial/Retail,Office,19993.753536778826,15995.002829423063,19993.753536778826,15995.002829423063,173.44246952421238,3467765.988477375,2774212.7907819008,214932.8505203724,171946.28041629793
Ireland,IRL,Northern Europe,Transport,Commercial/Retail,Transportation waiting,70556.9627587189,57728.42407531548,57728.42407531548,47232.34697071266,339.7263745961499,19611868.222256027,16046074.000027655,1535576.080403392,1256380.4294209566
Ireland,IRL,Northern Europe,Manual,Industrial,Manufacturing,123004.15021036808,69966.89024419429,105620.25892386246,62604.09814328997,416.278789762913,43967473.55927098,26060758.20928738,2149372.2691006013,1273993.397215951
Ireland,IRL,Northern Europe,Cleaning,Commercial/Retail,Office,37122.14761769985,3232.6249767857134,28241.268867428444,2020.3906104910711,173.44246952421238,4898235.414864046,350421.53688710247,303593.64032485575,21719.199062779015
Ireland,IRL,Northern Europe,Tech,Commercial/Retail,Office,79512.13133078943,18190.346415135125,64017.50386725979,17572.541901088083,173.44246952421238,11103353.963513354,3047825.063142415,688188.1665730427,188904.8254366969
Ireland,IRL,Northern Europe,ArmedForces,Correctional facilities,Dayroom,3878.529864182223,1551.4119456728893,3878.529864182223,1551.4119456728893,155.49262375916356,603082.7849099662,241233.11396398649,70783.17002132557,28313.268008530227
Iran,IRN,Southern Asia,Food,Industrial,Manufacturing,3415317.519727177,3373819.68164179,154156.59449478367,112658.7564093969,416.278789762913,64172120.590260684,46897450.774298556,3137086.697968848,2292605.692931227
Iran,IRN,Southern Asia,Health,Health care,Group treatment area,596111.2654751355,349652.0587534161,583202.9850572267,340540.33139959804,494.6359941082607,288473188.28068644,168443505.35579672,18225093.283038337,10641885.35623744
Iran,IRN,Southern Asia,Retail,Commercial/Retail,Retail,3149136.737445926,230467.28847903069,2304672.8847903064,177282.52959925437,183.9890348898506,424034539.8093763,32618041.523798183,37105233.44512394,2854248.7265479956
Iran,IRN,Southern Asia,Security,Commercial/Retail,Office,313492.5586733616,250794.04693868925,313492.5586733616,250794.04693868925,173.44246952421238,54372923.55377188,43498338.8430175,3370045.0057386374,2696036.0045909095
Iran,IRN,Southern Asia,Transport,Commercial/Retail,Transportation waiting,2684907.6340780756,2196742.6097002444,2196742.6097002444,1797334.8624820178,339.7263745961499,746291402.7143492,610602056.7662857,58433353.41802651,47809107.342021674
Iran,IRN,Southern Asia,Manual,Industrial,Manufacturing,3041978.999196301,1491874.7135733797,2497651.5688498197,1241297.624072313,416.278789762913,1039719372.330244,516725872.6844018,50827209.42609383,25260406.649871573
Iran,IRN,Southern Asia,Cleaning,Commercial/Retail,Office,301029.66420939,33621.19039077923,222840.39484884235,21013.243994237015,173.44246952421238,38649988.39233379,3644588.931075292,2395534.244625055,225892.37293804792
Iran,IRN,Southern Asia,Tech,Commercial/Retail,Office,411176.0250118075,91367.94590962079,398596.42416705604,88567.82157323178,173.44246952421238,69133548.15105465,15361421.694041133,4284911.559795853,952104.0819122416
Iran,IRN,Southern Asia,ArmedForces,Correctional facilities,Dayroom,50525.41484554873,20210.165938219496,50525.41484554873,20210.165938219496,155.49262375916356,7856329.320854566,3142531.728341827,922088.8209312643,368835.5283725058
Iraq,IRQ,Western Asia,Food,Industrial,Manufacturing,999391.7670340535,974283.9338150063,33093.42035471159,7985.587135664404,416.278789762913,13776088.974374691,3324230.548380665,673451.1042183809,162506.69821077064
Iraq,IRQ,Western Asia,Health,Health care,Group treatment area,275464.2160163156,151934.66855191308,272483.21610923816,149830.4333233878,494.6359941082607,134780006.47800905,74111525.3345854,8515100.503413692,4682201.041355869
Iraq,IRQ,Western Asia,Retail,Commercial/Retail,Retail,1218589.9880000493,90757.2809685362,907572.809685362,69813.29305272015,183.9890348898506,166983445.3462798,12844880.411252292,14611922.23593433,1123994.0181487945
Iraq,IRQ,Western Asia,Security,Commercial/Retail,Office,902184.8447101979,721747.8757681585,902184.8447101979,721747.8757681585,173.44246952421238,156477167.4338548,125181733.94708385,9698487.080634627,7758789.664507704
Iraq,IRQ,Western Asia,Transport,Commercial/Retail,Transportation waiting,1072608.3925701652,877588.6848301351,877588.6848301353,718027.1057701106,339.7263745961499,298140022.2839451,243932745.50504595,23343859.0164816,19099521.013484944
Iraq,IRQ,Western Asia,Manual,Industrial,Manufacturing,947658.7274210119,263959.82453493454,786328.0109631063,226565.4760956146,416.278789762913,327331672.7604005,94314402.19114064,16001775.023099214,4610607.438545758
Iraq,IRQ,Western Asia,Cleaning,Commercial/Retail,Office,166739.92663321682,23306.77589220984,119527.6256175058,14566.734932631147,173.44246952421238,20731166.563465714,2526490.4796201577,1284921.9753881872,156592.40052578482
Iraq,IRQ,Western Asia,Tech,Commercial/Retail,Office,273643.26185739174,146505.17854656675,266114.3431696939,141140.8198247121,173.44246952421238,46155528.85516543,24479812.341069978,2860729.1890742094,1517263.813115655
Iraq,IRQ,Western Asia,ArmedForces,Correctional facilities,Dayroom,251356.2575446847,100542.50301787387,251356.2575446847,100542.50301787387,155.49262375916356,39084043.983907074,15633617.593562828,4587251.700190496,1834900.6800761982
Iceland,ISL,Northern Europe,Food,Industrial,Manufacturing,9162.780353559248,7439.139016788703,1897.2515573850858,173.61022061454008,416.278789762913,789785.5821840654,72270.25252789307,38609.0691927865,3532.9679895058907
Iceland,ISL,Northern Europe,Health,Health care,Group treatment area,23199.644344361157,11338.869839998435,22998.85460707942,11197.135907799558,494.6359941082607,11376061.31192408,5538506.450919737,718714.2064712318,349910.4971187362
Iceland,ISL,Northern Europe,Retail,Commercial/Retail,Retail,15961.708763371153,1227.8237510285505,12278.237510285506,944.4798084835003,183.9890348898506,2259061.069665792,173773.92843583014,197679.62391559666,15206.124916584356
Iceland,ISL,Northern Europe,Security,Commercial/Retail,Office,3555.561852345021,2844.4494818760177,3555.561852345021,2844.4494818760177,173.44246952421238,616685.4282168035,493348.3425734429,38222.28991270898,30577.83193016719
Iceland,ISL,Northern Europe,Transport,Commercial/Retail,Transportation waiting,8518.917844505359,6970.02369095893,6970.02369095893,5702.7466562391255,339.7263745961499,2367900.8793787532,1937373.4467644347,185402.63017950754,151693.06105596074
Iceland,ISL,Northern Europe,Manual,Industrial,Manufacturing,10850.89607723361,5544.527123587877,9227.12803236757,4912.015273878572,416.278789762913,3841057.69030142,2044767.7735071154,187772.05545868006,99959.51082342895
Iceland,ISL,Northern Europe,Cleaning,Commercial/Retail,Office,2261.187776050509,167.2621950565207,1744.9379841616571,104.53887191032545,173.44246952421238,302646.3531395988,18131.480105402166,18758.083329737816,1123.7928730359986
Iceland,ISL,Northern Europe,Tech,Commercial/Retail,Office,5978.146767117727,2000.8382938878892,5808.53505994732,1932.6859317534277,173.44246952421238,1007446.6651152322,335209.8208180179,62441.75189443369,20776.37376634935
Iceland,ISL,Northern Europe,ArmedForces,Correctional facilities,Dayroom,437.8354218328903,175.13416873315612,437.8354218328903,175.13416873315612,155.49262375916356,68080.17851549629,27232.071406198513,7990.496448450248,3196.198579380099
Israel,ISR,Western Asia,Food,Industrial,Manufacturing,53717.58668816111,34577.09980147025,20242.105626239427,1101.6187395485658,416.278789762913,8426359.232344,458580.51567942265,411926.8494939724,22417.941349813314
Israel,ISR,Western Asia,Health,Health care,Group treatment area,448338.3870153217,207628.17003443756,446652.72072935547,206438.28795022613,494.6359941082607,220930512.5391241,102111807.78226748,13957897.522792358,6451196.4984445665
Israel,ISR,Western Asia,Retail,Commercial/Retail,Retail,196586.17740174072,15109.6244231356,151096.24423135602,11622.788017796614,183.9890348898506,27800052.151608348,2138465.5501237186,2432649.5321248323,187126.8870865255
Israel,ISR,Western Asia,Security,Commercial/Retail,Office,76263.38711797565,61010.709694380515,76263.38711797565,61010.709694380515,173.44246952421238,13227310.196022704,10581848.15681816,819831.4115182383,655865.1292145905
Israel,ISR,Western Asia,Transport,Commercial/Retail,Transportation waiting,154637.99504684357,126521.99594741751,126521.99594741751,103517.99668425071,339.7263745961499,42982858.98988493,35167793.71899676,3365485.092201306,2753578.7118010693
Israel,ISR,Western Asia,Manual,Industrial,Manufacturing,153330.1830820145,82231.46252643905,133387.98771866213,74530.99411897417,416.278789762913,55526590.09643497,31025672.031673353,2714445.550074775,1516705.7303211244
Israel,ISR,Western Asia,Cleaning,Commercial/Retail,Office,41748.14342425092,1860.48427297776,33239.71595939429,1162.8026706111,173.44246952421238,5765178.42228072,201679.36676013848,357326.94656348863,12500.128709069324
Israel,ISR,Western Asia,Tech,Commercial/Retail,Office,90396.57516159418,22328.746382432342,85802.97715627328,21613.783532381975,173.44246952421238,14881880.250513619,3748747.9916180843,922382.0044299377,232348.17297310624
Israel,ISR,Western Asia,ArmedForces,Correctional facilities,Dayroom,8318.532028709336,3327.412811483736,8318.532028709336,3327.4128114837354,155.49262375916356,1293470.3709686524,517388.1483874611,151813.20952394538,60725.28380957817
Italy,ITA,Southern Europe,Food,Industrial,Manufacturing,950604.0701790688,857916.9000893522,153356.0160250614,60668.845935344856,416.278789762913,63838856.75377445,25255153.76227798,3120794.92611,1234611.0147842679
Italy,ITA,Southern Europe,Health,Health care,Group treatment area,1741540.3134028607,965616.5319453271,1698340.073099645,935122.2446724689,494.6359941082607,840060130.3915391,462545121.10631484,53073127.28436391,29222570.146014653
Italy,ITA,Southern Europe,Retail,Commercial/Retail,Retail,1714919.2470549382,125932.93066953144,1259329.3066953146,96871.48513040881,183.9890348898506,231702783.74737558,17823291.057490427,20275201.83779457,1559630.910599582
Italy,ITA,Southern Europe,Security,Commercial/Retail,Office,271828.7638812609,217463.01110500874,271828.7638812609,217463.01110500874,173.44246952421238,47146652.09527992,37717321.67622394,2922159.2117235544,2337727.369378844
Italy,ITA,Southern Europe,Transport,Commercial/Retail,Transportation waiting,657714.3998745794,538129.9635337468,538129.9635337468,440288.1519821565,339.7263745961499,182816941.57287815,149577497.6505367,14314257.029997665,11711664.842725364
Italy,ITA,Southern Europe,Manual,Industrial,Manufacturing,1620084.8867035736,818954.2341171842,1429413.9243406642,746505.7380406118,416.278789762913,595034698.4947878,310754505.18261606,29088573.36033252,15191391.769126453
Italy,ITA,Southern Europe,Cleaning,Commercial/Retail,Office,743894.1404791457,62863.903264647255,567525.1976787486,39289.939540404535,173.44246952421238,98432971.80261897,6814544.141344761,6100895.8750465475,422366.85005934874
Italy,ITA,Southern Europe,Tech,Commercial/Retail,Office,864947.8992877566,324511.7350924391,810897.3095395911,313094.83074723923,173.44246952421238,140644031.89708635,54303940.640066475,8717146.077550605,3365769.430532822
Italy,ITA,Southern Europe,ArmedForces,Correctional facilities,Dayroom,101126.86371836781,40450.745487347136,101126.86371836781,40450.745487347136,155.49262375916356,15724481.372104375,6289792.548841751,1845565.2628602125,738226.1051440852
Jordan,JOR,Western Asia,Food,Industrial,Manufacturing,73032.1146707896,71828.4510032316,4538.793846620004,3335.1301790620196,416.278789762913,1889403.6094543317,1388343.954641705,92364.45477871709,67869.8991439121
Jordan,JOR,Western Asia,Health,Health care,Group treatment area,79830.01845877369,44451.02687771784,78898.27609314641,43793.326384333894,494.6359941082607,39025927.228761494,21661755.53142252,2465571.1279108254,1368541.4495104342
Jordan,JOR,Western Asia,Retail,Commercial/Retail,Retail,201344.01386378997,15097.20811682409,150972.08116824093,11613.237012941609,183.9890348898506,27777207.509456836,2136708.2699582176,2430650.506808679,186973.1159083599
Jordan,JOR,Western Asia,Security,Commercial/Retail,Office,279827.2102889216,223861.76823113725,279827.2102889216,223861.76823113725,173.44246952421238,48533922.39258166,38827137.91406532,3008142.510605907,2406514.0084847254
Jordan,JOR,Western Asia,Transport,Commercial/Retail,Transportation waiting,130933.25490581768,107127.20855930539,107127.20855930539,87649.53427579533,339.7263745961499,36393938.184458464,29776858.51455693,2849583.7476775236,2331477.611736156
Jordan,JOR,Western Asia,Manual,Industrial,Manufacturing,206397.82915848374,87255.23537956909,182176.88269222967,81158.39120165097,416.278789762913,75836372.24990153,33784516.868528314,3707299.562786874,1651573.2609535975
Jordan,JOR,Western Asia,Cleaning,Commercial/Retail,Office,200192.12171275317,15033.85626925285,154298.55453625027,9396.16016828303,173.44246952421238,26761922.34278361,1629693.2236320477,1658709.4612646904,101008.72180904257
Jordan,JOR,Western Asia,Tech,Commercial/Retail,Office,310334.3504126837,26215.818595648223,309980.0714448477,25888.791856107342,173.44246952421238,53763709.09468617,4490215.992521576,3332285.7680321126,278304.5124531539
Jordan,JOR,Western Asia,ArmedForces,Correctional facilities,Dayroom,5441.086527986993,2176.4346111947984,5441.086527986993,2176.4346111947984,155.49262375916356,846048.8203373351,338419.52813493425,99299.82913576263,39719.93165430507
Japan,JPN,Eastern Asia,Food,Industrial,Manufacturing,1798967.4798531334,1798967.4798531334,0.0,0.0,416.278789762913,0.0,0.0,0.0,0.0
Japan,JPN,Eastern Asia,Health,Health care,Group treatment area,5551521.910182675,2643055.308472166,5551521.910182675,2643055.308472166,494.6359941082607,2745982558.856998,1307350289.9892454,173485059.6932086,82595478.38975519
Japan,JPN,Eastern Asia,Retail,Commercial/Retail,Retail,2872211.4621837037,220939.34324490032,2209393.4324490028,169953.34095761564,183.9890348898506,406504165.3282663,31269551.179097418,35571234.26242895,2736248.789417612
Japan,JPN,Eastern Asia,Security,Commercial/Retail,Office,1032577.8472919922,826062.2778335938,1032577.8472919922,826062.2778335938,173.44246952421238,179092851.81031817,143274281.44825456,11100211.858388916,8880169.486711133
Japan,JPN,Eastern Asia,Transport,Commercial/Retail,Transportation waiting,1997153.4982478402,1634034.6803845966,1634034.6803845966,1336937.4657692155,339.7263745961499,555124677.9314376,454192918.3075399,43465322.49823027,35562536.58946113
Japan,JPN,Eastern Asia,Manual,Industrial,Manufacturing,4758564.655991326,2199895.264149776,3681187.2723679477,1728003.8375955827,416.278789762913,1532400182.631968,719331346.2199584,74912160.99268775,35164878.09507011
Japan,JPN,Eastern Asia,Cleaning,Commercial/Retail,Office,1432333.8156545907,188695.6525357789,1036365.1359323432,117934.7828348618,173.44246952421238,179749728.50490165,20454899.977680124,11140925.211272689,1267798.9154747643
Japan,JPN,Eastern Asia,Tech,Commercial/Retail,Office,4308105.294638239,208058.0157412645,3867465.8506172434,208058.0157412645,173.44246952421238,670782827.9316133,36086096.05447237,41575257.89413536,2236623.6692185933
Japan,JPN,Eastern Asia,ArmedForces,Correctional facilities,Dayroom,122606.01772293914,49042.40708917566,122606.01772293914,49042.40708917566,155.49262375916356,19064331.384402316,7625732.553760926,2237559.823443639,895023.9293774557
Kenya,KEN,Eastern Africa,Food,Industrial,Manufacturing,10512308.140615312,10512308.140615312,806162.7855918847,806162.7855918847,416.278789762913,335588468.7380885,335588468.7380885,16405412.686794857,16405412.686794857
Kenya,KEN,Eastern Africa,Health,Health care,Group treatment area,202310.43815569053,111848.01431155369,200964.14930505914,110897.69276993154,494.6359941082607,99404101.77162886,54853990.50756756,6280129.665783098,3465552.8990603606
Kenya,KEN,Eastern Africa,Retail,Commercial/Retail,Retail,818326.42985254,62948.186911733836,629481.8691173384,48421.68223979527,183.9890348898506,115817761.57955834,8909058.583042951,10134658.092789149,779589.084060704
Kenya,KEN,Eastern Africa,Security,Commercial/Retail,Office,394442.2764317589,315553.8211454071,394442.2764317589,315553.8211454071,173.44246952421238,68413042.5090763,54730434.00726104,4240254.471641408,3392203.5773131265
Kenya,KEN,Eastern Africa,Transport,Commercial/Retail,Transportation waiting,759055.368333856,621045.3013640641,621045.3013640641,508127.97384332516,339.7263745961499,210985468.69238687,172624474.38468015,16519805.016284106,13516204.104232451
Kenya,KEN,Eastern Africa,Manual,Industrial,Manufacturing,804778.5422629763,505390.86971844366,671031.6363250577,444592.57414750685,416.278789762913,279336237.4620222,185074458.7037023,13655493.799214926,9047458.883901766
Kenya,KEN,Eastern Africa,Cleaning,Commercial/Retail,Office,974755.9751133134,0.0,812296.6459277611,0.0,173.44246952421238,140886736.25594565,0.0,8732188.943723433,0.0
Kenya,KEN,Eastern Africa,Tech,Commercial/Retail,Office,480483.2104061146,66872.53868977129,478765.01682674285,65286.51384727431,173.44246952421238,83038186.84023137,11323454.188297944,5146723.930887486,701830.0238581989
Kenya,KEN,Eastern Africa,ArmedForces,Correctional facilities,Dayroom,36846.14895377454,14738.459581509815,36846.14895377454,14738.459581509815,155.49262375916356,5729304.376243362,2291721.750497345,672442.2184063853,268976.8873625541
Kyrgyzstan,KGZ,Central Asia,Food,Industrial,Manufacturing,507742.4432287431,473283.5394528529,36173.4653447246,1714.561568834394,416.278789762913,15058246.375232631,713735.614848383,736130.0197651457,34891.32792577992
Kyrgyzstan,KGZ,Central Asia,Health,Health care,Group treatment area,104868.70962360133,59106.15704740869,102546.75682692113,57467.13154386972,494.6359941082607,50723317.0056622,28425311.73975219,3204586.1508412855,1795847.8607459287
Kyrgyzstan,KGZ,Central Asia,Retail,Commercial/Retail,Retail,273746.5121731339,20593.149064062007,205931.49064062006,15840.88389543231,183.9890348898506,37889136.21639598,2914548.9397227676,3315496.999313983,255038.2307164602
Kyrgyzstan,KGZ,Central Asia,Security,Commercial/Retail,Office,79747.59329346077,63798.07463476863,79747.59329346077,63798.07463476863,173.44246952421238,13831619.519430354,11065295.615544286,857286.6279047033,685829.3023237628
Kyrgyzstan,KGZ,Central Asia,Transport,Commercial/Retail,Transportation waiting,264386.60234151874,216316.3110066972,216316.3110066972,176986.0726418432,339.7263745961499,73488356.10431847,60126836.81262422,5754013.872778146,4707829.532273029
Kyrgyzstan,KGZ,Central Asia,Manual,Industrial,Manufacturing,269773.87065370585,111278.26602687278,226492.74856009634,96603.40107706818,416.278789762913,94284127.26067266,40213946.88734323,4609127.433197961,1965879.2119183375
Kyrgyzstan,KGZ,Central Asia,Cleaning,Commercial/Retail,Office,115050.65423856472,18991.77374064307,80049.06708160137,11869.85858790192,173.44246952421238,13883907.87774228,2058737.5863888892,860527.4711272147,127600.97981994563
Kyrgyzstan,KGZ,Central Asia,Tech,Commercial/Retail,Office,99029.92153750027,23189.13472406887,96364.14518262475,22467.87073434952,173.44246952421238,16713635.314064171,3896882.98511636,1035914.5607132161,241529.61039425732
Kyrgyzstan,KGZ,Central Asia,ArmedForces,Correctional facilities,Dayroom,5653.692909771267,2261.4771639085075,5653.692909771267,2261.4771639085075,155.49262375916356,879107.5444689144,351643.0177875658,103179.89560332563,41271.95824133026
Cambodia,KHM,South-eastern Asia,Food,Industrial,Manufacturing,2882833.088931246,2868422.3829684122,96420.84129402511,82010.13533119077,416.278789762913,40137951.12179868,34139079.883960806,1962164.1203334113,1668906.2539897324
Cambodia,KHM,South-eastern Asia,Health,Health care,Group treatment area,52987.66548290784,28550.37398734351,52408.136907972956,28141.294993271822,494.6359941082607,25922950.898837034,13919697.424490828,1637754.2783741548,879415.4685397444
Cambodia,KHM,South-eastern Asia,Retail,Commercial/Retail,Retail,1370655.8868714012,105316.38030474314,1053163.8030474314,81012.6002344178,183.9890348898506,193770591.7036216,14905430.131047813,16955937.22906365,1304302.8637741266
Cambodia,KHM,South-eastern Asia,Security,Commercial/Retail,Office,115232.18986991754,92185.75189593405,115232.18986991754,92185.75189593405,173.44246952421238,19986155.57972143,15988924.463777145,1238746.0411016135,990996.832881291
Cambodia,KHM,South-eastern Asia,Transport,Commercial/Retail,Transportation waiting,272267.09668608545,222763.98819770632,222763.98819770632,182261.44488903246,339.7263745961499,75678802.1009863,61919019.90080698,5925522.086058988,4848154.434048263
Cambodia,KHM,South-eastern Asia,Manual,Industrial,Manufacturing,873708.1866181291,316334.67970272433,731904.2255237655,264243.5847838867,416.278789762913,304676205.2233952,109998999.67645003,14894250.989408629,5377356.950352094
Cambodia,KHM,South-eastern Asia,Cleaning,Commercial/Retail,Office,59859.64751299682,3959.856113154711,46583.159499868416,2474.910070721694,173.44246952421238,8079498.221897452,429254.51451631373,500768.96462358546,26605.28326025821
Cambodia,KHM,South-eastern Asia,Tech,Commercial/Retail,Office,97118.7063644067,16662.453446067313,92764.93490938639,16196.375725760567,173.44246952421238,16089379.395936795,2809139.40321792,997223.0502759037,174111.03905192608
Cambodia,KHM,South-eastern Asia,ArmedForces,Correctional facilities,Dayroom,22287.531662909947,8915.01266516398,22287.531662909947,8915.01266516398,155.49262375916356,3465546.7753813015,1386218.7101525208,406747.4528481065,162698.98113924265
Kiribati,KIR,Micronesia,Food,Industrial,Manufacturing,10121.185646936923,9347.464287111725,1880.5980345868948,1106.876674761696,416.278789762913,782853.0738683454,460769.28258659627,38270.17000384331,22524.940331400514
Kiribati,KIR,Micronesia,Health,Health care,Group treatment area,920.4822487981851,467.5510038022227,914.555319552404,463.36728904049477,494.6359941082607,452371.97965380136,229198.13965179492,28579.853736012625,14480.227782515462
Kiribati,KIR,Micronesia,Retail,Commercial/Retail,Retail,3758.5169610685125,289.1166893129625,2891.1668931296254,222.39745331766346,183.9890348898506,531943.0063724075,40918.6927978775,46547.786979386976,3580.598998414382
Kiribati,KIR,Micronesia,Security,Commercial/Retail,Office,2078.1571554548123,1662.5257243638498,2078.1571554548123,1662.5257243638498,173.44246952421238,360440.70910149516,288352.5672811961,22340.189421139232,17872.151536911384
Kiribati,KIR,Micronesia,Transport,Commercial/Retail,Transportation waiting,1039.7646269730687,850.7165129779653,850.7165129779653,696.040783345608,339.7263745961499,289010.83676308265,236463.41189706765,22629.059245213877,18514.684836993176
Kiribati,KIR,Micronesia,Manual,Industrial,Manufacturing,4997.217993853085,1586.213548566207,4404.939278416259,1368.0509031805339,416.278789762913,1833682.7917982396,569490.5743100527,89640.51431577088,27839.835879723865
Kiribati,KIR,Micronesia,Cleaning,Commercial/Retail,Office,693.379451012834,93.18801625281752,500.15952896668045,58.242510158010944,173.44246952421238,86748.9038600479,10101.724793094443,5376.714936391815,626.1069841986176
Kiribati,KIR,Micronesia,Tech,Commercial/Retail,Office,857.1080085606618,197.14849924700655,850.5781224909276,191.1209121057135,173.44246952421238,147526.3700880945,33148.48297333489,9143.714816777472,2054.54980513642
Kiribati,KIR,Micronesia,ArmedForces,Correctional facilities,Dayroom,71.77890734191847,28.711562936767393,71.77890734191847,28.711562936767393,155.49262375916356,11161.090633160791,4464.436253264317,1309.965058990012,523.9860235960049
Laos,LAO,South-eastern Asia,Food,Industrial,Manufacturing,1547757.0963918667,1547757.0963918667,463.73428717740114,463.73428717740114,416.278789762913,193042.74783777568,193042.74783777568,9436.992744060113,9436.992744060113
Laos,LAO,South-eastern Asia,Health,Health care,Group treatment area,6145.496586957613,3277.598179710727,6145.496586957613,3277.598179710727,494.6359941082607,3039783.813578702,1621218.0339086412,192046.7683424254,102424.94311596022
Laos,LAO,South-eastern Asia,Retail,Commercial/Retail,Retail,246666.4466424939,18974.34204942261,189743.42049422613,14595.647730325083,183.9890348898506,34910708.81343176,2685439.13949475,3054869.0699570407,234989.92845823386
Laos,LAO,South-eastern Asia,Security,Commercial/Retail,Office,18331.046019288944,14664.836815431157,18331.046019288944,14664.836815431157,173.44246952421238,3179381.8905474576,2543505.512437966,197058.74470735615,157646.99576588493
Laos,LAO,South-eastern Asia,Transport,Commercial/Retail,Transportation waiting,35870.37355677164,29348.48745554044,29348.48745554044,24012.398827260364,339.7263745961499,9970455.243151339,8157645.198942006,780669.7663173757,638729.8088051258
Laos,LAO,South-eastern Asia,Manual,Industrial,Manufacturing,100778.2466275478,50089.31966938875,67881.10197763208,32038.806239702804,416.278789762913,28257462.97902156,13337075.486911949,1381380.4252448129,651989.7069779522
Laos,LAO,South-eastern Asia,Cleaning,Commercial/Retail,Office,49490.36573850059,3837.2844166030877,38044.23443491459,2398.30276037693,173.44246952421238,6598485.971549666,415967.55342651013,408975.52017533185,25781.754674051997
Laos,LAO,South-eastern Asia,Tech,Commercial/Retail,Office,3180.708273192735,187.10048665839616,3180.708273192735,187.10048665839616,173.44246952421238,551669.8977386411,32451.170455214182,34192.6139368219,2011.3302315777587
Laos,LAO,South-eastern Asia,ArmedForces,Correctional facilities,Dayroom,30948.220163380334,12379.288065352135,30948.220163380334,12379.288065352135,155.49262375916356,4812219.953880258,1924887.9815521033,564805.017981691,225922.00719267648
Lebanon,LBN,Western Asia,Food,Industrial,Manufacturing,62073.48302208975,51276.19343232489,13563.571216437225,2766.2816266723735,416.278789762913,5646227.01084157,1151544.3676945579,276018.6742544976,56293.8311027828
Lebanon,LBN,Western Asia,Health,Health care,Group treatment area,57065.87218638949,29825.390108049265,56534.93494549854,29450.610879185067,494.6359941082607,27964213.74861252,14567332.189321265,1766716.7170468294,920331.5899745333
Lebanon,LBN,Western Asia,Retail,Commercial/Retail,Retail,143039.0337825986,10787.835757541096,107878.35757541093,8298.335198108534,183.9890348898506,19848434.89580206,1526802.6842924664,1736841.5569641162,133603.19668954742
Lebanon,LBN,Western Asia,Security,Commercial/Retail,Office,49884.59676740157,39907.67741392126,49884.59676740157,39907.67741392126,173.44246952421238,8652107.65455767,6921686.123646136,536259.4152495669,429007.5321996535
Lebanon,LBN,Western Asia,Transport,Commercial/Retail,Transportation waiting,113748.92680698949,93067.30375117323,93067.30375117323,76145.97579641447,339.7263745961499,31617417.696824744,25868796.297402065,2475590.279781208,2025482.956184625
Lebanon,LBN,Western Asia,Manual,Industrial,Manufacturing,113036.29922029618,54006.34085073136,96462.75221170804,47630.88518458668,416.278789762913,40155397.74788958,19827727.239976007,1963017.0075082588,969288.513506339
Lebanon,LBN,Western Asia,Cleaning,Commercial/Retail,Office,75509.18967001793,1810.1856205666986,61415.83670787604,1131.366012854187,173.44246952421238,10652114.386509795,196226.915205192,660220.2446096675,12162.184638182509
Lebanon,LBN,Western Asia,Tech,Commercial/Retail,Office,33857.72953797611,5273.98209497327,32873.4213767329,5135.616760108836,173.44246952421238,5701647.385290587,890734.0534032112,353389.27979987866,55207.88017116999
Lebanon,LBN,Western Asia,ArmedForces,Correctional facilities,Dayroom,34826.62015955933,13930.648063823737,34826.62015955933,13930.648063823737,155.49262375916356,5415282.54527366,2166113.0181094646,635585.8179119577,254234.3271647832
Liberia,LBR,Western Africa,Food,Industrial,Manufacturing,954403.2778608634,948131.093919625,16998.03314849344,10725.849207255136,416.278789762913,7075920.667404726,4464943.527175668,345909.97457184154,218271.03136764205
Liberia,LBR,Western Africa,Health,Health care,Group treatment area,61249.100124836994,33847.11638667408,60362.95438265911,33221.60174513675,494.6359941082607,29857689.948378183,16432600.005074447,1886342.324458097,1038175.0545355235
Liberia,LBR,Western Africa,Retail,Commercial/Retail,Retail,532164.5099164653,40400.47059625611,404004.70596256113,31077.28507404316,183.9890348898506,74332435.94100949,5717879.68776996,6504475.765997235,500344.2896920949
Liberia,LBR,Western Africa,Security,Commercial/Retail,Office,81883.5018048417,65506.80144387336,81883.5018048417,65506.80144387336,173.44246952421238,14202076.766322047,11361661.413057636,880247.6444020482,704198.1155216387
Liberia,LBR,Western Africa,Transport,Commercial/Retail,Transportation waiting,82898.76894312276,67826.26549891863,67826.26549891863,55494.21722638797,339.7263745961499,23042371.280343547,18852849.229371995,1804178.6622712356,1476146.17822192
Liberia,LBR,Western Africa,Manual,Industrial,Manufacturing,183297.8540524261,77835.45892914191,151484.92121713437,65541.90533817341,416.278789762913,63059959.67159892,27283705.032930236,3082718.1467686845,1333777.773631829
Liberia,LBR,Western Africa,Cleaning,Commercial/Retail,Office,117433.90329903885,24165.76563924316,77723.44804982975,15103.603524526978,173.44246952421238,13480546.769699302,2619606.294008557,835527.0665356698,162363.737888665
Liberia,LBR,Western Africa,Tech,Commercial/Retail,Office,114026.93966109175,28473.51035128478,111634.66988805571,27573.382964471904,173.44246952421238,19362192.829904612,4782395.634494855,1200072.7012965989,296413.86686807295
Liberia,LBR,Western Africa,ArmedForces,Correctional facilities,Dayroom,8023.341740745654,3209.3366962982627,8023.341740745655,3209.3366962982627,155.49262375916356,1247570.4585849566,499028.1834339827,146425.9867686082,58570.394707443294
Sri Lanka,LKA,Southern Asia,Food,Industrial,Manufacturing,1743918.8537673757,1722967.0108269698,150076.22831164036,129124.38537123433,416.278789762913,62473550.69375227,53751742.871217415,3054051.2461418817,2627681.242304619
Sri Lanka,LKA,Southern Asia,Health,Health care,Group treatment area,134521.72442017362,70277.16850037192,133447.2081762182,69518.68644581515,494.6359941082607,66007792.47721571,34386444.57922625,4170225.255506819,2172458.951431724
Sri Lanka,LKA,Southern Asia,Retail,Commercial/Retail,Retail,628616.6678835575,44103.24037748513,441032.40377485123,33925.5695211424,183.9890348898506,81145126.32568577,6241932.794283521,7100621.7007751055,546201.6692903928
Sri Lanka,LKA,Southern Asia,Security,Commercial/Retail,Office,109723.8547777305,87779.0838221844,109723.8547777305,87779.0838221844,173.44246952421238,19030776.33836563,15224621.070692502,1179531.438860603,943625.1510884824
Sri Lanka,LKA,Southern Asia,Transport,Commercial/Retail,Transportation waiting,421715.66113639646,345040.0863843244,345040.0863843244,282305.52522353816,339.7263745961499,117219217.63768892,95906632.61265458,9178066.29782303,7509326.970946115
Sri Lanka,LKA,Southern Asia,Manual,Industrial,Manufacturing,585005.7623148956,253088.05562536782,481216.69272158353,207252.81306381495,416.278789762913,200320302.45985237,86274950.19716413,9792759.696884226,4217594.745848634
Sri Lanka,LKA,Southern Asia,Cleaning,Commercial/Retail,Office,261044.57406955137,27092.460878298087,194960.0943260444,16932.7880489363,173.44246952421238,33814360.218582526,2936864.575137582,2095821.0140049774,182027.47152606523
Sri Lanka,LKA,Southern Asia,Tech,Commercial/Retail,Office,106410.29784562008,57389.69441536976,100660.41892794405,55274.67130459868,173.44246952421238,17458791.642204385,9586975.493208714,1082099.5034753985,594202.7165244359
Sri Lanka,LKA,Southern Asia,ArmedForces,Correctional facilities,Dayroom,24577.47355075536,9830.989420302149,24577.47355075536,9830.989420302149,155.49262375916356,3821615.8477783967,1528646.3391113596,448538.8923012853,179415.5569205142
Lesotho,LSO,Southern Africa,Food,Industrial,Manufacturing,307654.8828411338,304996.7934664925,15548.081121706356,12889.991747065042,416.278789762913,6472336.392479517,5365830.164522172,316403.45082672435,262311.3320527736
Lesotho,LSO,Southern Africa,Health,Health care,Group treatment area,14190.13672098382,8056.217250250859,13770.103230256233,7759.7230215019745,494.6359941082607,6811188.700271164,3838238.3107453855,430315.7259455073,242491.3444219367
Lesotho,LSO,Southern Africa,Retail,Commercial/Retail,Retail,56986.59695966652,2870.3800632046746,28703.800632046747,2207.984664003596,183.9890348898506,5281184.575960964,406244.9673816127,462131.1901759527,35548.5530904579
Lesotho,LSO,Southern Africa,Security,Commercial/Retail,Office,14575.890807979606,11660.712646383687,14575.890807979606,11660.712646383687,173.44246952421238,2528078.4972512503,2022462.7978010005,156690.82618578075,125352.66094862463
Lesotho,LSO,Southern Africa,Transport,Commercial/Retail,Transportation waiting,18700.268886178466,15300.219997782386,15300.219997782386,12518.361816367405,339.7263745961499,5197888.270370123,4252817.675757373,406985.8519410115,332988.424315373
Lesotho,LSO,Southern Africa,Manual,Industrial,Manufacturing,40594.232866926606,17624.925286957936,34207.92569144392,14931.951075514398,416.278789762913,14240033.907133933,6215854.522514161,696131.2878208838,303865.20438671805
Lesotho,LSO,Southern Africa,Cleaning,Commercial/Retail,Office,42185.86325831462,865.8943915663244,34433.30738895691,541.1839947289528,173.44246952421238,5972197.867426996,93864.28851276792,370158.0544312868,5817.727943336243
Lesotho,LSO,Southern Africa,Tech,Commercial/Retail,Office,7602.423941613247,1856.903667831119,7494.369210295353,1798.803259853998,173.44246952421238,1299841.9033598474,311988.87957728095,80564.46901067505,19337.13504343048
Lesotho,LSO,Southern Africa,ArmedForces,Correctional facilities,Dayroom,1478.1037172032532,591.2414868813013,1478.1037172032532,591.2414868813013,155.49262375916356,229834.22517610656,91933.69007044262,26975.39283895937,10790.157135583748
Lithuania,LTU,Northern Europe,Food,Industrial,Manufacturing,59008.059744829116,51468.68332507814,10126.742557515927,2587.3661377649487,416.278789762913,4215548.136083316,1077065.6445023352,206079.21104544913,52652.90090351671
Lithuania,LTU,Northern Europe,Health,Health care,Group treatment area,82862.78556422825,43555.049851255804,82117.28741034406,43028.815860278744,494.6359941082607,40618166.091689296,21283601.108350273,2566165.2315732515,1344650.4956337109
Lithuania,LTU,Northern Europe,Retail,Commercial/Retail,Retail,79104.85425882594,6056.089445132742,60560.894451327425,4658.530342409803,183.9890348898506,11142540.52216584,857118.5017050648,975030.4006663717,75002.33851279784
Lithuania,LTU,Northern Europe,Security,Commercial/Retail,Office,16187.384720490529,12949.907776392423,16187.384720490529,12949.907776392423,173.44246952421238,2807579.9810603797,2246063.9848483037,174014.38574527318,139211.50859621854
Lithuania,LTU,Northern Europe,Transport,Commercial/Retail,Transportation waiting,71470.77876650327,58476.09171804814,58476.09171804814,47844.07504203938,339.7263745961499,19865870.639924444,16253894.159938179,1555464.0397000806,1272652.3961182476
Lithuania,LTU,Northern Europe,Manual,Industrial,Manufacturing,102294.08580846814,49272.795703992844,86345.4246993314,42741.94484872445,416.278789762913,35943768.89540241,17792565.073740188,1757129.392631394,869798.5776715426
Lithuania,LTU,Northern Europe,Cleaning,Commercial/Retail,Office,42263.58041981929,4461.015901210952,31502.13709884029,2788.1349382568446,173.44246952421238,5463808.453713167,483581.00905800454,338647.9738125331,29972.45058626108
Lithuania,LTU,Northern Europe,Tech,Commercial/Retail,Office,31649.660967736425,10243.791331065158,29353.59152726213,9891.367385552874,173.44246952421238,5091159.403893341,1715583.1863215426,315551.10891806794,106332.1993946934
Lithuania,LTU,Northern Europe,ArmedForces,Correctional facilities,Dayroom,2306.7994329535945,922.719773181438,2306.7994329535945,922.719773181438,155.49262375916356,358690.2963161051,143476.11852644206,42099.0896514031,16839.635860561244
Luxembourg,LUX,Western Europe,Food,Industrial,Manufacturing,8177.3497270381,5515.694783141634,2788.754586957593,127.0996430611266,416.278789762913,1160899.384404479,52908.885592784005,56751.15584458702,2586.4777362939267
Luxembourg,LUX,Western Europe,Health,Health care,Group treatment area,19030.458339301316,9721.211375585142,18847.57735724361,9592.118917662056,494.6359941082607,9322690.162632538,4744607.276442424,588986.7924138628,299753.71617693926
Luxembourg,LUX,Western Europe,Retail,Commercial/Retail,Retail,7333.052276097843,564.0809443152187,5640.809443152187,433.90841870401437,183.9890348898506,1037847.0854431264,79834.3911879328,90817.03203475021,6985.925541134632
Luxembourg,LUX,Western Europe,Security,Commercial/Retail,Office,4078.548701228018,3262.8389609824153,4078.548701228018,3262.8389609824153,173.44246952421238,707393.5588157566,565914.8470526054,43844.398538201196,35075.51883056096
Luxembourg,LUX,Western Europe,Transport,Commercial/Retail,Transportation waiting,8660.019418751628,7085.47043352406,7085.47043352406,5797.203081974231,339.7263745961499,2407121.18268934,1969462.7858367325,188473.51353174003,154205.60198051456
Luxembourg,LUX,Western Europe,Manual,Industrial,Manufacturing,6945.623245932395,3514.190637975055,5992.040574575813,3153.3091756242784,416.278789762913,2494359.398594689,1312655.7273771635,121938.0256926178,64169.84172395407
Luxembourg,LUX,Western Europe,Cleaning,Commercial/Retail,Office,8577.786870268075,222.7473159833428,6962.532961903944,139.2170724895892,173.44246952421238,1207598.911056349,24146.152852525644,74847.2293404674,1496.583529263084
Luxembourg,LUX,Western Europe,Tech,Commercial/Retail,Office,5701.763984753725,1828.1112187152921,5232.331266292642,1765.095110894985,173.44246952421238,907508.4561945451,306142.4549787397,56247.5611126459,18974.772442121088
Luxembourg,LUX,Western Europe,ArmedForces,Correctional facilities,Dayroom,617.0201229452597,246.80804917810391,617.0201229452597,246.80804917810391,155.49262375916356,95942.07782896011,38376.83113158405,11260.617243750989,4504.246897500397
Latvia,LVA,Northern Europe,Food,Industrial,Manufacturing,39027.83250811317,33812.34166919717,6926.318111187609,1710.8272722716172,416.278789762913,2883279.3208381236,712181.1063946144,140950.57356266785,34815.33499072741
Latvia,LVA,Northern Europe,Health,Health care,Group treatment area,54557.200173714,27442.914888589312,54148.36857213906,27154.327875712883,494.6359941082607,26783732.118020505,13431507.963144897,1692136.5178793455,848572.7461160276
Latvia,LVA,Northern Europe,Retail,Commercial/Retail,Retail,42798.54384603158,3292.195680463968,32921.95680463968,2532.458215741514,183.9890348898506,6057279.059171004,465944.5430131542,530043.504554699,40772.57727343838
Latvia,LVA,Northern Europe,Security,Commercial/Retail,Office,11374.125148206087,9099.30011856487,11374.125148206087,9099.30011856487,173.44246952421238,1972756.354382312,1578205.0835058496,122271.84534321543,97817.47627457236
Latvia,LVA,Northern Europe,Transport,Commercial/Retail,Transportation waiting,53409.33420085975,43698.546164339794,43698.546164339794,35753.35595264165,339.7263745961499,14845548.66353365,12146357.997436624,1162381.3279714386,951039.2683402679
Latvia,LVA,Northern Europe,Manual,Industrial,Manufacturing,57820.045668680206,29868.129982360275,47140.92554161132,24888.082780162367,416.278789762913,19623767.432765555,10360380.979245186,959317.8347717905,506472.4845763042
Latvia,LVA,Northern Europe,Cleaning,Commercial/Retail,Office,21349.083044900814,2436.6859243071076,15760.330933828089,1522.928702691942,173.44246952421238,2733510.71768198,264140.51510419545,169423.55753865195,16371.483553938375
Latvia,LVA,Northern Europe,Tech,Commercial/Retail,Office,24030.78240054418,8142.96157560522,23347.720139622277,7864.9081393543975,173.44246952421238,4049486.2387762764,1364109.090270705,250987.99150093948,84547.76249805978
Latvia,LVA,Northern Europe,ArmedForces,Correctional facilities,Dayroom,3854.6252684358606,1541.8501073743446,3854.6252684358606,1541.8501073743446,155.49262375916356,599365.7965974621,239746.3186389849,70346.91114895446,28138.764459581787
Madagascar,MDG,Eastern Africa,Food,Industrial,Manufacturing,10949908.878447108,10949908.878447108,456296.0659182892,456296.0659182892,416.278789762913,189946374.0940438,189946374.0940438,9285624.941437185,9285624.941437185
Madagascar,MDG,Eastern Africa,Health,Health care,Group treatment area,71548.91939266704,44021.04289821583,69550.64011239656,42610.4928180249,494.6359941082607,34402250.01286115,21076683.47448665,2173457.5035123928,1331577.900563278
Madagascar,MDG,Eastern Africa,Retail,Commercial/Retail,Retail,852131.1135646013,65548.54719727703,655485.4719727702,50421.959382520785,183.9890348898506,120602139.37258819,9277087.644045245,10553316.098761601,811793.5460585847
Madagascar,MDG,Eastern Africa,Security,Commercial/Retail,Office,307693.38066479703,246154.70453183766,307693.38066479703,246154.70453183766,173.44246952421238,53367099.79875594,42693679.839004755,3307703.842146568,2646163.0737172547
Madagascar,MDG,Eastern Africa,Transport,Commercial/Retail,Transportation waiting,141045.65435735547,115400.9899287454,115400.9899287454,94418.99175988261,339.7263745961499,39204759.93329948,32076621.763608675,3069666.332104628,2511545.1808128776
Madagascar,MDG,Eastern Africa,Manual,Industrial,Manufacturing,1235818.0920508374,774728.3629923215,1068495.8334053974,711319.8781565425,416.278789762913,444792152.3967139,296107378.0133083,21743890.209799837,14475359.520485641
Madagascar,MDG,Eastern Africa,Cleaning,Commercial/Retail,Office,683923.0670459862,0.0,569935.8892049886,0.0,173.44246952421238,98851088.09419112,0.0,6126810.808953628,0.0
Madagascar,MDG,Eastern Africa,Tech,Commercial/Retail,Office,100560.78867134609,13789.801656043177,100210.35453657804,13466.32399318038,173.44246952421238,17380731.362720955,2335632.488790358,1077261.311268214,144762.9829266891
Madagascar,MDG,Eastern Africa,ArmedForces,Correctional facilities,Dayroom,11895.812504090647,4758.325001636258,11895.812504090647,4758.325001636258,155.49262375916356,1849711.0980081204,739884.439203248,217098.57819965432,86839.43127986172
Maldives,MDV,Southern Asia,Food,Industrial,Manufacturing,48382.19662725251,48035.01648702939,420.9463399945895,73.76619977146879,416.278789762913,175231.03296807542,30707.304366276298,8566.258018889897,1501.14216534939
Maldives,MDV,Southern Asia,Health,Health care,Group treatment area,8198.104954047283,4616.366239183343,8045.38174825484,4508.561623329853,494.6359941082607,3979535.3990284894,2230096.860554116,251418.17963296376,140892.55072905793
Maldives,MDV,Southern Asia,Retail,Commercial/Retail,Retail,13385.356966704494,1029.6428435926534,10296.428435926535,792.0329566097334,183.9890348898506,1894429.9307385369,145725.37928757977,165772.49781841724,12751.73060141671
Maldives,MDV,Southern Asia,Security,Commercial/Retail,Office,5468.092988641536,4374.474390913229,5468.092988641536,4374.474390913229,173.44246952421238,948399.5515380191,758719.6412304153,58781.99962789651,47025.59970231722
Maldives,MDV,Southern Asia,Transport,Commercial/Retail,Transportation waiting,6044.259939838042,4945.303587140218,4945.303587140218,4046.1574803874505,339.7263745961499,1680050.0589364816,1374586.4118571212,131545.0754179298,107627.78897830618
Maldives,MDV,Southern Asia,Manual,Industrial,Manufacturing,8584.88282027876,2875.221725328113,7470.550987033042,2461.7054049157236,416.278789762913,3109831.9237442496,1024755.7467111391,152025.71258612242,50095.70499003498
Maldives,MDV,Southern Asia,Cleaning,Commercial/Retail,Office,7643.833125386733,509.90035966821847,5944.943971432094,318.6877247926365,173.44246952421238,1031105.7635882611,55273.985995087445,63908.147692895014,3425.8930415208424
Maldives,MDV,Southern Asia,Tech,Commercial/Retail,Office,5726.898834559906,3066.6113921037904,5363.8046415390145,2953.4586151500657,173.44246952421238,930311.5230739594,512255.1558491878,57660.899896544404,31749.680112863207
Maldives,MDV,Southern Asia,ArmedForces,Correctional facilities,Dayroom,1388.960329172106,555.5841316688425,1388.960329172106,555.5841316688425,155.49262375916356,215973.08588036225,86389.23435214491,25348.526007390934,10139.410402956375
Mexico,MEX,Central America,Food,Industrial,Manufacturing,7664626.18339862,6070433.746471423,1974241.711052748,380049.274125549,416.278789762913,821834950.1765004,158206451.8832571,40175818.81992342,7734002.728454923
Mexico,MEX,Central America,Health,Health care,Group treatment area,1719611.0291272784,932162.8601316416,1696637.1905107151,915946.0328728912,494.6359941082607,839217823.3693141,453059876.51960015,53019912.203459844,28623313.52727785
Mexico,MEX,Central America,Retail,Commercial/Retail,Retail,8897834.087573953,631341.861556339,6313418.61556339,485647.5858125683,183.9890348898506,1161599797.9331248,89353830.61024034,101646039.71057059,7818926.1315823505
Mexico,MEX,Central America,Security,Commercial/Retail,Office,686721.2433148889,549376.9946519112,686721.2433148889,549376.9946519112,173.44246952421238,119106628.31527185,95285302.65221749,7382253.365635056,5905802.692508046
Mexico,MEX,Central America,Transport,Commercial/Retail,Transportation waiting,3395373.5440777005,2778032.899699937,2778032.899699937,2272936.0088454033,339.7263745961499,943771045.5238894,772176309.9740914,73895675.13201833,60460097.835287735
Mexico,MEX,Central America,Manual,Industrial,Manufacturing,8982665.692008398,4252081.577244227,7373257.636173934,3535039.1828415506,416.278789762913,3069330765.3966417,1471561832.7977576,150045792.89613956,71938047.37082556
Mexico,MEX,Central America,Cleaning,Commercial/Retail,Office,2509854.549560062,124807.42472513448,1987539.2706957732,78004.64045320905,173.44246952421238,344723719.38582695,13529317.474552855,21366047.159979563,838549.8848719973
Mexico,MEX,Central America,Tech,Commercial/Retail,Office,2794648.1314368383,654628.9017358293,2438455.122384466,633082.7084876276,173.44246952421238,422931678.25032735,109803428.37317118,26213392.565633014,6805639.116241996
Mexico,MEX,Central America,ArmedForces,Correctional facilities,Dayroom,29969.59956465449,11987.839825861798,29969.59956465449,11987.839825861798,155.49262375916356,4660051.669319613,1864020.6677278455,546945.1920549445,218778.07682197783
Marshall Islands,MHL,Micronesia,Food,Industrial,Manufacturing,1449.978791846813,1368.16180672693,90.6047353734999,8.787750253617046,416.278789762913,37716.82958806954,3658.154040314436,1843.8063648507232,178.83071766110692
Marshall Islands,MHL,Micronesia,Health,Health care,Group treatment area,517.4307253358223,286.5719982119662,503.6802019937222,276.86574644107213,494.6359941082607,249138.35742581435,136947.76372540536,15740.00631230382,8652.054576283505
Marshall Islands,MHL,Micronesia,Retail,Commercial/Retail,Retail,766.9892894828677,57.15117407801128,571.5117407801129,43.96244159847022,183.9890348898506,105151.89361435143,8088.607201103956,9201.339026559817,707.7953097353707
Marshall Islands,MHL,Micronesia,Security,Commercial/Retail,Office,671.1186754850369,536.8949403880297,671.1186754850369,536.8949403880297,173.44246952421238,116400.48041994328,93120.38433595466,7214.525761464147,5771.620609171319
Marshall Islands,MHL,Micronesia,Transport,Commercial/Retail,Transportation waiting,461.6357059736834,377.70194125119554,377.70194125119554,309.02886102370553,339.7263745961499,128315.31117919667,104985.25460116094,10046.871637281802,8220.167703230567
Marshall Islands,MHL,Micronesia,Manual,Industrial,Manufacturing,798.2717166426709,270.0746310036116,675.4380714018769,219.70234674226043,416.278789762913,281170.5429229693,91457.42700994005,13745.164753028195,4470.9427562050005
Marshall Islands,MHL,Micronesia,Cleaning,Commercial/Retail,Office,328.58330976234026,11.084144632162902,264.58263760848115,6.927590395101813,173.44246952421238,45889.86606004472,1201.5383859786725,2844.263354291172,74.47159674734449
Marshall Islands,MHL,Micronesia,Tech,Commercial/Retail,Office,286.67940261000297,110.81724806773225,272.79583581693674,106.91684803222199,173.44246952421238,47314.38344001109,18543.92215645351,2932.55523503207,1149.3561163463864
Marshall Islands,MHL,Micronesia,ArmedForces,Correctional facilities,Dayroom,24.484465345232408,9.793786138092964,24.484465345232408,9.793786138092964,155.49262375916356,3807.1537578705015,1522.8615031482007,446.84149255049147,178.7365970201966
North Macedonia,MKD,Southern Europe,Food,Industrial,Manufacturing,67797.00458459916,65048.99847151587,6976.735608739461,4228.729495656172,416.278789762913,2904267.055701883,1760330.3966864846,141976.56963784804,86054.6452366031
North Macedonia,MKD,Southern Europe,Health,Health care,Group treatment area,38758.41599829089,22937.16164100806,37764.18343906004,22235.35042272746,494.6359941082607,18679524.41706618,10998404.660691332,1180130.7324706262,694854.7007102332
North Macedonia,MKD,Southern Europe,Retail,Commercial/Retail,Retail,66847.45801592563,5126.236704407504,51262.36704407503,3943.259003390387,183.9890348898506,9431713.438608646,725516.4183545114,825324.1094096081,63486.469954585235
North Macedonia,MKD,Southern Europe,Security,Commercial/Retail,Office,19914.06676401946,15931.253411215564,19914.06676401946,15931.253411215564,173.44246952421238,3453944.917821576,2763155.93425726,214076.2177132092,171260.97417056732
North Macedonia,MKD,Southern Europe,Transport,Commercial/Retail,Transportation waiting,34803.92246283765,28475.93656050354,28475.93656050354,23298.493549502895,339.7263745961499,9674026.690929826,7915112.747124403,757459.9125093941,619739.928416777
North Macedonia,MKD,Southern Europe,Manual,Industrial,Manufacturing,72638.13179975917,36464.54806996145,64166.812136986846,33138.86098726221,416.278789762913,26711282.89932908,13795004.945898926,1305794.6269876824,674375.821090786
North Macedonia,MKD,Southern Europe,Cleaning,Commercial/Retail,Office,24027.472030429642,2668.2983793910453,17799.311375865494,1667.6864871194032,173.44246952421238,3087156.520860518,289247.6627181479,191342.59729055405,17927.629736533585
North Macedonia,MKD,Southern Europe,Tech,Commercial/Retail,Office,27506.86484878766,7186.946016153749,24107.072195844674,6944.911387274427,173.44246952421238,4181190.1346457778,1204542.5816357005,259151.02610533024,74657.7974132001
North Macedonia,MKD,Southern Europe,ArmedForces,Correctional facilities,Dayroom,4021.263495350764,1608.5053981403055,4021.263495350764,1608.5053981403055,155.49262375916356,625276.8117190354,250110.7246876141,73388.05879015144,29355.223516060574
Mali,MLI,Western Africa,Food,Industrial,Manufacturing,5272176.507387323,5266983.023840703,6247.760302956614,1054.2767563358534,416.278789762913,2600810.09764355,438873.05220265855,127141.92216516711,21454.53199143462
Mali,MLI,Western Africa,Health,Health care,Group treatment area,57908.364031914054,32450.9458851256,57211.198265871724,31958.828873801598,494.6359941082607,28298717.928364262,15807987.090528639,1787849.9458084914,998713.4023062999
Mali,MLI,Western Africa,Retail,Commercial/Retail,Retail,1089783.533298786,82842.8869980255,828428.8699802549,63725.29769078884,183.9890348898506,152421828.2625566,11724756.020196663,13337704.806682106,1025977.2928217003
Mali,MLI,Western Africa,Security,Commercial/Retail,Office,65278.27105372075,52222.61684297661,65278.27105372075,52222.61684297661,173.44246952421238,11322024.537828237,9057619.630262591,701741.4138274981,561393.1310619985
Mali,MLI,Western Africa,Transport,Commercial/Retail,Transportation waiting,126427.40302113925,103440.60247184122,103440.60247184122,84633.22020423373,339.7263745961499,35141500.86380016,28752137.07038195,2751520.0257509765,2251243.657432617
Mali,MLI,Western Africa,Manual,Industrial,Manufacturing,236810.4188805126,93294.34510760421,205519.60853509165,81099.6305142995,416.278789762913,85553453.9135356,33760056.04071201,4182324.0336891157,1650377.4809659948
Mali,MLI,Western Africa,Cleaning,Commercial/Retail,Office,97849.86357942631,11759.687301846745,71741.81356464964,7349.804563654216,173.44246952421238,12443077.312798472,1274768.2540405134,771224.4958199837,79010.39905928282
Mali,MLI,Western Africa,Tech,Commercial/Retail,Office,143101.16464285774,8748.301019603727,139166.6572957919,8718.220521167596,173.44246952421238,24137408.716811895,1512109.6970479738,1496041.565929763,93720.87060255166
Mali,MLI,Western Africa,ArmedForces,Correctional facilities,Dayroom,6505.493795501618,2602.197518200648,6505.493795501618,2602.197518200648,155.49262375916356,1011556.299111506,404622.51964460255,118725.26176790452,47490.10470716183
Myanmar,MMR,South-eastern Asia,Food,Industrial,Manufacturing,9166496.71490511,9146314.430458078,280808.15795956395,260625.87351253384,416.278789762913,116894480.15096018,108493023.20669962,5714446.014477126,5303736.525980064
Myanmar,MMR,South-eastern Asia,Health,Health care,Group treatment area,79817.29211186293,46587.3797230207,77881.26782172559,45220.77434174727,494.6359941082607,38522878.33141094,22367822.67087549,2433789.6194289248,1413149.1981796022
Myanmar,MMR,South-eastern Asia,Retail,Commercial/Retail,Retail,3764360.818702191,287539.8450395045,2875398.4503950453,221184.49618423427,183.9890348898506,529041785.8119563,40695521.9855351,46293915.051360235,3561070.388566172
Myanmar,MMR,South-eastern Asia,Security,Commercial/Retail,Office,112489.5386999406,89991.63095995248,112489.5386999406,89991.63095995248,173.44246952421238,19510463.387757156,15608370.710205726,1209262.5410243615,967410.0328194892
Myanmar,MMR,South-eastern Asia,Transport,Commercial/Retail,Transportation waiting,980095.0789979018,801895.973725556,801895.973725556,656096.705775455,339.7263745961499,272425211.9570326,222893355.2375722,21330432.901099794,17452172.373627104
Myanmar,MMR,South-eastern Asia,Manual,Industrial,Manufacturing,1618206.6748095083,559174.8175632235,1419703.9971299893,500743.50063349033,416.278789762913,590992661.746842,208448898.42535383,28890976.341595285,10190130.237891529
Myanmar,MMR,South-eastern Asia,Cleaning,Commercial/Retail,Office,1137947.7066781598,263877.5795795917,728391.7725821403,164923.48723724484,173.44246952421238,126334067.81776491,28604736.90897267,7830211.555258008,1772927.487800382
Myanmar,MMR,South-eastern Asia,Tech,Commercial/Retail,Office,140669.38166558693,16132.815723684012,133429.36575366685,15781.003714303946,173.44246952421238,23142318.70336535,2737096.2557796445,1434365.6818519186,169645.78992876742
Myanmar,MMR,South-eastern Asia,ArmedForces,Correctional facilities,Dayroom,24916.793429744543,9966.71737189782,24916.793429744543,9966.71737189782,155.49262375916356,3874377.5860560667,1549751.0344224272,454731.4800928379,181892.5920371352
Montenegro,MNE,Southern Europe,Food,Industrial,Manufacturing,10813.986835586384,8905.088470521623,2156.9516891971593,248.05332413239913,416.278789762913,897893.2387560643,103259.33756650268,43893.966875162194,5047.885146094322
Montenegro,MNE,Southern Europe,Health,Health care,Group treatment area,10112.989277372779,6405.068641051155,9737.021689849413,6139.679755740543,494.6359941082607,4816281.403212361,3036906.599487087,304281.9278077941,191864.992366892
Montenegro,MNE,Southern Europe,Retail,Commercial/Retail,Retail,26360.786184443343,2027.752783418719,20277.52783418719,1559.8098333990147,183.9890348898506,3730842.776164183,286987.90585878334,326468.1981304138,25112.93831772414
Montenegro,MNE,Southern Europe,Security,Commercial/Retail,Office,8116.815839762191,6493.452671809754,8116.815839762191,6493.452671809754,173.44246952421238,1407800.5839215983,1126240.4671372788,87255.77027744356,69804.61622195486
Montenegro,MNE,Southern Europe,Transport,Commercial/Retail,Transportation waiting,13138.358659494656,10749.566175950175,10749.566175950175,8795.099598504688,339.7263745961499,3651911.145436952,2987927.3008120516,285938.4602802747,233949.64932022474
Montenegro,MNE,Southern Europe,Manual,Industrial,Manufacturing,10472.709586665724,5924.592901004361,9041.032288318776,5340.1497819427805,416.278789762913,3763589.9791887603,2222991.0883798245,183985.0070672871,108672.04806253558
Montenegro,MNE,Southern Europe,Cleaning,Commercial/Retail,Office,4644.00629910114,370.46084294713,3561.2878801283414,231.53802684195625,173.44246952421238,617678.5646161068,40158.52716423227,38283.84471137967,2489.03378855103
Montenegro,MNE,Southern Europe,Tech,Commercial/Retail,Office,8175.151815415104,2042.71144774923,7662.251670051231,1976.6864481784955,173.44246952421238,1328959.851769706,342841.3790471223,82369.20545305073,21249.37931791883
Montenegro,MNE,Southern Europe,ArmedForces,Correctional facilities,Dayroom,592.6355485596363,237.05421942385456,592.6355485596363,237.05421942385456,155.49262375916356,92150.45637848903,36860.18255139562,10815.598761213361,4326.239504485346
Mongolia,MNG,Eastern Asia,Food,Industrial,Manufacturing,309229.7218505308,304605.0610693322,4624.660781198621,0.0,416.278789762913,1925148.19306137,0.0,94111.84689739195,0.0
Mongolia,MNG,Eastern Asia,Health,Health care,Group treatment area,54989.18528735629,29012.897879756943,54630.81124523896,28759.927967674124,494.6359941082607,27022365.629229523,14225695.56077246,1707212.8514137175,898747.7489898164
Mongolia,MNG,Eastern Asia,Retail,Commercial/Retail,Retail,118083.00750154856,9062.723958910196,90627.23958910196,6971.326122238612,183.9890348898506,16674418.346730128,1282647.5651330866,1459098.5573845415,112238.35056804166
Mongolia,MNG,Eastern Asia,Security,Commercial/Retail,Office,21675.30917118316,17340.247336946526,21675.30917118316,17340.247336946526,173.44246952421238,3759419.150350816,3007535.320280653,233009.57359021896,186407.65887217515
Mongolia,MNG,Eastern Asia,Transport,Commercial/Retail,Transportation waiting,116444.3348573312,95272.63761054372,95272.63761054372,77950.33986317214,339.7263745961499,32366627.77364282,26481786.360253215,2534252.160440463,2073479.040360379
Mongolia,MNG,Eastern Asia,Manual,Industrial,Manufacturing,100830.48074182526,47123.41032241412,86632.98479754498,41633.92208993454,416.278789762913,36063474.06507087,17331318.70068136,1762981.2406300404,847250.314530168
Mongolia,MNG,Eastern Asia,Cleaning,Commercial/Retail,Office,47891.65118394124,5619.925205691817,35226.43831520786,3512.4532535573853,173.44246952421238,6109760.453931986,609208.5663853474,378684.2118884845,37758.87247574189
Mongolia,MNG,Eastern Asia,Tech,Commercial/Retail,Office,38953.67892201138,6796.079984119156,36987.2794680502,6603.596785275888,173.44246952421238,6415165.091920823,1145344.1341804,397613.25428153964,70988.6654417158
Mongolia,MNG,Eastern Asia,ArmedForces,Correctional facilities,Dayroom,2907.384045599247,1162.953618239699,2907.384045599247,1162.953618239699,155.49262375916356,452076.7735257586,180830.70941030345,53059.758832186264,21223.903532874505
Mozambique,MOZ,Eastern Africa,Food,Industrial,Manufacturing,10526123.17602157,10520018.694405463,19294.466349065842,13189.984732958044,416.278789762913,8031877.10091038,5490710.8816270735,392642.3902034899,268416.18931569625
Mozambique,MOZ,Eastern Africa,Health,Health care,Group treatment area,83433.84748314787,53176.65496265261,80030.46256082214,50774.26560571681,494.6359941082607,39585947.4077162,25114779.343000606,2500951.955025692,1586695.8001786503
Mozambique,MOZ,Eastern Africa,Retail,Commercial/Retail,Retail,1173526.8181947747,87283.13832497687,872831.3832497688,67140.8756345976,183.9890348898506,160591403.82569826,12353184.909669098,14052585.270321278,1080968.0977170214
Mozambique,MOZ,Eastern Africa,Security,Commercial/Retail,Office,232023.83534936828,185619.06827949465,232023.83534936828,185619.06827949465,173.44246952421238,40242786.99147368,32194229.593178947,2494256.230005709,1995404.9840045674
Mozambique,MOZ,Eastern Africa,Transport,Commercial/Retail,Transportation waiting,187113.39403894037,153092.77694095124,153092.77694095124,125257.72658805102,339.7263745961499,52009654.08700643,42553353.34391435,4072267.8666293034,3331855.5272421576
Mozambique,MOZ,Eastern Africa,Manual,Industrial,Manufacturing,672578.5918380879,287611.06106601335,572593.7636283383,249260.23075662478,416.278789762913,238358638.94899616,103761747.19539219,11652283.089836687,5072445.695897315
Mozambique,MOZ,Eastern Africa,Cleaning,Commercial/Retail,Office,244510.25829352057,5477.758166821021,199193.75010558293,3423.598854263138,173.44246952421238,34548655.932101145,593797.4399436627,2141332.8136350163,36803.68768332873
Mozambique,MOZ,Eastern Africa,Tech,Commercial/Retail,Office,89395.06515764589,17159.38015260557,87524.33371317369,16664.855847003222,173.44246952421238,15180436.582674123,2890393.752369249,940886.5874166172,179147.20035528464
Mozambique,MOZ,Eastern Africa,ArmedForces,Correctional facilities,Dayroom,7656.1318582968825,3062.4527433187536,7656.1318582968825,3062.4527433187536,155.49262375916356,1190472.030492703,476188.8121970813,139724.4064139181,55889.76256556725
Mauritius,MUS,Eastern Africa,Food,Industrial,Manufacturing,33583.166795586476,29816.848542171025,4945.444100815991,1179.1258474005426,416.278789762913,2058683.4851278183,490845.08073406713,100639.78745160543,23995.210994601042
Mauritius,MUS,Eastern Africa,Health,Health care,Group treatment area,18501.964537337008,10430.478268980527,18013.16631430837,10085.444229195602,494.6359941082607,8909960.426915357,4988623.732331588,562911.4473221366,315170.13216236257
Mauritius,MUS,Eastern Africa,Retail,Commercial/Retail,Retail,45526.486385583186,3440.644486937716,34406.44486937716,2646.6496053367046,183.9890348898506,6330408.585507556,486954.5065775042,553943.7623969724,42611.058645920944
Mauritius,MUS,Eastern Africa,Security,Commercial/Retail,Office,24011.915711331105,19209.532569064882,24011.915711331105,19209.532569064882,173.44246952421238,4164685.9589805016,3331748.767184401,258128.09389680938,206502.4751174475
Mauritius,MUS,Eastern Africa,Transport,Commercial/Retail,Transportation waiting,26974.645265203133,22070.164307893476,22070.164307893476,18057.40716100375,339.7263745961499,7497816.907061997,6134577.46941436,587066.3705899665,480327.03048269975
Mauritius,MUS,Eastern Africa,Manual,Industrial,Manufacturing,36431.14787973432,13796.32574245539,31050.15124592366,12176.855755134826,416.278789762913,12925519.382608505,5068966.776865087,631870.5778545465,247799.01461699372
Mauritius,MUS,Eastern Africa,Cleaning,Commercial/Retail,Office,26871.483976607542,2173.7393963395198,20581.45381689002,1358.5871227122,173.44246952421238,3569698.1763999322,235636.70562699813,221250.62853156772,14604.811569156149
Mauritius,MUS,Eastern Africa,Tech,Commercial/Retail,Office,18459.723846789697,4958.453058925902,17388.592452534274,4795.586309311516,173.44246952421238,3015920.4165176256,831758.3323034927,186927.36886474345,51552.55282509879
Mauritius,MUS,Eastern Africa,ArmedForces,Correctional facilities,Dayroom,1051.2232320654618,420.48929282618474,1051.2232320654618,420.48929282618474,155.49262375916356,163457.45851044674,65382.983404178696,19184.82398519468,7673.929594077871
Malawi,MWI,Eastern Africa,Food,Industrial,Manufacturing,2682320.397990033,2646410.5170332217,171216.7784588398,135306.89750202847,416.278789762913,71273913.32395062,56325391.538718924,3484261.4416373903,2753495.36416628
Malawi,MWI,Eastern Africa,Health,Health care,Group treatment area,65881.05758019567,34382.701472442284,65076.76391024464,33814.964764241544,494.6359941082607,32189309.81009244,16726098.711896423,2033648.872195145,1056717.6488825483
Malawi,MWI,Eastern Africa,Retail,Commercial/Retail,Retail,1134958.6037786899,69168.172461445,691681.72461445,53206.286508803845,183.9890348898506,127261852.96276006,9789373.304827698,11136075.766292647,856621.212791742
Malawi,MWI,Eastern Africa,Security,Commercial/Retail,Office,75222.16726609229,60177.73381287384,75222.16726609229,60177.73381287384,173.44246952421238,13046718.453594418,10437374.762875536,808638.2981104922,646910.6384883937
Malawi,MWI,Eastern Africa,Transport,Commercial/Retail,Transportation waiting,109095.9193962933,89260.29768787634,89260.29768787634,73031.15265371703,339.7263745961499,30324077.328875333,24810608.72362528,2374323.9184975107,1942628.660588873
Malawi,MWI,Eastern Africa,Manual,Industrial,Manufacturing,434730.2187515739,165447.86323719783,342002.713654034,126039.53249375966,416.278789762913,142368475.73553336,52467584.04878562,6959755.222859593,2564904.4862480094
Malawi,MWI,Eastern Africa,Cleaning,Commercial/Retail,Office,354959.4307220018,55526.43558145288,249527.49595045738,34704.02223840804,173.44246952421238,43278665.11184023,6019151.319452675,2682420.5814674166,373068.23906288645
Malawi,MWI,Eastern Africa,Tech,Commercial/Retail,Office,193892.34366520157,29422.602023719744,191199.06434573862,28674.506497873568,173.44246952421238,33162037.890843693,4973377.219379267,2055389.94171669,308250.94485214085
Malawi,MWI,Eastern Africa,ArmedForces,Correctional facilities,Dayroom,15194.031965561013,6077.612786224407,15194.031965561013,6077.612786224407,155.49262375916356,2362559.895805683,945023.9583222735,277291.0833714885,110916.43334859543
Namibia,NAM,Southern Africa,Food,Industrial,Manufacturing,224038.0372213363,224038.0372213363,8557.427691422507,8557.427691422507,416.278789762913,3562275.6428689994,3562275.6428689994,174143.65352044802,174143.65352044802
Namibia,NAM,Southern Africa,Health,Health care,Group treatment area,17119.72945272563,10591.821995151755,16621.559127601286,10240.172353887509,494.6359941082607,8221621.422710297,5065157.832105076,519423.7227375402,320005.3860589846
Namibia,NAM,Southern Africa,Retail,Commercial/Retail,Retail,36064.56934660263,2774.1976420463557,27741.97642046356,2133.998186189505,183.9890348898506,5104219.467538082,392632.26673369866,446645.82036946336,34357.370797651034
Namibia,NAM,Southern Africa,Security,Commercial/Retail,Office,19377.852227286898,15502.28178182952,19377.852227286898,15502.28178182952,173.44246952421238,3360942.544375899,2688754.0355007197,208311.91144333416,166649.52915466734
Namibia,NAM,Southern Africa,Transport,Commercial/Retail,Transportation waiting,37380.80681671015,30584.296486399213,30584.296486399213,25023.5153070539,339.7263745961499,10390292.16489817,8501148.134916686,813542.2865382191,665625.5071676339
Namibia,NAM,Southern Africa,Manual,Industrial,Manufacturing,61787.269095426986,34288.27710958302,54224.60509024205,31686.182488595998,416.278789762913,22572552.98233785,13190285.698559549,1103470.7135864256,644813.8136429286
Namibia,NAM,Southern Africa,Cleaning,Commercial/Retail,Office,90199.41873232138,0.0,75166.18227693447,0.0,173.44246952421238,13037008.2788186,0.0,808036.4594770456,0.0
Namibia,NAM,Southern Africa,Tech,Commercial/Retail,Office,43149.30801322328,7570.130241135016,42925.37370409744,7363.421648095776,173.44246952421238,7445082.820488348,1277130.0347937774,461447.7673190475,79156.7827170296
Namibia,NAM,Southern Africa,ArmedForces,Correctional facilities,Dayroom,11346.039550332443,4538.415820132977,11346.039550332443,4538.415820132977,155.49262375916356,1764225.458956432,705690.1835825728,207065.2217935671,82826.08871742684
Niger,NER,Western Africa,Food,Industrial,Manufacturing,2734790.782949874,2684928.738773268,68956.14003213974,19094.095855533044,416.278789762913,28704978.519301087,7948467.114358348,1403257.4496540437,388564.85066009744
Niger,NER,Western Africa,Health,Health care,Group treatment area,282636.61135342397,181046.54322068064,271059.31484970805,172874.33392393996,494.6359941082607,134075693.66298938,85509868.01627146,8470603.589053378,5402322.935123124
Niger,NER,Western Africa,Retail,Commercial/Retail,Retail,2185647.5054711644,151416.223150557,1514162.2315055698,116474.01780812076,183.9890348898506,278589247.6413723,21429942.12625941,24378011.927239675,1875231.6867107444
Niger,NER,Western Africa,Security,Commercial/Retail,Office,73081.10345359345,58464.88276287477,73081.10345359345,58464.88276287477,173.44246952421238,12675367.058545694,10140293.646836556,785621.8621261296,628497.4897009038
Niger,NER,Western Africa,Transport,Commercial/Retail,Transportation waiting,215284.5415202808,176141.89760750253,176141.89760750253,144116.09804250204,339.7263745961499,59840048.28868309,48960039.50892252,4685374.476359568,3833488.2079305546
Niger,NER,Western Africa,Manual,Industrial,Manufacturing,710073.154740556,313977.71532928594,628273.9898780993,280625.02595333714,416.278789762913,261537136.14597183,116818246.18104124,12785375.694019321,5710719.278150411
Niger,NER,Western Africa,Cleaning,Commercial/Retail,Office,219760.88575639893,39191.38523595029,150474.58376704055,24494.615772468933,173.44246952421238,26098683.409183472,4248406.649623735,1617601.7754956859,263317.119554041
Niger,NER,Western Africa,Tech,Commercial/Retail,Office,205049.2752787737,31187.43963950667,201412.2211140794,30390.04058752518,173.44246952421238,34933433.02238265,5270923.688441413,2165181.3769763536,326692.9363158957
Niger,NER,Western Africa,ArmedForces,Correctional facilities,Dayroom,23105.49616002031,9242.198464008126,23105.49616002031,9242.198464008126,155.49262375916356,3592734.2211788367,1437093.688471535,421675.30492037063,168670.1219681483
Nigeria,NGA,Western Africa,Food,Industrial,Manufacturing,38727018.70304878,36010282.257253855,2989894.7175643113,273158.2717693811,416.278789762913,1244629754.5461981,113709994.78588685,60844357.50243374,5558770.830506906
Nigeria,NGA,Western Africa,Health,Health care,Group treatment area,1101483.33584461,628851.257582826,1081170.0978079783,614512.501321674,494.6359941082607,534785646.1293748,303960001.9832001,33786565.556499325,19203515.666302312
Nigeria,NGA,Western Africa,Retail,Commercial/Retail,Retail,10426775.672594858,786858.7016087631,7868587.01608763,605275.9243144332,183.9890348898506,1447733731.0367723,111364133.15667482,126684250.95901085,9744942.381462377
Nigeria,NGA,Western Africa,Security,Commercial/Retail,Office,907421.5431361522,725937.234508922,907421.5431361522,725937.234508922,173.44246952421238,157385433.34100586,125908346.67280471,9754781.588713637,7803825.270970911
Nigeria,NGA,Western Africa,Transport,Commercial/Retail,Transportation waiting,4160502.938652383,3404047.8588974043,3404047.8588974043,2785130.066370603,339.7263745961499,1156444838.0550017,946182140.2268194,90547673.04667096,74084459.76545805
Nigeria,NGA,Western Africa,Manual,Industrial,Manufacturing,11175544.42352423,4417282.882683104,9752560.857461171,3872282.8376544146,416.278789762913,4059784230.833093,1611949213.2784781,198464613.44933486,78800955.74626735
Nigeria,NGA,Western Africa,Cleaning,Commercial/Retail,Office,756709.6426958622,89973.00847806175,555613.861848167,56233.13029878859,173.44246952421238,96367040.30083066,9753212.988098703,5972849.014867796,604506.1507119773
Nigeria,NGA,Western Africa,Tech,Commercial/Retail,Office,3956706.1744363243,693700.8979697773,3921899.079723616,674705.0657309268,173.44246952421238,680223861.6119999,117022512.80086799,42160415.10702887,7253079.456607463
Nigeria,NGA,Western Africa,ArmedForces,Correctional facilities,Dayroom,199598.75250680812,79839.50100272326,199598.75250680812,79839.50100272326,155.49262375916356,31036133.72633952,12414453.49053581,3642677.233249248,1457070.8932996995
Netherlands,NLD,Western Europe,Food,Industrial,Manufacturing,231125.10551543397,148950.24627567804,85191.13561140068,3016.276371644754,416.278789762913,35463262.83084207,1255611.8775787486,1733639.6096920038,61381.22416297075
Netherlands,NLD,Western Europe,Health,Health care,Group treatment area,979065.9465333774,512547.46103378513,964501.3498797984,502266.5692783176,494.6359941082607,477077084.01655346,248439123.80232623,30140667.1837437,15695830.289947426
Netherlands,NLD,Western Europe,Retail,Commercial/Retail,Retail,570554.8352251963,43888.833478861256,438888.33478861256,33760.64113758558,183.9890348898506,80750641.14217046,6211587.780166958,7066102.190096662,543546.3223151279
Netherlands,NLD,Western Europe,Security,Commercial/Retail,Office,82033.98371862085,65627.1869748967,82033.98371862085,65627.1869748967,173.44246952421238,14228176.721066631,11382541.37685331,881865.3249751742,705492.2599801396
Netherlands,NLD,Western Europe,Transport,Commercial/Retail,Transportation waiting,258146.77395458068,211210.99687192967,211210.99687192967,172808.99744066971,339.7263745961499,71753946.24213943,58707774.198114075,5618212.516793329,4596719.331921815
Netherlands,NLD,Western Europe,Manual,Industrial,Manufacturing,386312.00160645595,198008.40543441413,309677.41976649273,163297.4633399804,416.278789762913,128912141.51729718,67977270.41052069,6301935.492248127,3323103.3789686016
Netherlands,NLD,Western Europe,Cleaning,Commercial/Retail,Office,136932.99352638406,4474.753156071825,110381.86697526021,2796.7207225448906,173.44246952421238,19144903.598882236,485070.1486877254,1186605.0699840472,30064.747767357574
Netherlands,NLD,Western Europe,Tech,Commercial/Retail,Office,293756.59448228235,96633.68939092211,272097.0068105927,93297.57416304616,173.44246952421238,47193176.81137564,16181761.663457077,2925042.8232138716,1002948.9222527462
Netherlands,NLD,Western Europe,ArmedForces,Correctional facilities,Dayroom,11238.418617483196,4495.367446993279,11238.418617483196,4495.367446993279,155.49262375916356,1747491.1977362938,698996.4790945177,205101.1397690683,82040.45590762734
Norway,NOR,Northern Europe,Food,Industrial,Manufacturing,72096.97423380797,54262.158954634135,18100.395630523613,265.5803513497811,416.278789762913,7534810.787304288,110555.46724469609,368343.05108115554,5404.560149968046
Norway,NOR,Northern Europe,Health,Health care,Group treatment area,425708.01584247756,202843.195135737,423389.74231169047,201206.7667610637,494.6359941082607,209423806.08358335,99524109.0981677,13230929.447240327,6287711.461283241
Norway,NOR,Northern Europe,Retail,Commercial/Retail,Retail,179608.9715925965,13816.07473789204,138160.74737892038,10627.749798378492,183.9890348898506,25420062.569908015,1955389.428454463,2224388.032800618,171106.77175389373
Norway,NOR,Northern Europe,Security,Commercial/Retail,Office,19655.817656232866,15724.654124986297,19655.817656232866,15724.654124986297,173.44246952421238,3409153.5548146446,2727322.8438517163,211300.03980450332,169040.0318436027
Norway,NOR,Northern Europe,Transport,Commercial/Retail,Transportation waiting,95584.79500040118,78205.74136396463,78205.74136396463,63986.51566142558,339.7263745961499,26568552.986183863,21737906.988695882,2080272.7202814592,1702041.3165939206
Norway,NOR,Northern Europe,Manual,Industrial,Manufacturing,110333.76452846335,57556.1984593102,99047.46126458362,54432.07254387014,416.278789762913,41231357.304309875,22658917.282849345,2015615.8367342767,1107692.6762677575
Norway,NOR,Northern Europe,Cleaning,Commercial/Retail,Office,37516.64801477642,1465.0991272372985,30042.9574062826,915.6869545233114,173.44246952421238,5210724.72435638,158819.00670362829,322961.79211753793,9843.634761125599
Norway,NOR,Northern Europe,Tech,Commercial/Retail,Office,92099.9325995863,45100.42990735679,89138.25888190455,43465.25403003741,173.44246952421238,15460359.749566084,7538720.9974669125,958236.282980474,467251.4808229022
Norway,NOR,Northern Europe,ArmedForces,Correctional facilities,Dayroom,3617.01070811692,1446.8042832467684,3617.01070811692,1446.8042832467684,155.49262375916356,562418.48517009,224967.39406803605,66010.44542313379,26404.178169253522
Nepal,NPL,Southern Asia,Food,Industrial,Manufacturing,1684192.8732976248,1627907.0545025351,131426.7981227393,75140.9793276497,416.278789762913,54710188.4649486,31279595.936114077,2674535.341797745,1529118.9293176713
Nepal,NPL,Southern Asia,Health,Health care,Group treatment area,134053.1071025857,84195.79075282633,128854.98425779193,80526.52756826604,494.6359941082607,63736313.2341572,39831319.01581553,4026718.258055998,2516453.986508314
Nepal,NPL,Southern Asia,Retail,Commercial/Retail,Retail,1238638.179936709,94776.73641047755,947767.3641047755,72905.1818542135,183.9890348898506,174378802.62173524,13413754.04782579,15259054.562086886,1173773.4278528374
Nepal,NPL,Southern Asia,Security,Commercial/Retail,Office,56882.56297078517,45506.05037662813,56882.56297078517,45506.05037662813,173.44246952421238,9865852.1945195,7892681.7556155985,611487.5519359405,489190.0415487524
Nepal,NPL,Southern Asia,Transport,Commercial/Retail,Transportation waiting,233882.20121330526,191358.16462906796,191358.16462906796,156565.7710601465,339.7263745961499,65009415.51880647,53189521.788114384,5090127.1791332085,4164649.5101998975
Nepal,NPL,Southern Asia,Manual,Industrial,Manufacturing,738376.6566274858,279204.01713201444,583490.5323281107,213931.95380902643,416.278789762913,242894732.63566375,89055334.82323693,11874032.332877053,4353515.260013688
Nepal,NPL,Southern Asia,Cleaning,Commercial/Retail,Office,122925.27711106841,10021.559215370671,94086.43157974812,6263.474509606669,173.44246952421238,16318583.041912358,1086352.4867481359,1011429.1394822923,67332.35097827169
Nepal,NPL,Southern Asia,Tech,Commercial/Retail,Office,109916.60890154431,22071.16797581192,100341.99536852972,21392.72430867278,173.44246952421238,17403563.47370488,3710406.933946856,1078676.4502116945,229971.7863182324
Nepal,NPL,Southern Asia,ArmedForces,Correctional facilities,Dayroom,16760.532838890485,6704.213135556195,16760.532838890485,6704.213135556195,155.49262375916356,2606139.2267207038,1042455.6906882817,305879.72430975136,122351.88972390056
Nauru,NRU,Polynesia,Food,Industrial,Manufacturing,167.82089502358295,167.82089502358295,0.0,0.0,416.278789762913,0.0,0.0,0.0,0.0
Nauru,NRU,Polynesia,Health,Health care,Group treatment area,382.6240131535692,234.15752599020612,372.3655862302842,226.91628345612264,494.6359941082607,184185.42191672188,112240.96144667109,11636.42456969638,7091.133858003833
Nauru,NRU,Polynesia,Retail,Commercial/Retail,Retail,89.08920233502656,6.8530155642328126,68.53015564232813,5.271550434025241,183.9890348898506,12608.7971974832,969.907476729477,1103.335505841483,84.87196198780639
Nauru,NRU,Polynesia,Security,Commercial/Retail,Office,1341.6582164148401,1073.3265731318722,1341.6582164148401,1073.3265731318722,173.44246952421238,232700.51431244006,186160.41144995208,14422.825826459532,11538.260661167627
Nauru,NRU,Polynesia,Transport,Commercial/Retail,Transportation waiting,276.179069738649,225.964693422531,225.964693422531,184.88020370934353,339.7263745961499,76766.16608316694,62808.68134077295,6010.660845039325,4917.813418668538
Nauru,NRU,Polynesia,Manual,Industrial,Manufacturing,418.41605784167814,230.70393663568876,303.4599290774779,172.44037753170318,416.278789762913,126323.93201791191,71783.27166515721,6175.409556726676,3509.16168277016
Nauru,NRU,Polynesia,Cleaning,Commercial/Retail,Office,308.2781330799649,17.340644985748025,242.4479067451807,10.837903116092514,173.44246952421238,42050.763676860086,1879.7526809192423,2606.3149975106926,116.50745849799452
Nauru,NRU,Polynesia,Tech,Commercial/Retail,Office,118.98900311869983,57.0992594151227,116.75942613718573,55.04118835526354,173.44246952421238,20251.04320946336,9546.47963388423,1255.1638309747466,591.6927748190831
Nauru,NRU,Polynesia,ArmedForces,Correctional facilities,Dayroom,13.655783601039598,5.462313440415841,13.655783601039598,5.462313440415841,155.49262375916356,2123.373621613006,849.3494486452026,249.21805071897268,99.6872202875891
Pakistan,PAK,Southern Asia,Food,Industrial,Manufacturing,26148733.074296698,26031520.233499758,735172.2419564215,617959.4011594799,416.278789762913,306036611.1489066,257243391.63728273,14960755.123813178,12575473.813595416
Pakistan,PAK,Southern Asia,Health,Health care,Group treatment area,1276945.3855014655,825786.9678520949,1226221.4886359754,789981.8641823371,494.6359941082607,606533285.028367,390753464.7173273,38319421.51987423,24686933.255698033
Pakistan,PAK,Southern Asia,Retail,Commercial/Retail,Retail,9692333.801514594,718916.5583984328,7189165.5839843275,553012.7372295636,183.9890348898506,1322727637.4606054,101748279.80466196,115745565.90214768,8903505.069395976
Pakistan,PAK,Southern Asia,Security,Commercial/Retail,Office,1182413.9958409588,945931.196672767,1182413.9958409588,945931.196672767,173.44246952421238,205080803.4386477,164064642.75091815,12710950.455290306,10168760.364232246
Pakistan,PAK,Southern Asia,Transport,Commercial/Retail,Transportation waiting,4022017.134103909,3290741.2915395624,3290741.2915395624,2692424.693077824,339.7263745961499,1117951608.7085876,914687679.8524809,87533718.35495237,71618496.83587012
Pakistan,PAK,Southern Asia,Manual,Industrial,Manufacturing,8358027.789686955,4136582.7034472665,6543544.4895697,3235702.016099359,416.278789762913,2723938780.877853,1346954119.2952588,133161130.36274341,65846536.027621955
Pakistan,PAK,Southern Asia,Cleaning,Commercial/Retail,Office,1214532.6599450721,105206.30396415299,924438.6299840992,65753.93997759563,173.44246952421238,160336918.90802178,11404525.73066102,9937715.272329066,706854.854759153
Pakistan,PAK,Southern Asia,Tech,Commercial/Retail,Office,998815.3825209215,210071.19712147687,982356.2880706183,203814.2428531759,173.44246952421238,170382300.5556066,35350045.60466238,10560330.096759146,2191003.110671641
Pakistan,PAK,Southern Asia,ArmedForces,Correctional facilities,Dayroom,147702.3966492999,59080.95865971997,147702.3966492999,59080.95865971997,155.49262375916356,22966633.19051633,9186653.276206532,2695568.738849723,1078227.4955398894
Panama,PAN,Central America,Food,Industrial,Manufacturing,279968.32275478455,266673.37130857806,27455.494523647918,14160.543077441407,416.278789762913,11429140.03264644,5894733.734662904,558719.3135562352,288167.0516259327
Panama,PAN,Central America,Health,Health care,Group treatment area,96041.28741161992,48600.58548646158,94803.46069720238,47726.82545275509,494.6359941082607,46893204.02686412,23607405.753454953,2962608.146787574,1491463.2953985964
Panama,PAN,Central America,Retail,Commercial/Retail,Retail,64499.58338578384,2921.9329403010324,29219.329403010324,2247.6407233084865,183.9890348898506,5376036.216988504,413541.2474606541,470431.20338846627,36187.015645266634
Panama,PAN,Central America,Security,Commercial/Retail,Office,188433.69080246706,150746.95264197365,188433.69080246706,150746.95264197365,173.44246952421238,32682404.674341753,26145923.739473403,2025662.1761265208,1620529.7409012166
Panama,PAN,Central America,Transport,Commercial/Retail,Transportation waiting,129857.7285354484,106247.23243809416,106247.23243809416,86929.55381298614,339.7263745961499,36094987.087068185,29532262.162146702,2826176.3828533045,2312326.1314254315
Panama,PAN,Central America,Manual,Industrial,Manufacturing,129837.59502386491,58067.7620348249,108036.04233220102,48958.877244541414,416.278789762913,44973112.952823475,20380542.16750872,2198533.461460291,996313.1519264178
Panama,PAN,Central America,Cleaning,Commercial/Retail,Office,78143.44048128351,3040.787482968097,62585.54416526284,1900.4921768550603,173.44246952421238,10854991.33653985,329626.05646518787,672794.5997765756,20430.290901191896
Panama,PAN,Central America,Tech,Commercial/Retail,Office,45412.54384552108,7204.770025487968,40453.09754919088,6998.5117581311715,173.44246952421238,7016285.138835531,1213839.1623245077,434870.798653802,75234.00139991009
Panama,PAN,Central America,ArmedForces,Correctional facilities,Dayroom,3904.558658766528,1561.8234635066115,3904.558658766528,1561.8234635066115,155.49262375916356,607130.070473168,242852.02818926726,71258.19552248914,28503.27820899566
Peru,PER,South America,Food,Industrial,Manufacturing,4419470.750506486,3897064.5982556217,847096.3341314314,324690.18188056786,416.278789762913,352628236.7848324,135161635.9611429,17238410.39957463,6607445.201269557
Peru,PER,South America,Health,Health care,Group treatment area,498281.05550775933,286966.79062935075,487108.9723442934,279080.61427866877,494.6359941082607,240941630.77457282,138043317.0800734,15222155.385759167,8721269.196208399
Peru,PER,South America,Retail,Commercial/Retail,Retail,2501428.8196306885,151193.6890779086,1511936.890779086,116302.83775223739,183.9890348898506,278179809.3488054,21398446.87298504,24342183.941543285,1872475.6878110222
Peru,PER,South America,Security,Commercial/Retail,Office,131781.41694776705,105425.13355821365,131781.41694776705,105425.13355821365,173.44246952421238,22856494.39282061,18285195.514256492,1416650.2321884958,1133320.1857507967
Peru,PER,South America,Transport,Commercial/Retail,Transportation waiting,1160015.1884024332,949103.3359656272,949103.3359656272,776539.0930627858,339.7263745961499,322435435.4447142,263810810.8184025,25246148.736685686,20655939.8754701
Peru,PER,South America,Manual,Industrial,Manufacturing,972001.4025164058,407921.21706810605,793005.2824312473,321255.77136465657,416.278789762913,330111279.24607664,133731963.70803031,16137657.497475883,6537554.947270761
Peru,PER,South America,Cleaning,Commercial/Retail,Office,690905.8280498234,83154.71157460786,506459.2637293464,51971.69473412992,173.44246952421238,87841545.4146322,9014099.080045998,5444437.085090473,558695.7183918966
Peru,PER,South America,Tech,Commercial/Retail,Office,520567.68333758035,99940.48122583327,425078.29176618636,96703.93435677425,173.44246952421238,73726628.66506104,16772569.187546253,4569591.636486503,1039567.2943353232
Peru,PER,South America,ArmedForces,Correctional facilities,Dayroom,50320.01796351288,20128.007185405157,50320.01796351288,20128.007185405157,155.49262375916356,7824391.62075486,3129756.6483019446,918340.3278341101,367336.1311336441
Philippines,PHL,South-eastern Asia,Food,Industrial,Manufacturing,9121726.469959777,8841594.939543417,991840.4333531772,711708.902936816,416.278789762913,412882135.2341837,296269320.77802825,20183952.818737157,14483276.174764207
Philippines,PHL,South-eastern Asia,Health,Health care,Group treatment area,1051534.9371053975,585354.4426812342,1027263.9711199978,568221.996103305,494.6359941082607,508121735.56653976,281063051.9167385,32101999.09749993,17756937.37822828
Philippines,PHL,South-eastern Asia,Retail,Commercial/Retail,Retail,6910629.491505631,512623.95957305114,5126239.5957305115,394326.1227485009,183.9890348898506,943171875.8325946,72551682.75635344,82532457.49126124,6348650.576250865
Philippines,PHL,South-eastern Asia,Security,Commercial/Retail,Office,900682.748371011,720546.198696809,900682.748371011,720546.198696809,173.44246952421238,156216640.13532293,124973312.10825838,9682339.544988368,7745871.635990697
Philippines,PHL,South-eastern Asia,Transport,Commercial/Retail,Transportation waiting,2760179.095381029,2258328.3507662965,2258328.3507662965,1847723.1960815154,339.7263745961499,767213703.2535363,627720302.6619843,60071534.13038349,49149437.01576831
Philippines,PHL,South-eastern Asia,Manual,Industrial,Manufacturing,2893491.0803771275,1480522.3050494518,2087864.4249667292,1070216.8228783528,416.278789762913,869133676.0141903,445508563.81171054,42488041.04807294,21778912.345574483
Philippines,PHL,South-eastern Asia,Cleaning,Commercial/Retail,Office,1367336.3619098854,104469.07882843805,1052389.402567873,65293.174267773786,173.44246952421238,182529016.88248238,11324609.388077443,11313186.077604635,701901.6233785682
Philippines,PHL,South-eastern Asia,Tech,Commercial/Retail,Office,693987.8291210389,129585.97130735373,659883.3944035205,125812.70599513814,173.44246952421238,114451805.52336642,21821266.42532044,7093746.489837846,1352486.5894477349
Philippines,PHL,South-eastern Asia,ArmedForces,Correctional facilities,Dayroom,40131.98626910235,16052.794507640945,40131.98626910235,16052.794507640945,155.49262375916356,6240227.84164945,2496091.136659781,732408.7494111179,292963.4997644473
Palau,PLW,Micronesia,Food,Industrial,Manufacturing,400.63932523097446,354.48888542974373,64.320782041812,18.170342240581203,416.278789762913,26775.377304969606,7563.9280774870795,1308.9279145508742,369.76646459582753
Palau,PLW,Micronesia,Health,Health care,Group treatment area,225.23477212488945,131.59336760996578,219.29427701609683,127.40007694493569,494.6359941082607,108470.84271410937,63016.66370912717,6852.946156753026,3981.2524045292403
Palau,PLW,Micronesia,Retail,Commercial/Retail,Retail,416.3561076689906,31.67489014559689,316.74890145596896,24.365300111997612,183.9890348898506,58278.32468130412,4482.948052408009,5099.657313441101,392.2813318031616
Palau,PLW,Micronesia,Security,Commercial/Retail,Office,354.68019807793604,283.7441584623488,354.68019807793604,283.7441584623488,173.44246952421238,61516.609445974034,49213.28755677922,3812.8121293378126,3050.2497034702496
Palau,PLW,Micronesia,Transport,Commercial/Retail,Transportation waiting,159.10710688820404,130.1785419994397,130.1785419994397,106.50971618135974,339.7263745961499,44225.08412368228,36184.15973755823,3462.749217185096,2833.158450424169
Palau,PLW,Micronesia,Manual,Industrial,Manufacturing,334.7186662581535,132.192892941178,279.3927491813708,114.9386787539317,416.278789762913,116305.27549775413,47846.53408863493,5685.642445840896,2339.0021126425104
Palau,PLW,Micronesia,Cleaning,Commercial/Retail,Office,328.3776982116236,45.66842160559005,235.59106383836138,28.542763503493777,173.44246952421238,40861.49590996177,4950.527389091521,2532.6039362623847,306.8347076625581
Palau,PLW,Micronesia,Tech,Commercial/Retail,Office,300.3608576619007,73.38809453082315,291.01728457608067,71.07026821618577,173.44246952421238,50474.756511105916,12326.6028291634,3128.435809192867,764.005383323997
Palau,PLW,Micronesia,ArmedForces,Correctional facilities,Dayroom,14.12526787732761,5.650107150931045,14.12526787732761,5.650107150931045,155.49262375916356,2196.374963546701,878.5499854186805,257.78613876122887,103.11445550449157
Papua New Guinea,PNG,Melanesia,Food,Industrial,Manufacturing,1398441.0046314662,1398441.0046314662,29465.078044612135,29465.078044612135,416.278789762913,12265687.028680919,12265687.028680919,599614.338207857,599614.338207857
Papua New Guinea,PNG,Melanesia,Health,Health care,Group treatment area,57630.463079111316,32665.88088828843,56423.009632932204,31813.56080863259,494.6359941082607,27908851.460365392,15736132.276701583,1763219.0510291313,994173.7752697684
Papua New Guinea,PNG,Melanesia,Retail,Commercial/Retail,Retail,820798.6725080472,48733.130350379586,487331.30350379593,37487.023346445836,183.9890348898506,89663616.20327628,6897201.246405866,7846033.986411115,603541.075877778
Papua New Guinea,PNG,Melanesia,Security,Commercial/Retail,Office,69492.46703351496,55593.973626811974,69492.46703351496,55593.973626811974,173.44246952421238,12052945.095622752,9642356.076498203,747044.0206102858,597635.2164882288
Papua New Guinea,PNG,Melanesia,Transport,Commercial/Retail,Transportation waiting,64107.478546572966,52451.57335628698,52451.57335628698,42914.92365514388,339.7263745961499,17819182.858195387,14579331.429432586,1395211.8512772338,1141536.9692268274
Papua New Guinea,PNG,Melanesia,Manual,Industrial,Manufacturing,101234.61212878731,45091.11732033512,88321.68770587361,40770.93268449512,416.278789762913,36766445.26801902,16972074.51540682,1797346.3448145282,829688.4801294758
Papua New Guinea,PNG,Melanesia,Cleaning,Commercial/Retail,Office,23237.160672203634,2081.947911191622,17629.34396751001,1301.2174444947636,173.44246952421238,3057676.9538167124,225686.36696115657,189515.4476507326,13988.087528318709
Papua New Guinea,PNG,Melanesia,Tech,Commercial/Retail,Office,13284.752002507306,3027.2267574900834,12135.939908462578,2930.556792374007,173.44246952421238,2104887.3877211935,508283.0071503023,130461.35401597271,31503.485518020574
Papua New Guinea,PNG,Melanesia,ArmedForces,Correctional facilities,Dayroom,3990.1345002342905,1596.0538000937163,3990.1345002342905,1596.0538000937163,155.49262375916356,620436.4825933886,248174.5930373555,72819.9546292758,29127.981851710323
Poland,POL,Eastern Europe,Food,Industrial,Manufacturing,1120118.4836610286,1042831.6624328574,83629.72741303181,6342.906184860557,416.278789762913,34813281.71569919,2640417.3102134485,1701864.9528551975,129078.14086191234
Poland,POL,Eastern Europe,Health,Health care,Group treatment area,922376.3972124109,497381.8614488923,911337.0370491121,489589.3719218578,494.6359941082607,450780101.2884644,242168525.68540713,28479282.407784756,15299667.872558057
Poland,POL,Eastern Europe,Retail,Commercial/Retail,Retail,1068375.1292625223,82182.70225096327,821827.0225096326,63217.46326997174,183.9890348898506,151207160.71794683,11631320.055226678,13231415.062405087,1017801.1586465451
Poland,POL,Eastern Europe,Security,Commercial/Retail,Office,193888.3086288549,155110.64690308392,193888.30862885487,155110.64690308392,173.44246952421238,33628467.060461245,26902773.648369,2084299.3177601898,1667439.4542081521
Poland,POL,Eastern Europe,Transport,Commercial/Retail,Transportation waiting,860663.6392529112,704179.3412069273,704179.3412069273,576146.7337147588,339.7263745961499,239228294.65373465,195732241.08032838,18731170.476104267,15325503.116812585
Poland,POL,Eastern Europe,Manual,Industrial,Manufacturing,1157970.7101000086,570094.5556467014,1031039.7078896215,528999.6275863885,416.278789762913,429199961.797799,220211324.75669348,20981658.055553798,10765142.421383006
Poland,POL,Eastern Europe,Cleaning,Commercial/Retail,Office,222297.66977999252,12201.585819987085,175080.06996667117,7625.991137491928,173.44246952421238,30366319.699491337,1322670.7354563575,1882110.752141715,81979.40472803824
Poland,POL,Eastern Europe,Tech,Commercial/Retail,Office,403183.57291158236,205147.18099510914,381889.2543541658,197638.48588355433,173.44246952421238,66235815.35994659,34278907.06466985,4105309.4843072826,2124613.723248209
Poland,POL,Eastern Europe,ArmedForces,Correctional facilities,Dayroom,67423.651788953,26969.4607155812,67423.651788953,26969.4607155812,155.49262375916356,10483880.520088524,4193552.20803541,1230481.645148392,492192.6580593569
Portugal,PRT,Southern Europe,Food,Industrial,Manufacturing,145223.35844190646,105195.38222749665,42506.594745244176,2478.618530834363,416.278789762913,17694593.817492843,1031796.322299658,865009.203065719,50439.88710247929
Portugal,PRT,Southern Europe,Health,Health care,Group treatment area,428887.53360719094,210780.58855670158,425895.45173026447,208668.53076122404,494.6359941082607,210663220.15278614,103214966.15218824,13309232.866570765,6520891.586288251
Portugal,PRT,Southern Europe,Retail,Commercial/Retail,Retail,334474.0281369253,25385.205204661383,253852.05204661383,19527.080926662602,183.9890348898506,46705994.0608646,3592768.7739126612,4087018.037950483,314386.0029192679
Portugal,PRT,Southern Europe,Security,Commercial/Retail,Office,92046.34332796071,73637.07466236858,92046.34332796071,73637.07466236858,173.44246952421238,15964745.097475016,12771796.077980015,989498.1907755777,791598.5526204623
Portugal,PRT,Southern Europe,Transport,Commercial/Retail,Transportation waiting,180371.3007320058,147576.51878073203,147576.51878073203,120744.42445696257,339.7263745961499,50135635.70089872,41020065.57346259,3925535.3995674723,3211801.6905552046
Portugal,PRT,Southern Europe,Manual,Industrial,Manufacturing,310768.19669342594,154563.6323838513,274088.6267833718,141133.16665082052,416.278789762913,114097281.84516075,58750743.80881108,5577703.555041616,2872059.941344198
Portugal,PRT,Southern Europe,Cleaning,Commercial/Retail,Office,134195.52000327728,8004.2339701828105,105159.40502757873,5002.646231364257,173.44246952421238,18239106.90168013,867671.3165238111,1130463.6040464714,53778.446987165764
Portugal,PRT,Southern Europe,Tech,Commercial/Retail,Office,120364.14786587031,41783.01008335393,116569.80058653667,40347.97213286939,173.44246952421238,20218154.085673902,6998051.92701897,1253125.3563052693,433740.70042834594
Portugal,PRT,Southern Europe,ArmedForces,Correctional facilities,Dayroom,9458.837137113322,3783.5348548453285,9458.837137113322,3783.5348548453285,155.49262375916356,1470779.4041603655,588311.7616641462,172623.77775231813,69049.51110092725
Palestine,PSE,Western Asia,Food,Industrial,Manufacturing,41874.82408335143,35424.55735837325,8434.191986254595,1983.9252612764124,416.278789762913,3510975.232666122,825866.0067442158,171635.806920281,40372.879066974994
Palestine,PSE,Western Asia,Health,Health care,Group treatment area,21405.48109337681,11794.42127692435,21212.4456072446,11658.160933772202,494.6359941082607,10492439.120406842,5766546.022950502,662888.9252263937,364317.52918038133
Palestine,PSE,Western Asia,Retail,Commercial/Retail,Retail,75434.9905220763,5723.809962697829,57238.099626978285,4402.930740536792,183.9890348898506,10531182.70929685,810090.9776382195,921533.4039943505,70887.18492264235
Palestine,PSE,Western Asia,Security,Commercial/Retail,Office,5001.903732780743,4001.5229862245947,5001.903732780743,4001.5229862245947,173.44246952421238,867542.5357358682,694034.0285886946,53770.465127392985,43016.37210191439
Palestine,PSE,Western Asia,Transport,Commercial/Retail,Transportation waiting,40592.17254805117,33211.7775393146,33211.7775393146,27173.272532166488,339.7263745961499,11282916.77732519,9231477.363266064,883433.2825457684,722809.0493556286
Palestine,PSE,Western Asia,Manual,Industrial,Manufacturing,64231.264609318285,30561.930691032765,52584.05732783038,25643.204070832286,416.278789762913,21889627.745252866,10674721.956249468,1070085.5666213483,521839.2028414371
Palestine,PSE,Western Asia,Cleaning,Commercial/Retail,Office,14258.157640273801,1635.8229654157503,10518.612229048378,1022.389353384844,173.44246952421238,1824374.0809737311,177325.73426633,113075.08146227007,10990.685548887073
Palestine,PSE,Western Asia,Tech,Commercial/Retail,Office,9769.007433731555,1675.8513339600968,9676.24546268542,1630.4304200407685,173.44246952421238,1678271.9087706143,282785.8784392698,104019.63872386827,17527.127015438262
Palestine,PSE,Western Asia,ArmedForces,Correctional facilities,Dayroom,13388.648337039915,5355.459334815967,13388.648337039915,5355.459334815967,155.49262375916356,2081836.0585150984,832734.4234060395,244342.83215097844,97737.1328603914
Romania,ROU,Eastern Europe,Food,Industrial,Manufacturing,742239.1902144032,728302.5783558534,38221.74244039074,24285.130581840913,416.278789762913,15910900.685715627,10109384.767843042,777812.4586619517,494202.4073404626
Romania,ROU,Eastern Europe,Health,Health care,Group treatment area,409760.44184523827,220269.75439356448,403929.0541937109,216153.48075719224,494.6359941082607,199797849.2703157,106917291.83429459,12622782.943553466,6754796.273662258
Romania,ROU,Eastern Europe,Retail,Commercial/Retail,Retail,705208.8510949103,54185.45787673589,541854.5787673588,41681.12144364299,183.9890348898506,99695300.99805287,7668869.307542529,8723858.718154477,671066.0552426522
Romania,ROU,Eastern Europe,Security,Commercial/Retail,Office,195809.2853866725,156647.42830933802,195809.2853866725,156647.42830933802,173.44246952421238,33961646.01323575,27169316.810588606,2104949.8179067294,1683959.8543253837
Romania,ROU,Eastern Europe,Transport,Commercial/Retail,Transportation waiting,628224.147214853,514001.5749939708,514001.5749939708,420546.7431768851,339.7263745961499,174619891.60941276,142870820.40770134,13672441.894839624,11186543.368505144
Romania,ROU,Eastern Europe,Manual,Industrial,Manufacturing,750357.7959970653,408394.8311744507,650001.5624178307,367484.3261858005,416.278789762913,270581863.7472971,152975930.56146458,13227531.795202855,7478306.03788104
Romania,ROU,Eastern Europe,Cleaning,Commercial/Retail,Office,124115.90982076667,14116.137908491904,91666.4765935623,8822.586192807441,173.44246952421238,15898860.072970858,1530211.1368707416,985414.6233807948,94842.80157268
Romania,ROU,Eastern Europe,Tech,Commercial/Retail,Office,144201.5077919733,39427.91736289433,136170.49944681043,38128.68845309225,173.44246952421238,23617747.700400196,6613133.8850236405,1463832.869053212,409883.40087074164
Romania,ROU,Eastern Europe,ArmedForces,Correctional facilities,Dayroom,19149.164851939393,7659.665940775758,19149.164851939393,7659.665940775758,155.49262375916356,2977553.885624811,1191021.5542499246,349472.2585478939,139788.90341915758
Russia,RUS,Eastern Europe,Food,Industrial,Manufacturing,1721493.6115712405,1586089.2076971445,171467.37335235166,36062.96947825588,416.278789762913,71378230.6629425,15012249.289665228,3489361.0477203564,733881.4288825073
Russia,RUS,Eastern Europe,Health,Health care,Group treatment area,4776748.087134191,2901342.5687509263,4629616.739111136,2797485.146617005,494.6359941082607,2289975078.090481,1383736846.4999957,144675523.09722298,87421410.83178142
Russia,RUS,Eastern Europe,Retail,Commercial/Retail,Retail,4460479.875677016,342419.02113388816,3424190.211338882,263399.24702606787,183.9890348898506,630013452.2635144,48462573.25103957,55129462.402556,4240727.877119693
Russia,RUS,Eastern Europe,Security,Commercial/Retail,Office,1846299.4283879693,1477039.5427103753,1846299.4283879693,1477039.5427103753,173.44246952421238,320226732.3407511,256181385.87260085,19847718.85517067,15878175.084136534
Russia,RUS,Eastern Europe,Transport,Commercial/Retail,Transportation waiting,5781535.403638355,4730347.148431382,4730347.148431382,3870284.030534767,339.7263745961499,1607023687.3178294,1314837562.3509512,125827234.14827476,102949555.21222481
Russia,RUS,Eastern Europe,Manual,Industrial,Manufacturing,5251865.2845200095,2922704.1036495324,4749938.119415891,2736420.2693725084,416.278789762913,1977298491.799174,1139113718.0170922,96661240.7301134,55686152.48173055
Russia,RUS,Eastern Europe,Cleaning,Commercial/Retail,Office,1872186.7481164394,330676.27072337683,1284592.0644942187,206672.6692021105,173.44246952421238,222802819.9970836,35845818.12957468,13809364.69331285,2221731.193922688
Russia,RUS,Eastern Europe,Tech,Commercial/Retail,Office,2994550.1286455984,1418235.048512102,2826484.535848468,1366736.2310124356,173.44246952421238,490232457.9695555,237050107.09501126,30384708.760371033,14692414.483383683
Russia,RUS,Eastern Europe,ArmedForces,Correctional facilities,Dayroom,128091.43230918245,51236.57292367299,128091.43230918245,51236.57292367299,155.49262375916356,19917272.890824076,7966909.156329631,2337668.6396425795,935067.4558570321
Rwanda,RWA,Eastern Africa,Food,Industrial,Manufacturing,2777234.424786705,2773352.997984513,207222.69176230996,203341.26496011805,416.278789762913,86262411.33822756,84646655.68645777,4216981.777363008,4137994.7419384024
Rwanda,RWA,Eastern Africa,Health,Health care,Group treatment area,32617.790762420773,18314.476191403377,32115.385243175628,17959.83700134798,494.6359941082607,15885425.505927943,8883581.829184081,1003605.7888492384,561244.9062921244
Rwanda,RWA,Eastern Africa,Retail,Commercial/Retail,Retail,519157.11896142806,38988.621324158106,389886.21324158105,29991.247172429317,183.9890348898506,71734788.09117699,5518060.62239823,6277168.033189455,482859.07947611203
Rwanda,RWA,Eastern Africa,Security,Commercial/Retail,Office,63801.75295485561,51041.402363884496,63801.75295485561,51041.402363884496,173.44246952421238,11065933.592463871,8852746.873971099,685868.8442646979,548695.0754117584
Rwanda,RWA,Eastern Africa,Transport,Commercial/Retail,Transportation waiting,105158.03274710756,86038.39042945165,86038.39042945165,70395.04671500588,339.7263745961499,29229510.456685692,23915054.010015562,2288621.185423414,1872508.2426191566
Rwanda,RWA,Eastern Africa,Manual,Industrial,Manufacturing,297878.46815965127,135894.8510113633,207282.75299037833,90625.4731499518,416.278789762913,86287413.55355953,37725462.2845533,4218204.0233542,1844228.3786015192
Rwanda,RWA,Eastern Africa,Cleaning,Commercial/Retail,Office,131888.77814073063,5432.136184936722,105380.5349631616,3395.0851155854516,173.44246952421238,18277460.223793354,588851.9466920368,1132840.7508539872,36497.16499254361
Rwanda,RWA,Eastern Africa,Tech,Commercial/Retail,Office,71547.20461612474,8846.561647570374,71082.56139165605,8654.952601531846,173.44246952421238,12328734.98787526,1501136.3528246898,764137.5349603025,93040.74046646735
Rwanda,RWA,Eastern Africa,ArmedForces,Correctional facilities,Dayroom,10017.094661096335,4006.8378644385334,10017.094661096335,4006.8378644385334,155.49262375916356,1557584.3312977785,623033.7325191112,182811.9775650081,73124.79102600324
Sudan,SDN,Northern Africa,Food,Industrial,Manufacturing,4760771.592985401,4699308.310986502,188935.79557048425,127472.51357158556,416.278789762913,78649964.32297432,53064103.677616134,3844843.439859355,2594065.6511817663
Sudan,SDN,Northern Africa,Health,Health care,Group treatment area,179726.1549675492,101617.69877303584,177440.03368639518,100003.96610398595,494.6359941082607,87768227.45707335,49465561.1886139,5545001.052699849,3125123.940749561
Sudan,SDN,Northern Africa,Retail,Commercial/Retail,Retail,2378915.8107244303,151953.74353647756,1519537.4353647754,116887.49502805967,183.9890348898506,279578226.21176374,21506017.40090491,24464552.709372886,1881888.669951761
Sudan,SDN,Northern Africa,Security,Commercial/Retail,Office,95088.16300073187,76070.53040058553,95088.16300073187,76070.53040058553,173.44246952421238,16492325.813367778,13193860.650694227,1022197.7522578676,817758.2018062944
Sudan,SDN,Northern Africa,Transport,Commercial/Retail,Transportation waiting,352818.9312841317,288670.03468701686,288670.03468701686,236184.57383483194,339.7263745961499,98068824.33876508,80238129.00444415,7678622.922674648,6282509.66400653
Sudan,SDN,Northern Africa,Manual,Industrial,Manufacturing,634862.2745806768,274722.8226573653,494126.19389225787,215103.89033774045,416.278789762913,205694253.9836236,89543187.14308895,10055468.045707447,4377364.1683730185
Sudan,SDN,Northern Africa,Cleaning,Commercial/Retail,Office,253674.33664404874,52963.92971300347,167258.67244253776,33102.45607062717,173.44246952421238,29009757.197775077,5741371.728206333,1798030.7287572809,355851.4027592421
Sudan,SDN,Northern Africa,Tech,Commercial/Retail,Office,146863.59470380234,25548.125644859952,135374.33304866578,24808.315273551776,173.44246952421238,23479658.63415379,4302815.465780056,1455274.0802731572,266689.38919068157
Sudan,SDN,Northern Africa,ArmedForces,Correctional facilities,Dayroom,169745.09438519008,67898.03775407604,169745.09438519008,67898.03775407604,155.49262375916356,26394110.096200068,10557644.038480029,3097847.972529719,1239139.1890118876
Senegal,SEN,Western Africa,Food,Industrial,Manufacturing,2230361.1129999207,2186347.2318828553,93792.21554905767,49778.33443199224,416.278789762913,39043709.977943994,20721664.813763272,1908671.5864233237,1012989.1056910421
Senegal,SEN,Western Africa,Health,Health care,Group treatment area,76917.55204308366,45373.281094601785,75294.81489410637,44227.81957767664,494.6359941082607,37243525.61634378,21876671.50404488,2352962.965440824,1382119.361802395
Senegal,SEN,Western Africa,Retail,Commercial/Retail,Retail,270284.78861720586,19050.27128794934,190502.71287949343,14654.054836884114,183.9890348898506,35050410.286596306,2696185.406661255,3067093.6773598446,235930.28287383425
Senegal,SEN,Western Africa,Security,Commercial/Retail,Office,61838.4543095519,49470.76344764152,61838.4543095519,49470.76344764152,173.44246952421238,10725414.227008855,8580331.381607084,664763.3838276829,531810.7070621463
Senegal,SEN,Western Africa,Transport,Commercial/Retail,Transportation waiting,138852.00654317215,113606.1871716863,113606.18717168632,92950.51677683427,339.7263745961499,38595018.09952863,31577742.081432514,3021924.5787668563,2472483.746263792
Senegal,SEN,Western Africa,Manual,Industrial,Manufacturing,310398.83060563134,110061.29174720668,260404.63706265483,92221.3645963607,416.278789762913,108400927.16509256,38389798.04445738,5299234.364225026,1876704.7695359404
Senegal,SEN,Western Africa,Cleaning,Commercial/Retail,Office,385211.7794174025,16650.781184985775,307134.1651936806,10406.73824061611,173.44246952421238,53270108.08644936,1804970.3801445153,3301692.275832067,111872.43608662319
Senegal,SEN,Western Africa,Tech,Commercial/Retail,Office,88754.042721649,13627.057781172169,78986.9082386335,13242.195621544475,173.44246952421238,13699684.424990952,2296759.1105233864,849109.2635653102,142353.60293160312
Senegal,SEN,Western Africa,ArmedForces,Correctional facilities,Dayroom,14874.988273125095,5949.995309250039,14874.988273125095,5949.995309250039,155.49262375916356,2312950.9549750104,925180.3819900043,271468.53598453297,108587.41439381322
Singapore,SGP,South-eastern Asia,Food,Industrial,Manufacturing,56833.09371656957,4666.707279313184,52410.88195708197,244.49551982556486,416.278789762913,21817538.511500973,101778.29909544044,1066561.447826618,4975.483828450245
Singapore,SGP,South-eastern Asia,Health,Health care,Group treatment area,128767.25159157603,69562.29794328705,127415.83724718385,68608.35840606903,494.6359941082607,63024459.32189714,33936163.5643218,3981744.9139744956,2144011.2001896575
Singapore,SGP,South-eastern Asia,Retail,Commercial/Retail,Retail,157280.23076103226,12098.479289310175,120984.79289310175,9306.522530238597,183.9890348898506,22259875.280750245,1712298.0985192498,1947855.1655789383,149835.01273684143
Singapore,SGP,South-eastern Asia,Security,Commercial/Retail,Office,64155.506270616635,51324.405016493314,64155.506270616635,51324.405016493314,173.44246952421238,11127289.441151842,8901831.552921474,689671.6924091289,551737.3539273031
Singapore,SGP,South-eastern Asia,Transport,Commercial/Retail,Transportation waiting,166693.98465982862,136385.98744895068,136385.98744895068,111588.53518550511,339.7263745961499,46333917.06174802,37909568.505066566,3627867.266142088,2968255.035934436
Singapore,SGP,South-eastern Asia,Manual,Industrial,Manufacturing,50569.640820840614,25198.092599219788,40683.18768688867,20696.963111731777,416.278789762913,16935548.13399546,8615706.755919358,827902.8694281845,421183.19932374166
Singapore,SGP,South-eastern Asia,Cleaning,Commercial/Retail,Office,81823.54901919581,4234.770116438501,64657.315752297756,2646.731322774063,173.44246952421238,11214324.51688528,459055.61678901874,695066.1443372009,28452.361719821176
Singapore,SGP,South-eastern Asia,Tech,Commercial/Retail,Office,96846.9203137053,53354.367463964445,92969.52926601138,51389.235290396755,173.44246952421238,16124864.74640055,8913075.87572722,999422.4396096223,552434.2793717651
Singapore,SGP,South-eastern Asia,ArmedForces,Correctional facilities,Dayroom,6570.532224274283,2628.212889709714,6570.532224274283,2628.212889709714,155.49262375916356,1021669.2950465413,408667.7180186166,119912.21309300567,47964.88523720228
Sierra Leone,SLE,Western Africa,Food,Industrial,Manufacturing,1509158.9442427089,1507835.1051042231,4778.052173488428,3454.213035002525,416.278789762913,1989001.7762038186,1437915.6217941297,97233.36173048952,70293.23526230139
Sierra Leone,SLE,Western Africa,Health,Health care,Group treatment area,23928.807600511744,13915.778496186882,23460.334986708825,13585.091945267177,494.6359941082607,11604326.11826353,6719675.459399356,733135.4683346509,424534.12328959926
Sierra Leone,SLE,Western Africa,Retail,Commercial/Retail,Retail,586139.303706779,35556.66068904798,355566.6068904798,27351.27745311383,183.9890348898506,65420356.840838276,5032335.141602945,5724622.370936725,440355.5669951327
Sierra Leone,SLE,Western Africa,Security,Commercial/Retail,Office,28355.638532345016,22684.510825876016,28355.638532345016,22684.510825876016,173.44246952421238,4918071.971985833,3934457.5775886667,304823.1142227089,243858.49137816718
Sierra Leone,SLE,Western Africa,Transport,Commercial/Retail,Transportation waiting,77985.22899464065,63806.09645016052,63806.09645016052,52204.9880046768,339.7263745961499,21676613.824145306,17735411.310664345,1697242.1655742698,1388652.680924403
Sierra Leone,SLE,Western Africa,Manual,Industrial,Manufacturing,130202.23921217845,53725.451242894065,109442.22361142881,45974.92878946633,416.278789762913,45558476.393927686,19138387.71591515,2227149.2504925765,935589.8008656398
Sierra Leone,SLE,Western Africa,Cleaning,Commercial/Retail,Office,5659.560042682009,214.20283459187263,4537.797673408447,133.87677161992036,173.44246952421238,787046.8346771864,23219.91788168798,48781.324989140805,1439.175294914144
Sierra Leone,SLE,Western Africa,Tech,Commercial/Retail,Office,41411.88429421777,6701.2679918571785,40372.08167224537,6522.47532558413,173.44246952421238,7002233.5450674305,1131274.2278800528,433999.8779766377,70116.6097500294
Sierra Leone,SLE,Western Africa,ArmedForces,Correctional facilities,Dayroom,4889.660083810739,1955.864033524296,4889.660083810739,1955.864033524296,155.49262375916356,760306.0757221833,304122.43028887344,89236.29652954599,35694.5186118184
El Salvador,SLV,Central America,Food,Industrial,Manufacturing,377585.2534680836,350791.6670071264,56776.07481952281,29982.48835856558,416.278789762913,23634675.713359553,12481073.967984308,1155393.1225772891,610143.6380968096
El Salvador,SLV,Central America,Health,Health care,Group treatment area,67306.21265118747,36712.22113844657,66344.6033582984,36033.438108171926,494.6359941082607,32816428.83585018,17823435.479774106,2073268.8549468247,1126044.9408803727
El Salvador,SLV,Central America,Retail,Commercial/Retail,Retail,459504.3906799365,34531.94622080317,345319.46220803173,26563.03555446398,183.9890348898506,63534994.580337994,4887307.275410615,5559643.341549312,427664.8724268701
El Salvador,SLV,Central America,Security,Commercial/Retail,Office,62647.0144713156,50117.61157705248,62647.0144713156,50117.61157705248,173.44246952421238,10865652.898224048,8692522.318579238,673455.4055666426,538764.3244533142
El Salvador,SLV,Central America,Transport,Commercial/Retail,Transportation waiting,107372.0764558459,87849.88073660119,87849.88073660119,71877.17514812826,339.7263745961499,29844921.49134967,24418572.1292861,2336806.827593592,1911932.8589402116
El Salvador,SLV,Central America,Manual,Industrial,Manufacturing,201305.75973060683,93841.49257292497,165575.36243682334,77546.88570310394,416.278789762913,68925511.48975651,32281123.730371047,3369458.6255893554,1578079.1240581651
El Salvador,SLV,Central America,Cleaning,Commercial/Retail,Office,113012.56038055618,5755.788115456347,89380.64355424985,3597.3675721602176,173.44246952421238,15502399.54571247,623936.3155017884,960841.9182081859,38671.70140072234
El Salvador,SLV,Central America,Tech,Commercial/Retail,Office,55692.189071584464,11672.533487613879,53961.945182763404,11321.899424115116,173.44246952421238,9359293.03282866,1963698.1958232836,580090.9107147066,121710.4188092375
El Salvador,SLV,Central America,ArmedForces,Correctional facilities,Dayroom,7221.543090883447,2888.617236353379,7221.543090883447,2888.617236353379,155.49262375916356,1122896.682791327,449158.6731165309,131793.1614086229,52717.26456344917
Somalia,SOM,Eastern Africa,Food,Industrial,Manufacturing,395542.3514504397,359837.05084814463,63843.862512139676,28138.561909844564,416.278789762913,26576845.820343316,11713486.497498896,1299222.6021220426,572619.7348653369
Somalia,SOM,Eastern Africa,Health,Health care,Group treatment area,155843.44040694728,84646.35097176905,154929.88103682388,84001.48553403486,494.6359941082607,76633895.72372395,41550158.30369801,4841558.782400746,2625046.4229385895
Somalia,SOM,Eastern Africa,Retail,Commercial/Retail,Retail,138166.4928590247,7920.027384001605,79200.27384001606,6092.328756924312,183.9890348898506,14571981.946836436,1120921.6882181873,1275124.4088242587,98086.49298648143
Somalia,SOM,Eastern Africa,Security,Commercial/Retail,Office,14466.901022290034,11573.520817832028,14466.901022290034,11573.520817832028,173.44246952421238,2509175.039668336,2007340.031734669,155519.18598961786,124415.3487916943
Somalia,SOM,Eastern Africa,Transport,Commercial/Retail,Transportation waiting,129056.77709869591,105591.90853529666,105591.90853529666,86393.37971069726,339.7263745961499,35872356.27338459,29350109.678223755,2808744.7670388916,2298063.9003045475
Somalia,SOM,Eastern Africa,Manual,Industrial,Manufacturing,95176.70958296781,48037.587204866664,85074.42072441982,44844.24098722264,416.278789762913,35414676.898942366,18667706.36599746,1731264.4617419434,912580.3040899808
Somalia,SOM,Eastern Africa,Cleaning,Commercial/Retail,Office,495156.8872122547,113143.98472114054,318344.0854092618,70714.99045071284,173.44246952421238,55214384.331809156,12264982.57615273,3422198.9181495644,760186.147345163
Somalia,SOM,Eastern Africa,Tech,Commercial/Retail,Office,20303.444016278663,5831.530917855101,19153.665152781545,5637.066104990047,173.44246952421238,3322058.984538282,977706.6661207069,205901.9003924016,60598.460628643006
Somalia,SOM,Eastern Africa,ArmedForces,Correctional facilities,Dayroom,35043.64286409927,14017.45714563971,35043.64286409927,14017.45714563971,155.49262375916356,5449027.975017885,2179611.1900071544,639546.4822698117,255818.5929079247
Serbia,SRB,Southern Europe,Food,Industrial,Manufacturing,514599.5932115894,503077.93153807643,16359.722318678505,4838.060645165561,416.278789762913,6810205.407676805,2013982.030169098,332920.3491851076,98454.53412911917
Serbia,SRB,Southern Europe,Health,Health care,Group treatment area,151733.26088470855,93717.7028803882,146747.21038495284,90198.1378217371,494.6359941082607,72586452.29137522,44615245.56816884,4585850.324529776,2818691.8069292842
Serbia,SRB,Southern Europe,Retail,Commercial/Retail,Retail,215160.45940936063,16550.80456995082,165508.0456995082,12731.388130731399,183.9890348898506,30451665.5947578,2342435.814981369,2664679.5357620823,204975.34890477554
Serbia,SRB,Southern Europe,Security,Commercial/Retail,Office,64230.00251783768,51384.00201427015,64230.00251783768,51384.00201427015,173.44246952421238,11140210.254240148,8912168.203392118,690472.5270667551,552378.0216534041
Serbia,SRB,Southern Europe,Transport,Commercial/Retail,Transportation waiting,138884.11728936183,113632.45960038695,113632.45960038695,92972.01240031661,339.7263745961499,38603943.53648293,31585044.711667858,3022623.425370293,2473055.529848422
Serbia,SRB,Southern Europe,Manual,Industrial,Manufacturing,245919.48888173825,144557.8316196446,220563.50750763417,133856.17905403598,416.278789762913,91815909.97114113,55721488.21890188,4488467.3777803555,2723973.2437496325
Serbia,SRB,Southern Europe,Cleaning,Commercial/Retail,Office,57022.5119046373,2807.1597250939567,45179.460149619445,1754.4748281837228,173.44246952421238,7836037.140120738,304300.4469182531,485679.19660840905,18860.60440297502
Serbia,SRB,Southern Europe,Tech,Commercial/Retail,Office,82263.06048180186,30002.22321650293,78097.67608813236,28955.71459557544,173.44246952421238,13545453.804827707,5022150.646294884,839550.0179474228,311273.93190243596
Serbia,SRB,Southern Europe,ArmedForces,Correctional facilities,Dayroom,8558.505418964993,3423.402167585997,8558.505418964993,3423.402167585997,155.49262375916356,1330784.463051886,532313.7852207544,156192.72389611113,62477.08955844445
Sao Tome and Principe,STP,Middle Africa,Food,Industrial,Manufacturing,9364.046215281818,8903.115863944171,488.71296555662383,27.782614218976324,416.278789762913,203440.84184335556,11565.313023525363,9945.308849077295,565.3761993561683
Sao Tome and Principe,STP,Middle Africa,Health,Health care,Group treatment area,1199.8489300801782,554.1964341439731,1189.6113112228388,546.9698796564395,494.6359941082607,588424.5735291404,270550.99017113866,37175.35347571372,17092.808739263735
Sao Tome and Principe,STP,Middle Africa,Retail,Commercial/Retail,Retail,5062.2437719502495,313.6790263855094,3136.7902638550945,241.29155875808416,183.9890348898506,577135.0132985786,44395.00102296758,50502.32324806703,3884.7940960051556
Sao Tome and Principe,STP,Middle Africa,Security,Commercial/Retail,Office,1408.6063537250027,1126.8850829800022,1408.6063537250027,1126.8850829800022,173.44246952421238,244312.1645775607,195449.73166204858,15142.518302543778,12114.014642035023
Sao Tome and Principe,STP,Middle Africa,Transport,Commercial/Retail,Transportation waiting,1184.0262463810084,968.748747039007,968.748747039007,792.612611213733,339.7263745961499,329109.4997261246,269271.4088668292,25768.716671237587,21083.4954582853
Sao Tome and Principe,STP,Middle Africa,Manual,Industrial,Manufacturing,1669.9943884039442,627.7216801230239,1483.1529036285583,581.7101937562737,416.278789762913,617405.0957558466,242153.61544961124,30182.161588841165,11837.80244294017
Sao Tome and Principe,STP,Middle Africa,Cleaning,Commercial/Retail,Office,723.8709040411082,104.73090341130775,515.9500005248337,65.45681463206733,173.44246952421238,89487.64224204584,11352.991576974358,5546.462505641963,703.6607572947239
Sao Tome and Principe,STP,Middle Africa,Tech,Commercial/Retail,Office,917.210648688811,152.54294747311673,866.2100565789884,148.2967443291315,173.44246952421238,150237.6113397675,25720.953558845307,9311.758108224125,1594.1900015381639
Sao Tome and Principe,STP,Middle Africa,ArmedForces,Correctional facilities,Dayroom,110.71504662908396,44.28601865163359,110.71504662908396,44.28601865163359,155.49262375916356,17215.3730899744,6886.149235989762,2020.5496009807823,808.219840392313
Suriname,SUR,South America,Food,Industrial,Manufacturing,21100.320377302512,20069.01813455798,2245.192327667589,1213.8900849230558,416.278789762913,934625.9449464415,505316.6954569694,45689.66386803544,24702.66322818419
Suriname,SUR,South America,Health,Health care,Group treatment area,8940.180982554271,5203.690372091699,8675.821877160699,5017.083944755059,494.6359941082607,4291373.7789155785,2481630.3045385126,271119.4336612718,156783.8732735956
Suriname,SUR,South America,Retail,Commercial/Retail,Retail,20380.78431267177,1522.3416160968816,15223.416160968816,1171.0320123822169,183.9890348898506,2800941.647183207,215457.04978332363,245097.00019159797,18853.615399353694
Suriname,SUR,South America,Security,Commercial/Retail,Office,13242.480832805473,10593.984666244378,13242.480832805473,10593.984666244378,173.44246952421238,2296808.5782688297,1837446.8626150638,142356.66895265883,113885.33516212706
Suriname,SUR,South America,Transport,Commercial/Retail,Transportation waiting,15397.438277935355,12597.904045583473,12597.904045583473,10307.37603729557,339.7263745961499,4279840.268916244,3501687.492749654,335104.2476125204,274176.2025920622
Suriname,SUR,South America,Manual,Industrial,Manufacturing,19846.078868159733,8128.883059574342,17010.590457134524,7341.061062779836,416.278789762913,7081148.008648517,3055928.014789634,346165.51580268756,149390.59262756968
Suriname,SUR,South America,Cleaning,Commercial/Retail,Office,10355.034976068926,550.1413435679021,8170.744693750853,343.8383397299388,173.44246952421238,1417154.1375360023,59636.170759865694,87835.50545782167,3696.2621520968423
Suriname,SUR,South America,Tech,Commercial/Retail,Office,8761.026606255553,2330.02695113119,6713.349607968321,2247.201715206413,173.44246952421238,1164379.9347854287,389760.2150044461,72168.50828565945,24157.41843846894
Suriname,SUR,South America,ArmedForces,Correctional facilities,Dayroom,1140.7067720845348,456.2827088338139,1140.7067720845348,456.2827088338139,155.49262375916356,177371.48893127052,70948.5955725082,20817.89859054276,8327.159436217104
Slovakia,SVK,Eastern Europe,Food,Industrial,Manufacturing,47615.823986616146,30592.306823208226,18129.093852264683,1105.5766888567664,416.278789762913,7546757.248319008,460228.1260273833,368927.0598935863,22498.485618235198
Slovakia,SVK,Eastern Europe,Health,Health care,Group treatment area,175527.87351438752,97411.41327042275,171336.84511255161,94453.04028089157,494.6359941082607,84749370.70962006,46719873.4758864,5354276.409767238,2951657.5087778615
Slovakia,SVK,Eastern Europe,Retail,Commercial/Retail,Retail,184823.82282905877,14125.357111626758,141253.57111626762,10865.659316635969,183.9890348898506,25989108.224426955,1999162.1711097653,2274182.4949719086,174937.11499783912
Slovakia,SVK,Eastern Europe,Security,Commercial/Retail,Office,40705.630071944695,32564.504057555758,40705.630071944695,32564.504057555758,173.44246952421238,7060085.003217131,5648068.002573705,437585.5232734055,350068.4186187244
Slovakia,SVK,Eastern Europe,Transport,Commercial/Retail,Transportation waiting,125659.45129932385,102812.27833581042,102812.27833581042,84119.13682020853,339.7263745961499,34928042.58299516,28577489.386086952,2734806.6037325575,2237569.039417547
Slovakia,SVK,Eastern Europe,Manual,Industrial,Manufacturing,240082.75216798464,140095.89816443494,214667.40520359162,130096.58406070762,416.278789762913,89361487.63969597,54156448.56508045,4368481.69589309,2647465.4856354003
Slovakia,SVK,Eastern Europe,Cleaning,Commercial/Retail,Office,36874.3897869555,2546.824880379211,28606.30408881357,1591.765550237007,173.44246952421238,4961548.0251244,276079.74793667323,307517.76895474584,17111.479665047824
Slovakia,SVK,Eastern Europe,Tech,Commercial/Retail,Office,104460.26703722843,47478.475912225236,99125.95281400453,45765.80109782586,173.44246952421238,17192650.050001495,7937733.562160827,1065603.9927505488,491982.361801628
Slovakia,SVK,Eastern Europe,ArmedForces,Correctional facilities,Dayroom,6087.135251128161,2434.854100451265,6087.135251128161,2434.854100451265,155.49262375916356,946504.6313748128,378601.85254992516,111090.21833308894,44436.087333235584
Slovenia,SVN,Southern Europe,Food,Industrial,Manufacturing,44278.21217789028,35037.94057056824,10499.599359981095,1259.327752659051,416.278789762913,4370760.514568387,524231.43279175874,213666.8469756153,25627.319766611687
Slovenia,SVN,Southern Europe,Health,Health care,Group treatment area,63805.33268500915,34515.55240190178,62793.8915929658,33801.59398398883,494.6359941082607,31060118.992012996,16719485.04271412,1962309.1122801814,1056299.811999651
Slovenia,SVN,Southern Europe,Retail,Commercial/Retail,Retail,52059.73404358576,4004.5949264296746,40045.94926429674,3080.4576357151345,183.9890348898506,7368015.556385879,566770.4274142985,644739.7831551775,49595.36793501367
Slovenia,SVN,Southern Europe,Security,Commercial/Retail,Office,12520.902992090285,10016.72239367223,12520.902992090285,10016.72239367223,173.44246952421238,2171656.3356212387,1737325.0684969914,134599.70716497058,107679.76573197647
Slovenia,SVN,Southern Europe,Transport,Commercial/Retail,Transportation waiting,37506.962740587274,30687.514969571414,30687.514969571414,25107.966793285697,339.7263745961499,10425358.205977576,8529838.53216347,816287.8981905996,667871.9167013996
Slovenia,SVN,Southern Europe,Manual,Industrial,Manufacturing,80541.25377409556,45164.622279281604,69498.20341488287,40213.89968757285,416.278789762913,28930628.008244187,16740193.49359001,1414288.4394928664,818352.8586421075
Slovenia,SVN,Southern Europe,Cleaning,Commercial/Retail,Office,23933.248578563707,2122.3550703632336,18175.74459016706,1326.4719189770206,173.44246952421238,3152446.0271599186,230066.5653818954,195389.2543442959,14259.57312900297
Slovenia,SVN,Southern Europe,Tech,Commercial/Retail,Office,30005.95788841039,12077.70808627917,27904.421422140273,11647.156701517119,173.44246952421238,4839811.762100344,2020111.621246609,299972.5302880079,125206.93454130902
Slovenia,SVN,Southern Europe,ArmedForces,Correctional facilities,Dayroom,3481.57786277518,1392.6311451100723,3481.57786277518,1392.6311451100723,155.49262375916356,541359.6767047339,216543.8706818936,63538.79599564704,25415.51839825882
Sweden,SWE,Northern Europe,Food,Industrial,Manufacturing,153795.03535916202,89364.74229307097,65216.18893092898,785.8958648378963,416.278789762913,27148116.2011166,327151.7794943973,1327149.4447444049,15992.98084945119
Sweden,SWE,Northern Europe,Health,Health care,Group treatment area,663834.2897923128,313895.75784323935,660454.430450361,311509.97477833205,494.6359941082607,326684533.7690194,154084046.0491195,20639200.95157378,9734686.711822877
Sweden,SWE,Northern Europe,Retail,Commercial/Retail,Retail,194186.5898057555,14937.429985058117,149374.29985058118,11490.330757737014,183.9890348898506,27483233.266855586,2114094.866681199,2404926.2275943574,184994.32519956594
Sweden,SWE,Northern Europe,Security,Commercial/Retail,Office,44452.84146147414,35562.27316917932,44452.84146147414,35562.27316917932,173.44246952421238,7710010.600446373,6168008.4803571,477868.045710847,382294.4365686777
Sweden,SWE,Northern Europe,Transport,Commercial/Retail,Transportation waiting,174001.35673121442,142364.74641644815,142364.74641644815,116480.24706800302,339.7263745961499,48365059.170360155,39571412.04847649,3786902.254677521,3098374.572008881
Sweden,SWE,Northern Europe,Manual,Industrial,Manufacturing,208015.78912558052,111367.94430538423,185815.97930731013,104492.32267539125,416.278789762913,77351250.98465754,43497937.62282766,3781355.1789037613,2126418.766444212
Sweden,SWE,Northern Europe,Cleaning,Commercial/Retail,Office,57722.02047363519,3179.8461840886876,45451.81190795542,1987.4038650554298,173.44246952421238,7883274.501665792,344700.2342971783,488606.9780105208,21364.59154934587
Sweden,SWE,Northern Europe,Tech,Commercial/Retail,Office,162649.8649673424,88142.92784705223,153472.76083699273,84891.19583243376,173.44246952421238,26618694.644266848,14723738.646040838,1649832.178997672,912580.355198663
Sweden,SWE,Northern Europe,ArmedForces,Correctional facilities,Dayroom,11320.904435826253,4528.361774330502,11320.904435826253,4528.361774330502,155.49262375916356,1760317.1340533774,704126.8536213511,206606.50595382912,82642.60238153166
Eswatini,SWZ,Southern Africa,Food,Industrial,Manufacturing,49578.422119959214,49578.422119959214,3956.051833113459,3956.051833113459,416.278789762913,1646820.4693278242,1646820.4693278242,80505.6548038589,80505.6548038589
Eswatini,SWZ,Southern Africa,Health,Health care,Group treatment area,10083.572045265671,5952.910236268096,9813.5107598033,5762.278740647596,494.6359941082607,4854115.650367418,2850230.4732091203,306672.2112438531,180071.21064523738
Eswatini,SWZ,Southern Africa,Retail,Commercial/Retail,Retail,51803.10663085303,3687.824504753278,36878.24504753278,2836.7880805794443,183.9890348898506,6785192.714726968,521937.9011328437,593739.7452652778,45672.28809732906
Eswatini,SWZ,Southern Africa,Security,Commercial/Retail,Office,16040.6649312548,12832.531945003839,16040.6649312548,12832.531945003839,173.44246952421238,2782132.538487263,2225706.03078981,172437.1480109891,137949.71840879126
Eswatini,SWZ,Southern Africa,Transport,Commercial/Retail,Transportation waiting,18456.33513640323,15100.637838875375,15100.637838875375,12355.067322716217,339.7263745961499,5130084.947090572,4197342.2294377405,401676.966514085,328644.7907842514
Eswatini,SWZ,Southern Africa,Manual,Industrial,Manufacturing,21796.732959060642,9317.086671571242,19005.94183642994,8246.815094090263,416.278789762913,7911770.465973373,3432974.206766418,386770.91637134936,167822.68716473688
Eswatini,SWZ,Southern Africa,Cleaning,Commercial/Retail,Office,20145.970148105283,893.3915947682254,16043.81546111421,558.369746730141,173.44246952421238,2782678.974166389,96845.02778048466,172471.01620697777,6002.474777349015
Eswatini,SWZ,Southern Africa,Tech,Commercial/Retail,Office,7975.529655584774,1151.6968802513843,7305.43919225177,1120.9653929180324,173.44246952421238,1267073.4144631142,194423.0059988826,78533.47131670652,12050.377973868848
Eswatini,SWZ,Southern Africa,ArmedForces,Correctional facilities,Dayroom,1026.8919875250704,410.7567950100282,1026.8919875250704,410.7567950100282,155.49262375916356,159674.12945753546,63869.65178301419,18740.778772332535,7496.311508933015
Seychelles,SYC,Eastern Africa,Food,Industrial,Manufacturing,5758.533575090996,5005.522551689962,980.3694241863698,227.3584007853362,416.278789762913,408106.99742086587,94644.47992135107,19950.517782192626,4626.743455981592
Seychelles,SYC,Eastern Africa,Health,Health care,Group treatment area,10067.022758555702,4564.217415830129,9998.213365218433,4515.646079356762,494.6359941082607,4945476.207211318,2233601.087503702,312444.167663076,141113.93997989883
Seychelles,SYC,Eastern Africa,Retail,Commercial/Retail,Retail,4647.540530867592,357.5031177590455,3575.0311775904543,275.00239827618884,183.9890348898506,657766.5360659937,50597.4258512303,57558.00195920632,4427.538612246641
Seychelles,SYC,Eastern Africa,Security,Commercial/Retail,Office,4263.326465994366,3410.661172795493,4263.326465994366,3410.661172795493,173.44246952421238,739441.870649996,591553.4965199968,45830.759509439435,36664.607607551545
Seychelles,SYC,Eastern Africa,Transport,Commercial/Retail,Transportation waiting,5584.8190882531135,4569.397435843457,4569.397435843457,3738.597902053738,339.7263745961499,1552344.8249680412,1270100.3113374885,121545.97179343597,99446.70419462943
Seychelles,SYC,Eastern Africa,Manual,Industrial,Manufacturing,5147.302185238428,2417.0905580428375,4404.7501303081335,2137.8769437455444,416.278789762913,1833604.0534527032,889952.8268044305,89636.66515177052,43505.79580522183
Seychelles,SYC,Eastern Africa,Cleaning,Commercial/Retail,Office,5001.513670909212,402.79153478734924,3832.268446768219,251.7447092420933,173.44246952421238,664678.1032871975,43663.224060603476,41196.885802758356,2706.255624352503
Seychelles,SYC,Eastern Africa,Tech,Commercial/Retail,Office,3535.9869367375995,1217.618744396168,3162.898744841767,1174.7628721544684,173.44246952421238,548580.9691603878,203753.7736518276,34001.16150704899,12628.700875660536
Seychelles,SYC,Eastern Africa,ArmedForces,Correctional facilities,Dayroom,284.8334595531756,113.93338382127025,284.8334595531756,113.93338382127025,155.49262375916356,44289.501960322865,17715.800784129147,5198.210636845455,2079.284254738182
Togo,TGO,Western Africa,Food,Industrial,Manufacturing,1062246.7105905935,1062246.7105905935,264.15126558298834,264.15126558298834,416.278789762913,109960.5691512282,109960.5691512282,5375.478254613813,5375.478254613813
Togo,TGO,Western Africa,Health,Health care,Group treatment area,24307.041156004285,15569.899621040342,23418.582859014037,14942.752587870755,494.6359941082607,11583674.013075083,7391223.281015236,731830.7143441887,466961.0183709611
Togo,TGO,Western Africa,Retail,Commercial/Retail,Retail,689490.7997784085,53037.75382910835,530377.5382910834,40798.27217623719,183.9890348898506,97583651.39743121,7506434.722879324,8539078.366486443,656852.1820374188
Togo,TGO,Western Africa,Security,Commercial/Retail,Office,19854.419299695426,15883.535439756344,19854.419299695426,15883.535439756344,173.44246952421238,3443599.514308358,2754879.611446687,213435.00747172584,170748.0059773807
Togo,TGO,Western Africa,Transport,Commercial/Retail,Transportation waiting,86158.79349597624,70493.55831488967,70493.55831488967,57676.54771218245,339.7263745961499,23948520.998699747,19594244.45348161,1875128.6511760652,1534196.1691440532
Togo,TGO,Western Africa,Manual,Industrial,Manufacturing,137856.8730505111,54245.17978266496,123574.9695545712,49689.56889275623,416.278789762913,51441638.77116572,20684713.602517452,2514750.630435524,1011182.7269675893
Togo,TGO,Western Africa,Cleaning,Commercial/Retail,Office,53377.19582659058,10324.344527195582,35877.37608282917,6452.71532949724,173.44246952421238,6222660.707854805,1119174.8818847432,385681.7928904136,69366.68979209533
Togo,TGO,Western Africa,Tech,Commercial/Retail,Office,40845.591123446444,4150.910689492261,38073.62336318073,4067.7535839767215,173.44246952421238,6603583.259844815,705521.2270208882,409291.4511541929,43728.351027749755
Togo,TGO,Western Africa,ArmedForces,Correctional facilities,Dayroom,5760.57567877477,2304.230271509908,5760.57567877477,2304.230271509908,155.49262375916356,895727.0266559136,358290.81066236546,105130.50613763955,42052.20245505582
Thailand,THA,South-eastern Asia,Food,Industrial,Manufacturing,10418726.767524911,10285270.513831936,304713.695160129,171257.44146715256,416.278789762913,126845848.2454437,71290840.47183917,6200923.6965086255,3485088.933856555
Thailand,THA,South-eastern Asia,Health,Health care,Group treatment area,585906.2563986349,318298.9872907683,576378.5619284998,311573.5559000847,494.6359941082607,285097582.96219325,154115495.56048414,18011830.06026562,9736673.621877648
Thailand,THA,South-eastern Asia,Retail,Commercial/Retail,Retail,5305924.804854729,380138.5754485776,3801385.754485776,292414.2888065982,183.9890348898506,699413296.2118645,53801022.78552805,61202310.647221,4707870.0497862315
Thailand,THA,South-eastern Asia,Security,Commercial/Retail,Office,492274.59218249604,393819.6737459969,492274.59218249604,393819.6737459969,173.44246952421238,85381320.95215665,68305056.76172534,5291951.865961832,4233561.492769467
Thailand,THA,South-eastern Asia,Transport,Commercial/Retail,Transportation waiting,1805583.2400337353,1477295.3782094198,1477295.3782094198,1208696.21853498,339.7263745961499,501876203.04673433,410625984.3109645,39296057.06037057,32151319.413030468
Thailand,THA,South-eastern Asia,Manual,Industrial,Manufacturing,2668256.2635094128,1404888.4419117423,2282221.985570512,1230411.1631174888,416.278789762913,950040606.1236049,512194069.8933264,46443217.40635992,25038867.1694409
Thailand,THA,South-eastern Asia,Cleaning,Commercial/Retail,Office,742582.7609387016,84576.22526786607,548338.7797256963,52860.14079241629,173.44246952421238,95105232.0915179,9168193.35843424,5894641.882051235,568246.5135184751
Thailand,THA,South-eastern Asia,Tech,Commercial/Retail,Office,884094.9716883828,165280.96703394706,844265.2995982139,160481.24751932756,173.44246952421238,146431458.49591324,27834263.882078554,9075851.9706808,1725173.4108327713
Thailand,THA,South-eastern Asia,ArmedForces,Correctional facilities,Dayroom,27004.25794297325,10801.703177189303,27004.25794297325,10801.703177189303,155.49262375916356,4198962.920222144,1679585.168088858,492827.7074592618,197131.08298370478
Tajikistan,TJK,Central Asia,Food,Industrial,Manufacturing,440410.02988126874,431431.26685913926,69199.3452966996,60220.582274570115,416.278789762913,28806219.712496035,25068551.108075976,1408206.676787837,1225488.849287502
Tajikistan,TJK,Central Asia,Health,Health care,Group treatment area,77349.48188795215,46316.71444433555,75480.7782135231,44997.62949767975,494.6359941082607,37335509.76771114,22257447.19910002,2358774.3191725966,1406175.921802492
Tajikistan,TJK,Central Asia,Retail,Commercial/Retail,Retail,230898.51144756153,17761.423957504732,177614.2395750473,13662.63381346518,183.9890348898506,32679072.52210766,2513774.8093928974,2859589.2571582617,219968.4043967894
Tajikistan,TJK,Central Asia,Security,Commercial/Retail,Office,48847.30621790377,39077.844974323016,48847.30621790377,39077.844974323016,173.44246952421238,8472197.420038646,6777757.936030916,525108.5418424655,420086.8334739724
Tajikistan,TJK,Central Asia,Transport,Commercial/Retail,Transportation waiting,167891.33873998173,137365.6407872578,137365.6407872578,112390.06973502912,339.7263745961499,46666731.13873212,38181870.93168991,3653926.044941058,2989575.8549517747
Tajikistan,TJK,Central Asia,Manual,Industrial,Manufacturing,224478.51944319034,69763.53916271238,179058.4160598426,55538.07746019381,416.278789762913,74538220.73425542,23119323.670888394,3643838.766817797,1130199.8763149441
Tajikistan,TJK,Central Asia,Cleaning,Commercial/Retail,Office,179049.8964760679,37418.38059670079,118026.26323280591,23386.487872937993,173.44246952421238,20470766.56381261,4056210.21018041,1268782.3297526636,251404.7446340834
Tajikistan,TJK,Central Asia,Tech,Commercial/Retail,Office,40792.1028260155,24918.203067728562,38378.21545805404,23987.20836431957,173.44246952421238,6656412.464977194,4160400.655699429,412565.8161740809,257862.48991643536
Tajikistan,TJK,Central Asia,ArmedForces,Correctional facilities,Dayroom,3608.0817532716906,1443.2327013086767,3608.0817532716915,1443.2327013086767,155.49262375916356,561030.0985537784,224412.03942151135,65847.49199720837,26338.99679888335
Timor-Leste,TLS,South-eastern Asia,Food,Industrial,Manufacturing,210581.11234855978,210581.11234855978,475.03185909204836,475.03185909204836,416.278789762913,197745.6874016645,197745.6874016645,9666.898332523186,9666.898332523186
Timor-Leste,TLS,South-eastern Asia,Health,Health care,Group treatment area,8155.984070749059,4865.0651517592805,7951.007255134013,4720.375634854541,494.6359941082607,3932854.3778052055,2334867.694710688,248468.9767229379,147511.7385892044
Timor-Leste,TLS,South-eastern Asia,Retail,Commercial/Retail,Retail,110417.86628562967,7679.117922218361,76791.17922218361,5907.013786321816,183.9890348898506,14128734.953143109,1086825.765626393,1236337.9854771562,95102.92195978125
Timor-Leste,TLS,South-eastern Asia,Security,Commercial/Retail,Office,19247.91198889243,15398.329591113945,19247.91198889243,15398.329591113945,173.44246952421238,3338405.388538197,2670724.310830558,206915.05388059362,165532.0431044749
Timor-Leste,TLS,South-eastern Asia,Transport,Commercial/Retail,Transportation waiting,20297.473591758095,16607.02384780208,16607.02384780208,13587.56496638352,339.7263745961499,5641844.004645605,4616054.185619131,441746.83435153536,361429.2281058016
Timor-Leste,TLS,South-eastern Asia,Manual,Industrial,Manufacturing,25718.94067634789,10820.688940729233,20563.06691676951,8599.897780896068,416.278789762913,8559968.609926606,3579955.040316176,418458.4117562595,175007.919841235
Timor-Leste,TLS,South-eastern Asia,Cleaning,Commercial/Retail,Office,6608.16358184767,39.42230324741339,5473.951065500213,24.63893952963337,173.44246952421238,949415.5908550506,4273.438518477347,58844.973954127294,264.8685999435587
Timor-Leste,TLS,South-eastern Asia,Tech,Commercial/Retail,Office,4910.462053665629,3056.8049630492064,4787.280843408637,2943.0992305042905,173.44246952421238,830317.8117867484,510458.3985934733,51463.26906664285,31638.316727921123
Timor-Leste,TLS,South-eastern Asia,ArmedForces,Correctional facilities,Dayroom,1176.4854025497268,470.5941610198908,1176.4854025497268,470.5941610198908,155.49262375916356,182934.80205681277,73173.92082272512,21470.858596532515,8588.343438613007
Tonga,TON,Polynesia,Food,Industrial,Manufacturing,6365.162002934094,6172.474575218715,272.97385593012115,80.2864282147415,416.278789762913,113633.2263835066,33421.53717161959,5555.0179681779655,1633.8288141699898
Tonga,TON,Polynesia,Health,Health care,Group treatment area,602.3207627904904,346.4154249840163,588.1136454567446,336.3868715719605,494.6359941082607,290902.1776691301,166389.0546249645,18378.55142052327,10512.089736623766
Tonga,TON,Polynesia,Retail,Commercial/Retail,Retail,1770.2746962121707,136.17497663170545,1361.7497663170545,104.74998202438881,183.9890348898506,250547.02526615444,19272.848097396494,21924.17123770458,1686.4747105926601
Tonga,TON,Polynesia,Security,Commercial/Retail,Office,767.5818249788873,614.0654599831098,767.5818249788873,614.0654599831098,173.44246952421238,133131.28728624,106505.02982899199,8251.504618523039,6601.20369481843
Tonga,TON,Polynesia,Transport,Commercial/Retail,Transportation waiting,642.2368485863162,525.4665124797133,525.4665124797133,429.92714657431094,339.7263745961499,178514.83325641556,146057.59084615821,13977.409231960373,11436.062098876671
Tonga,TON,Polynesia,Manual,Industrial,Manufacturing,2267.0330343997134,477.52292426854933,2041.0520381121848,402.4338912849729,416.278789762913,849646.6722684673,167524.69322368823,41535.40897558296,8189.529687649199
Tonga,TON,Polynesia,Cleaning,Commercial/Retail,Office,318.5163615457599,19.962113567950517,248.79520664817449,12.47632097996907,173.44246952421238,43151.65504684613,2163.923921342577,2674.5484714678755,134.1204505346675
Tonga,TON,Polynesia,Tech,Commercial/Retail,Office,438.54685205584735,170.41785412028193,417.65412566189093,164.41606463992304,173.44246952421238,72438.96296177409,28516.728280600786,4489.781850865327,1767.4726948791726
Tonga,TON,Polynesia,ArmedForces,Correctional facilities,Dayroom,121.92761649671814,48.77104659868726,121.92761649671814,48.77104659868726,155.49262375916356,18958.844997775777,7583.537999110313,2225.179001065106,890.0716004260426
Trinidad and Tobago,TTO,Caribbean,Food,Industrial,Manufacturing,24444.98498383252,24444.98498383252,1228.8889503404985,1228.8889503404985,416.278789762913,511560.4050007592,511560.4050007592,25007.890139429146,25007.890139429146
Trinidad and Tobago,TTO,Caribbean,Health,Health care,Group treatment area,15591.114070193897,10231.575961603165,14937.824823318982,9770.43061086793,494.6359941082607,7388785.831297439,4832806.65807244,466807.0257287182,305325.95658962283
Trinidad and Tobago,TTO,Caribbean,Retail,Commercial/Retail,Retail,36234.241080371605,2787.249313874739,27872.49313874739,2144.0379337497993,183.9890348898506,5128233.112572115,394479.470197855,448747.139533833,34519.010733371775
Trinidad and Tobago,TTO,Caribbean,Security,Commercial/Retail,Office,11134.595352073362,8907.67628165869,11134.595352073362,8907.67628165869,173.44246952421238,1931211.715016421,1544969.372013137,119696.90003478865,95757.52002783092
Trinidad and Tobago,TTO,Caribbean,Transport,Commercial/Retail,Transportation waiting,27423.27556408275,22437.225461522256,22437.225461522256,18357.72992306366,339.7263745961499,7622517.262039383,6236605.032577676,596830.197276492,488315.6159534934
Trinidad and Tobago,TTO,Caribbean,Manual,Industrial,Manufacturing,45189.608999062024,23507.90059736876,37842.039754934034,20609.60847018011,416.278789762913,15752838.51134398,8579342.871454056,770085.5090129076,419405.5323681652
Trinidad and Tobago,TTO,Caribbean,Cleaning,Commercial/Retail,Office,40637.324327504626,0.0,33864.43693958719,0.0,173.44246952421238,5873531.571848963,0.0,364042.6971005623,0.0
Trinidad and Tobago,TTO,Caribbean,Tech,Commercial/Retail,Office,19304.278917118245,6040.484807495284,19085.99629196039,5838.9931535034175,173.44246952421238,3310322.3302075705,1012729.3920786013,205174.46013857418,62769.17640016174
Trinidad and Tobago,TTO,Caribbean,ArmedForces,Correctional facilities,Dayroom,2651.637400768857,1060.654960307543,2651.637400768857,1060.654960307543,155.49262375916356,412310.0567034783,164924.02268139133,48392.382564031635,19356.95302561266
Tunisia,TUN,Northern Africa,Food,Industrial,Manufacturing,489644.4595638828,479671.81602861424,45859.82466059426,35887.181125325646,416.278789762913,19090472.30845157,14939072.326853015,933247.4318430932,730304.135900377
Tunisia,TUN,Northern Africa,Health,Health care,Group treatment area,81242.73947875302,50106.78889127181,78315.94493297355,48040.816270721596,494.6359941082607,38737885.27644917,23762716.91384068,2447373.2791554234,1501275.50846005
Tunisia,TUN,Northern Africa,Retail,Commercial/Retail,Retail,334328.28007131466,24306.336191466646,243063.3619146665,18697.181685743573,183.9890348898506,44720993.375761956,3440076.41352015,3913320.126826131,301024.62514047156
Tunisia,TUN,Northern Africa,Security,Commercial/Retail,Office,170340.36031221392,136272.28824977114,170340.36031221392,136272.28824977114,173.44246952421238,29544252.75219452,23635402.201755617,1831158.8733562997,1464927.0986850397
Tunisia,TUN,Northern Africa,Transport,Commercial/Retail,Transportation waiting,192135.27284193356,157201.5868706729,157201.5868706729,128619.48016691422,339.7263745961499,53405525.188335426,43695429.69954718,4181562.2107598996,3421278.1724399184
Tunisia,TUN,Northern Africa,Manual,Industrial,Manufacturing,565836.3153272815,273035.8644552295,453365.0839477912,219686.35600102143,416.278789762913,188726268.46654797,91450770.40352966,9225979.458337551,4470617.344620787
Tunisia,TUN,Northern Africa,Cleaning,Commercial/Retail,Office,124358.00419201255,9102.892051890109,96045.92678343537,5689.307532431319,173.44246952421238,16658442.729060723,986767.5483075909,1032493.7129219302,61160.05597363668
Tunisia,TUN,Northern Africa,Tech,Commercial/Retail,Office,91180.76159406688,25123.68926631521,86555.06206726359,24296.186753408696,173.44246952421238,15012323.714767676,4213990.6305326605,930466.9172230836,261184.0075991435
Tunisia,TUN,Northern Africa,ArmedForces,Correctional facilities,Dayroom,7508.806618540855,3003.522647416343,7508.806618540855,3003.522647416343,155.49262375916356,1167564.0424170904,467025.61696683627,137035.7207883706,54814.288315348254
Türkiye,TUR,Western Asia,Food,Industrial,Manufacturing,5299343.327134044,4768149.507665535,727383.2677491703,196189.44828066116,416.278789762913,302794226.3924175,81669506.09452724,14802249.498695618,3992455.2725114548
Türkiye,TUR,Western Asia,Health,Health care,Group treatment area,1675977.6022471893,843493.5157151786,1658651.164129921,831263.0888088713,494.6359941082607,820428567.4482274,411172644.2984795,51832848.87906003,25976971.52527723
Türkiye,TUR,Western Asia,Retail,Commercial/Retail,Retail,2896095.159799788,218329.92896367586,2183299.2896367586,167946.09920282758,183.9890348898506,401703129.1759636,30900240.70584335,35151118.563151814,2703932.197165524
Türkiye,TUR,Western Asia,Security,Commercial/Retail,Office,964451.2634192809,771561.0107354248,964451.2634192809,771561.0107354248,173.44246952421238,167276808.86318675,133821447.09054942,10367851.08175727,8294280.865405817
Türkiye,TUR,Western Asia,Transport,Commercial/Retail,Transportation waiting,1745637.2292696657,1428248.6421297267,1428248.6421297267,1168567.0708334127,339.7263745961499,485213733.212606,396993054.4466776,37991413.88065073,31083884.08416878
Türkiye,TUR,Western Asia,Manual,Industrial,Manufacturing,2656560.5827366416,1337728.5871547,2263317.1987571805,1162458.6834305115,416.278789762913,942170944.3482255,483906893.88784254,46058504.99470863,23656034.207810912
Türkiye,TUR,Western Asia,Cleaning,Commercial/Retail,Office,825624.9720036762,47446.616674709025,648481.9627741395,29654.135421693143,173.44246952421238,112474313.06545512,5143286.47914388,6971181.099822,318781.95578320127
Türkiye,TUR,Western Asia,Tech,Commercial/Retail,Office,897289.1668151339,249020.58549638817,837847.6409722536,240745.76685801544,173.44246952421238,145318363.93526334,41755540.331354484,9006862.140451727,2588016.993723666
Türkiye,TUR,Western Asia,ArmedForces,Correctional facilities,Dayroom,63780.696574577734,25512.278629831104,63780.696574577734,25512.278629831104,155.49262375916356,9917427.855568187,3966971.1422272767,1163997.7124860436,465599.0849944177
Tuvalu,TUV,Polynesia,Food,Industrial,Manufacturing,614.5198237885463,594.9074889867842,51.754772393538914,32.1424375917768,416.278789762913,21544.4140164374,13380.215020734804,1053.209618208517,654.0986049926579
Tuvalu,TUV,Polynesia,Health,Health care,Group treatment area,470.69603524229075,263.8051308629179,460.69759004923554,256.74740484429066,494.6359941082607,227877.61043728358,126996.50782987179,14396.799689038611,8023.356401384083
Tuvalu,TUV,Polynesia,Retail,Commercial/Retail,Retail,431.47136563876654,33.190105049135894,331.9010504913589,25.53085003779684,183.9890348898506,61066.15395883269,4697.396458371746,5343.606912910878,411.0466856085291
Tuvalu,TUV,Polynesia,Security,Commercial/Retail,Office,467.4273127753304,373.94185022026437,467.4273127753304,373.94185022026437,173.44246952421238,81071.74745081973,64857.3979606558,5024.843612334802,4019.874889867842
Tuvalu,TUV,Polynesia,Transport,Commercial/Retail,Transportation waiting,258.22907488986783,211.27833400080098,211.27833400080098,172.86409145520082,339.7263745961499,71776.82244080659,58726.49108793267,5620.003684421306,4598.184832708342
Tuvalu,TUV,Polynesia,Manual,Industrial,Manufacturing,1837.0220264317181,792.9843875898943,1403.8363276102264,597.5106413766175,416.278789762913,584387.2874827973,248731.00666272026,28568.069266868108,12159.341552014168
Tuvalu,TUV,Polynesia,Cleaning,Commercial/Retail,Office,303.9911894273128,40.859030837004404,219.276798825257,25.536894273127754,173.44246952421238,38031.909497616485,4429.182006709994,2357.2255873715126,274.52161343612335
Tuvalu,TUV,Polynesia,Tech,Commercial/Retail,Office,516.4581497797357,236.10233819044396,447.25821755337165,227.3986393139223,173.44246952421238,77573.56976745422,39440.58156905233,4808.025838698745,2444.535372624665
Tuvalu,TUV,Polynesia,ArmedForces,Correctional facilities,Dayroom,17.0134684489596,6.805387379583841,17.0134684489596,6.805387379583841,155.49262375916356,2645.4688483724753,1058.1875393489902,310.4957991935127,124.19831967740511
Tanzania,TZA,Eastern Africa,Food,Industrial,Manufacturing,18511300.044509836,18511300.044509836,542583.0877521257,542583.0877521257,416.278789762913,225865831.11527932,225865831.11527932,11041565.835755758,11041565.835755758
Tanzania,TZA,Eastern Africa,Health,Health care,Group treatment area,1168127.3054083535,512300.09148249996,1162037.5159241431,508001.41655246913,494.6359941082607,574785581.8802323,251275785.68483523,36313672.37262947,15875044.26726466
Tanzania,TZA,Eastern Africa,Retail,Commercial/Retail,Retail,48738.63705122116,3749.1259270170126,37491.25927017013,2883.9430207823175,183.9890348898506,6897980.609923766,530613.8930710589,603609.2742497391,46431.48263459532
Tanzania,TZA,Eastern Africa,Security,Commercial/Retail,Office,566460.3198724694,453168.2558979756,566460.3198724694,453168.2558979756,173.44246952421238,98248276.76615638,78598621.41292511,6089448.438629046,4871558.750903238
Tanzania,TZA,Eastern Africa,Transport,Commercial/Retail,Transportation waiting,611718.4046733334,500496.8765509092,500496.8765509092,409497.44445074385,339.7263745961499,170031989.36733717,139117082.2096395,13313216.916254185,10892632.022389786
Tanzania,TZA,Eastern Africa,Manual,Industrial,Manufacturing,1177327.6012880874,611657.8709469275,970157.6931681162,527671.292410232,416.278789762913,403856070.39120287,219658366.99716356,19742709.055971164,10738110.800548222
Tanzania,TZA,Eastern Africa,Cleaning,Commercial/Retail,Office,2302935.4422536897,0.0,1919112.8685447413,0.0,173.44246952421238,332855675.2160951,0.0,20630463.33685597,0.0
Tanzania,TZA,Eastern Africa,Tech,Commercial/Retail,Office,244051.6525716016,40286.60558778253,242897.67183228038,39221.392597639875,173.44246952421238,42128772.04427243,6802655.190313323,2611149.972197014,421629.97042462864
Tanzania,TZA,Eastern Africa,ArmedForces,Correctional facilities,Dayroom,29751.839589895422,11900.735835958169,29751.839589895422,11900.735835958169,155.49262375916356,4626191.599494596,1850476.6397978384,542971.0725155915,217188.42900623658
Uganda,UGA,Eastern Africa,Food,Industrial,Manufacturing,12410461.174003089,12358777.147992622,178782.9620806651,127098.9360701997,416.278789762913,74423555.08516803,52908591.28745658,3638233.278341535,2586463.349028564
Uganda,UGA,Eastern Africa,Health,Health care,Group treatment area,209552.87443638264,137568.6421707221,200302.01532487856,131038.62397436627,494.6359941082607,99076586.47210938,64816420.03613923,6259437.978902455,4094956.999198946
Uganda,UGA,Eastern Africa,Retail,Commercial/Retail,Retail,2192160.4957563565,166755.91375242977,1667559.137524298,128273.77980956137,183.9890348898506,306812596.3348472,23600968.948834397,26847702.1141412,2065207.8549339382
Uganda,UGA,Eastern Africa,Security,Commercial/Retail,Office,189094.71081610094,151275.76865288077,189094.71081610094,151275.76865288077,173.44246952421238,32797053.617911343,26237642.894329075,2032768.141273085,1626214.5130184682
Uganda,UGA,Eastern Africa,Transport,Commercial/Retail,Transportation waiting,650073.2277611486,531878.0954409399,531878.0954409399,435172.98717895086,339.7263745961499,180693017.09125552,147839741.2564818,14147957.338729002,11575601.458960094
Uganda,UGA,Eastern Africa,Manual,Industrial,Manufacturing,622505.1018569397,229091.37337802968,528636.1370650888,192992.47983324894,416.278789762913,220060011.36239657,80338675.93832827,10757745.389274558,3927396.964606616
Uganda,UGA,Eastern Africa,Cleaning,Commercial/Retail,Office,216329.10921879238,14558.60937558798,168142.08320267033,9099.130859742487,173.44246952421238,29162978.141616732,1578175.7268377068,1807527.394428706,97815.65674223173
Uganda,UGA,Eastern Africa,Tech,Commercial/Retail,Office,188985.23592616591,22730.97951659361,186805.40489327506,22246.875594376263,173.44246952421238,32399990.745160013,3858553.042286549,2008158.102602707,239153.9126395448
Uganda,UGA,Eastern Africa,ArmedForces,Correctional facilities,Dayroom,24118.07022502533,9647.228090010132,24118.07022502533,9647.228090010132,155.49262375916356,3750182.0192969493,1500072.8077187797,440154.78160671226,176061.9126426849
Ukraine,UKR,Eastern Europe,Food,Industrial,Manufacturing,1924260.4591353994,1924260.4591353994,275762.81163126853,275762.81163126853,416.278789762913,114794209.4874826,114794209.4874826,5611773.216696315,5611773.216696315
Ukraine,UKR,Eastern Europe,Health,Health care,Group treatment area,929271.0849193408,597139.938348626,894659.030467644,572707.899912134,494.6359941082607,442530558.9232958,283281941.4066927,27958094.702113874,17897121.87225419
Ukraine,UKR,Eastern Europe,Retail,Commercial/Retail,Retail,1532166.0487754159,117858.92682887816,1178589.2682887816,90660.71294529088,183.9890348898506,216847502.00398812,16680577.077229854,18975287.219449386,1459637.4784191833
Ukraine,UKR,Eastern Europe,Security,Commercial/Retail,Office,347684.2211418982,278147.3769135186,347684.2211418982,278147.3769135186,173.44246952421238,60303209.929453194,48242567.94356256,3737605.3772754055,2990084.3018203247
Ukraine,UKR,Eastern Europe,Transport,Commercial/Retail,Transportation waiting,1430460.8173066366,1170377.0323417939,1170377.0323417939,957581.2082796496,339.7263745961499,397607946.10807854,325315592.2702461,31132029.06029172,25471660.14023868
Ukraine,UKR,Eastern Europe,Manual,Industrial,Manufacturing,1404845.8994515035,847971.419928566,1195948.882684342,756028.4393663314,416.278789762913,497848153.50214595,314718603.7657603,24337559.762626365,15385178.741104845
Ukraine,UKR,Eastern Europe,Cleaning,Commercial/Retail,Office,362415.7942331766,0.0,302013.16186098056,0.0,173.44246952421238,52381908.62198414,0.0,3246641.490005541,0.0
Ukraine,UKR,Eastern Europe,Tech,Commercial/Retail,Office,720053.7229418578,206319.75739596406,712756.9110235606,199584.23870215123,173.44246952421238,123622318.81837566,34616383.23861099,7662136.793503276,2145530.5660481257
Ukraine,UKR,Eastern Europe,ArmedForces,Correctional facilities,Dayroom,44214.29847798179,17685.71939119272,44214.29847798179,17685.71939119272,155.49262375916356,6874997.278012181,2749998.911204873,806910.9472231678,322764.37888926716
Uruguay,URY,South America,Food,Industrial,Manufacturing,130012.28702086685,120482.86493124004,18410.027977379603,8880.605887752801,416.278789762913,7663704.16592495,3696807.8713151356,374644.06933967496,180720.3298157695
Uruguay,URY,South America,Health,Health care,Group treatment area,105672.72763071787,54931.78878661306,103975.7676897918,53733.93471066526,494.6359941082607,51430157.21440974,26578738.212958287,3249242.7403059937,1679185.4597082892
Uruguay,URY,South America,Retail,Commercial/Retail,Retail,165067.41378103168,12490.37364405618,124903.73644056183,9607.979726197063,183.9890348898506,22980917.921835233,1767762.9170642486,2010950.1566930455,154688.47359177272
Uruguay,URY,South America,Security,Commercial/Retail,Office,41900.1495927209,33520.11967417672,41900.1495927209,33520.11967417672,173.44246952421238,7267265.418795436,5813812.335036348,450426.6081217497,360341.28649739973
Uruguay,URY,South America,Transport,Commercial/Retail,Transportation waiting,89664.50659817886,73361.86903487361,73361.86903487361,60023.34739216933,339.7263745961499,24922961.800815165,20391514.200666957,1951425.7163276381,1596621.0406317043
Uruguay,URY,South America,Manual,Industrial,Manufacturing,112585.94812374782,52078.836203057195,93321.5187262028,43992.22746349491,416.278789762913,38847768.87418073,18313031.207478445,1899092.906078227,895241.8288821216
Uruguay,URY,South America,Cleaning,Commercial/Retail,Office,71932.08829127887,2106.9885794063216,58187.58309322713,1316.867862128951,173.44246952421238,10092198.107334621,228400.81404471528,625516.5182521916,14156.329517886223
Uruguay,URY,South America,Tech,Commercial/Retail,Office,37727.88938323161,7982.711706576552,36248.332780392266,7740.805576944388,173.44246952421238,6287000.353566694,1342584.4353720304,389669.57738921687,83213.65995215217
Uruguay,URY,South America,ArmedForces,Correctional facilities,Dayroom,4412.989578225467,1765.1958312901872,4412.989578225467,1765.1958312901872,155.49262375916356,686187.3281401225,274474.931256049,80537.05980261478,32214.823921045918
United States,USA,Northern America,Food,Industrial,Manufacturing,4003943.4906812543,1845354.6554434993,2368322.724592364,209733.88935460887,416.278789762913,985882517.561314,87307769.63280527,48195367.44545461,4268084.648366291
United States,USA,Northern America,Health,Health care,Group treatment area,15594584.999858964,9274058.685224544,15140588.391761774,8953590.491273586,494.6359941082607,7489079990.543077,4428768133.489381,473143387.24255544,279799702.8522996
United States,USA,Northern America,Retail,Commercial/Retail,Retail,8383217.41822228,636430.4304533004,6364304.304533003,489561.86957946187,183.9890348898506,1170962206.7363489,90074015.90279609,102465299.30298136,7881946.100229337
United States,USA,Northern America,Security,Commercial/Retail,Office,2008427.1769240855,1606741.7415392685,2008427.1769240855,1606741.7415392685,173.44246952421238,348346569.4252556,278677255.5402045,21590592.15193392,17272473.721547138
United States,USA,Northern America,Transport,Commercial/Retail,Transportation waiting,5779888.816417117,4728999.940704914,4728999.940704914,3869181.7696676576,339.7263745961499,1606566005.3210883,1314463095.262709,125791398.42275071,102920235.0731597
United States,USA,Northern America,Manual,Industrial,Manufacturing,8044107.241769468,4203994.300429639,6410460.308142992,3451763.3236330203,416.278789762913,2668538658.896955,1436895858.9099638,130452867.27070989,70243383.63593197
United States,USA,Northern America,Cleaning,Commercial/Retail,Office,2475321.5202964568,344148.52924001316,1775977.4925470364,215092.8307750082,173.44246952421238,308029922.12677646,37306231.74657093,19091758.04488064,2312247.930831338
United States,USA,Northern America,Tech,Commercial/Retail,Office,4637622.1360718515,1161230.4924835486,4197924.818277593,1123049.9465537143,173.44246952421238,728098447.3590462,194784556.12931094,45127691.79648412,12072786.92545243
United States,USA,Northern America,ArmedForces,Correctional facilities,Dayroom,542087.1997585265,216834.87990341065,542087.1997585265,216834.87990341065,155.49262375916356,84290560.9967111,33716224.39868445,9893091.395593109,3957236.5582372444
Vietnam,VNM,South-eastern Asia,Food,Industrial,Manufacturing,15239408.779811721,15070613.269403445,1386473.2409904934,1217677.7305822172,416.278789762913,577159402.7981862,506893412.0080158,28214730.454156544,24779741.817348123
Vietnam,VNM,South-eastern Asia,Health,Health care,Group treatment area,640364.5074094752,374013.36334234185,623927.6451039833,362410.8723031712,494.6359941082607,308617070.9876349,179261462.097321,19497738.90949948,11325339.7594741
Vietnam,VNM,South-eastern Asia,Retail,Commercial/Retail,Retail,7490927.515143746,556817.2548514267,5568172.548514266,428320.96527032816,183.9890348898506,1024482693.3012995,78806361.0231769,89647578.03107968,6895967.540852284
Vietnam,VNM,South-eastern Asia,Security,Commercial/Retail,Office,325048.6577834779,260038.92622678238,325048.6577834779,260038.92622678238,173.44246952421238,56377241.92149701,45101793.53719761,3494273.071172388,2795418.4569379105
Vietnam,VNM,South-eastern Asia,Transport,Commercial/Retail,Transportation waiting,1912266.6758116717,1564581.8256640956,1564581.8256640956,1280112.4028160782,339.7263745961499,531529711.3918887,434887945.6842725,41617876.56266494,34050989.91490768
Vietnam,VNM,South-eastern Asia,Manual,Industrial,Manufacturing,5714945.001651195,2819855.14575718,4795510.9293583585,2403425.7855955707,416.278789762913,1996269485.9681196,1000495177.3127025,97588647.4124426,48909714.736869864
Vietnam,VNM,South-eastern Asia,Cleaning,Commercial/Retail,Office,759138.2933988849,112038.56795523918,539249.7712030382,70024.10497202448,173.44246952421238,93528812.00782146,12145153.692570604,5796935.04043266,752759.1284492632
Vietnam,VNM,South-eastern Asia,Tech,Commercial/Retail,Office,944708.3952568775,135066.35397085524,858900.6943655099,131454.4276996068,173.44246952421238,148969857.5068148,22799780.570111834,9233182.464429231,1413135.097770773
Vietnam,VNM,South-eastern Asia,ArmedForces,Correctional facilities,Dayroom,131149.76716194913,52459.906864779674,131149.76716194913,52459.906864779674,155.49262375916356,20392821.40141486,8157128.560565948,2393483.250705572,957393.3002822291
Vanuatu,VUT,Melanesia,Food,Industrial,Manufacturing,44151.151749828554,43915.96911608404,822.5541866785784,587.3715529340631,416.278789762913,342411.8613449758,244510.31919655457,16738.97769890907,11953.011102208184
Vanuatu,VUT,Melanesia,Health,Health care,Group treatment area,959.8875361374891,480.6376272612325,952.2351405047534,475.23593622636054,494.6359941082607,471009.775348388,235068.79975129582,29757.348140773545,14851.123007073767
Vanuatu,VUT,Melanesia,Retail,Commercial/Retail,Retail,8764.968296676148,609.8755774672119,6098.7557746721195,469.13505959016294,183.9890348898506,1122104.1890108264,86315.70684698662,98189.96797222113,7553.074459401624
Vanuatu,VUT,Melanesia,Security,Commercial/Retail,Office,931.8079886298788,745.446390903903,931.8079886298788,745.446390903903,173.44246952421238,161615.07867035537,129292.0629362843,10016.935877771197,8013.548702216957
Vanuatu,VUT,Melanesia,Transport,Commercial/Retail,Transportation waiting,2272.7124394915345,1859.4919959476192,1859.4919959476192,1521.4025421389615,339.7263745961499,631718.4743738434,516860.5699422356,49462.48709220668,40469.307620896376
Vanuatu,VUT,Melanesia,Manual,Industrial,Manufacturing,3871.535348792393,1197.4575397489193,3140.414438330917,893.3934270566731,416.278789762913,1307287.9217423724,371900.73459729314,63907.433820034166,18180.5562406033
Vanuatu,VUT,Melanesia,Cleaning,Commercial/Retail,Office,1777.26010927013,59.99758752753694,1431.0521014521612,37.49849220471059,173.44246952421238,248205.21049367657,6503.831091419432,15383.810090610732,403.1087912006388
Vanuatu,VUT,Melanesia,Tech,Commercial/Retail,Office,1445.8054882611211,323.20390174634394,1405.9085645168634,313.2972587003404,173.44246952421238,243844.25335504525,54339.05024415308,15113.51706855628,3367.9455310286594
Vanuatu,VUT,Melanesia,ArmedForces,Correctional facilities,Dayroom,180.27299873495247,72.10919949398098,180.27299873495247,72.10919949398098,155.49262375916356,28031.121566230133,11212.448626492052,3289.9822269128827,1315.9928907651529
Samoa,WSM,Polynesia,Food,Industrial,Manufacturing,15349.83744934358,14633.666828917747,1028.7232217187761,312.5526012929429,416.278789762913,428235.65773809695,130109.01860347654,20934.517561977096,6360.445436311388
Samoa,WSM,Polynesia,Health,Health care,Group treatment area,1040.9989100161476,541.4740676275911,1030.5146963947727,534.073446247797,494.6359941082607,509729.66129440087,264171.9500116038,32203.584262336648,16689.795195243656
Samoa,WSM,Polynesia,Retail,Commercial/Retail,Retail,4244.604013871591,326.5080010670454,3265.080010670454,251.1600008208042,183.9890348898506,600738.9200013999,46210.68615395385,52567.78817179432,4043.6760132149484
Samoa,WSM,Polynesia,Security,Commercial/Retail,Office,1436.2006440700636,1148.9605152560507,1436.2006440700636,1148.9605152560507,173.44246952421238,249098.1864397762,199278.54915182095,15439.156923753184,12351.325539002544
Samoa,WSM,Polynesia,Transport,Commercial/Retail,Transportation waiting,2314.538419040176,1893.7132519419622,1893.7132519419622,1549.4017515888784,339.7263745961499,643344.3376069283,526372.6398602141,50372.772501656196,41214.08659226417
Samoa,WSM,Polynesia,Manual,Industrial,Manufacturing,2605.154947915313,939.7879656825208,2215.089761627591,800.182708596365,416.278789762913,922094.885186553,333099.0895237045,45077.07664912148,16283.71811993603
Samoa,WSM,Polynesia,Cleaning,Commercial/Retail,Office,386.6914033043665,22.30013829442452,303.659387508285,13.937586434015325,173.44246952421238,52667.434063646724,2417.369410322779,3264.338415714064,149.82905416566473
Samoa,WSM,Polynesia,Tech,Commercial/Retail,Office,817.1766335480294,227.26353497134951,777.7166038004121,219.7698136671593,173.44246952421238,134889.08835312695,38117.41920930811,8360.45349085443,2362.5254969219623
Samoa,WSM,Polynesia,ArmedForces,Correctional facilities,Dayroom,100.92345269989833,40.36938107995934,100.92345269989833,40.36938107995934,155.49262375916356,15692.852459141031,6277.1409836564135,1841.8530117731445,736.741204709258
Kosovo,XKX,Southern Europe,Food,Industrial,Manufacturing,16565.544274075088,15028.97025860997,2050.401748006173,513.8277325410521,416.278789762913,853538.758187771,213895.58664881092,41725.675571925625,10456.39435721041
Kosovo,XKX,Southern Europe,Health,Health care,Group treatment area,20372.716756732287,11328.904539337851,20172.42007316189,11187.518645052867,494.6359941082607,9978005.056457866,5533749.406600427,630388.1272863091,349609.9576579021
Kosovo,XKX,Southern Europe,Retail,Commercial/Retail,Retail,58207.03092309768,4456.096538703003,44560.96538703003,3427.766568233079,183.9890348898506,8198729.015319693,630671.4627168993,717431.5427311836,55187.041748552576
Kosovo,XKX,Southern Europe,Security,Commercial/Retail,Office,19862.879955451146,15890.303964360917,19862.879955451146,15890.303964360917,173.44246952421238,3445066.9513364243,2756053.5610691397,213525.9595210998,170820.76761687986
Kosovo,XKX,Southern Europe,Transport,Commercial/Retail,Transportation waiting,16523.991475754738,13519.629389253876,13519.629389253876,11061.514954844082,339.7263745961499,4592974.67829478,3757888.373150275,359622.1417541531,294236.2977988526
Kosovo,XKX,Southern Europe,Manual,Industrial,Manufacturing,34252.792570742204,13804.595865774578,28089.867685955996,11626.593293114509,416.278789762913,11693216.12491012,4839904.185123309,571628.8074092045,236601.17351488027
Kosovo,XKX,Southern Europe,Cleaning,Commercial/Retail,Office,9081.382587125076,284.46284531402875,7330.7664515092065,177.78927832126794,173.44246952421238,1271466.2368550042,30836.21148696823,78805.73935372397,1911.2347419536304
Kosovo,XKX,Southern Europe,Tech,Commercial/Retail,Office,12462.511474621497,2433.548324915848,12131.87481294598,2362.621321060661,173.44246952421238,2104182.327515943,409778.8764753181,130417.65423916928,25398.17920140211
Kosovo,XKX,Southern Europe,ArmedForces,Correctional facilities,Dayroom,820.7849824002851,328.3139929601141,820.7849824002851,328.3139929601141,155.49262375916356,127626.01045553922,51050.404182215694,14979.325928805203,5991.730371522082
South Africa,ZAF,Southern Africa,Food,Industrial,Manufacturing,1826603.0570408443,1826603.0570408443,282949.84400676057,282949.84400676057,416.278789762913,117786018.62673931,117786018.62673931,5758029.325537578,5758029.325537578
South Africa,ZAF,Southern Africa,Health,Health care,Group treatment area,593311.8318726367,379823.5714221799,571701.4019555548,364569.1503042397,494.6359941082607,282784091.2893722,180329024.08194152,17865668.81111109,11392785.94700749
South Africa,ZAF,Southern Africa,Retail,Commercial/Retail,Retail,866294.6800406901,66638.05231082233,666380.5231082232,51260.0402390941,183.9890348898506,122606709.31607577,9431285.33200583,10728726.422042394,825286.6478494151
South Africa,ZAF,Southern Africa,Security,Commercial/Retail,Office,477190.7148465486,381752.571877239,477190.7148465486,381752.571877239,173.44246952421238,82765136.01700963,66212108.81360772,5129800.184600398,4103840.147680319
South Africa,ZAF,Southern Africa,Transport,Commercial/Retail,Transportation waiting,1360321.078093063,1112989.9729852336,1112989.9729852336,910628.1597151909,339.7263745961499,378112048.4841403,309364403.3052056,29605533.281407215,24222709.04842408
South Africa,ZAF,Southern Africa,Manual,Industrial,Manufacturing,1888271.0478364923,1045283.325205906,1511049.669622232,873070.7128477963,416.278789762913,629017927.7419922,363440819.7217244,30749860.776812423,17766989.006452654
South Africa,ZAF,Southern Africa,Cleaning,Commercial/Retail,Office,2106566.636383901,0.0,1755472.196986584,0.0,173.44246952421238,304473433.0264478,0.0,18871326.11760578,0.0
South Africa,ZAF,Southern Africa,Tech,Commercial/Retail,Office,1306426.31800717,250809.49490805555,1298684.603097668,243663.2965300537,173.44246952421238,225247064.6943311,42261563.88258296,13960859.48329993,2619380.437698077
South Africa,ZAF,Southern Africa,ArmedForces,Correctional facilities,Dayroom,52239.78505943365,20895.914023773465,52239.78505943365,20895.914023773465,155.49262375916356,8122901.243506091,3249160.497402437,953376.0773346641,381350.4309338657
Zambia,ZMB,Eastern Africa,Food,Industrial,Manufacturing,3264858.1931198537,3235599.510768974,61588.94637575658,32330.26402487708,416.278789762913,25638172.060072895,13458403.180991275,1253335.0587466466,657920.8729062487
Zambia,ZMB,Eastern Africa,Health,Health care,Group treatment area,54998.93731961473,33431.41492135378,53601.67083635588,32445.109168465195,494.6359941082607,26513315.74000466,16048518.827494826,1675052.2136361212,1013909.6615145373
Zambia,ZMB,Eastern Africa,Retail,Commercial/Retail,Retail,661827.6695838037,50365.96252395235,503659.62523952354,38743.04809534796,183.9890348898506,92667848.36080377,7128296.0277541345,8108919.96635633,623763.0743351021
Zambia,ZMB,Eastern Africa,Security,Commercial/Retail,Office,125836.22974388568,100668.98379510855,125836.22974388568,100668.98379510855,173.44246952421238,21825346.44239568,17460277.153916545,1352739.469746771,1082191.575797417
Zambia,ZMB,Eastern Africa,Transport,Commercial/Retail,Transportation waiting,147933.1667527351,121036.22734314691,121036.22734314691,99029.64055348384,339.7263745961499,41119198.71008269,33642980.762794934,3219563.647327708,2634188.4387226705
Zambia,ZMB,Eastern Africa,Manual,Industrial,Manufacturing,138785.01346438646,54402.86763236631,117769.31374626126,47531.688127789756,416.278789762913,49024867.39750243,19786433.60922454,2396605.534736417,967269.8534005216
Zambia,ZMB,Eastern Africa,Cleaning,Commercial/Retail,Office,131399.06447452,7632.962107574588,103138.4186391212,4770.601317234117,173.44246952421238,17888582.031591237,827424.8735765459,1108738.000370553,51283.96416026676
Zambia,ZMB,Eastern Africa,Tech,Commercial/Retail,Office,53480.006079538245,11485.155312680034,52489.42796776652,11139.975908785374,173.44246952421238,9103896.010642685,1932144.9320599674,564261.35065349,119754.74101944278
Zambia,ZMB,Eastern Africa,ArmedForces,Correctional facilities,Dayroom,16563.71946166455,6625.487784665821,16563.71946166455,6625.487784665821,155.49262375916356,2575536.198304941,1030214.4793219767,302287.88017537806,120915.15207015123
Zimbabwe,ZWE,Eastern Africa,Food,Industrial,Manufacturing,2770658.1847939948,2762469.2857501204,58091.44671324812,49902.54766937404,416.278789762913,24182237.133367676,20773372.1498931,1182160.9406145993,1015516.8450717619
Zimbabwe,ZWE,Eastern Africa,Health,Health care,Group treatment area,57642.95382186312,32311.14811601644,56739.57772816479,31673.47087340586,494.6359941082607,28065437.43485372,15666838.752326148,1773111.8040051498,989795.9647939331
Zimbabwe,ZWE,Eastern Africa,Retail,Commercial/Retail,Retail,731412.8109324665,37738.141374957624,377381.4137495762,29029.339519198176,183.9890348898506,69434042.10115191,5341080.161627072,6075840.761368177,467372.36625909066
Zimbabwe,ZWE,Eastern Africa,Security,Commercial/Retail,Office,184758.30765132201,147806.64612105762,184758.30765132201,147806.64612105762,173.44246952421238,32044937.144159473,25635949.715327583,1986151.8072517116,1588921.4458013694
Zimbabwe,ZWE,Eastern Africa,Transport,Commercial/Retail,Transportation waiting,120226.58028907914,98367.2020547011,98367.2020547011,80482.25622657363,339.7263745961499,33417932.933210555,27341945.127172273,2616567.5746550495,2140828.015626859
Zimbabwe,ZWE,Eastern Africa,Manual,Industrial,Manufacturing,354519.0691984705,164831.16763192997,282927.43183158507,132198.46646232778,416.278789762913,117776688.9135813,55031417.627450846,5757573.237772756,2690238.7925083707
Zimbabwe,ZWE,Eastern Africa,Cleaning,Commercial/Retail,Office,144861.9900666146,12743.035655673855,110099.12867578396,7964.397284796159,173.44246952421238,19095864.769991998,1381364.7333469775,1183565.6332646776,85617.2708115587
Zimbabwe,ZWE,Eastern Africa,Tech,Commercial/Retail,Office,122616.27962055661,19664.229353263647,121263.78540116218,19149.368955122554,173.44246952421238,21032290.4038317,3321313.8414067426,1303585.6930624933,205855.71626756745
Zimbabwe,ZWE,Eastern Africa,ArmedForces,Correctional facilities,Dayroom,6290.36605058754,2516.146420235016,6290.36605058754,2516.146420235016,155.49262375916356,978105.5216114239,391242.2086445696,114799.1804232226,45919.67216928904
